Copyright 1986-2022 Xilinx, Inc. All Rights Reserved. Copyright 2022-2024 Advanced Micro Devices, Inc. All Rights Reserved.
------------------------------------------------------------------------------------------------------------------------------------------------------------------------------------------------------------------------------
| Tool Version : Vivado v.2024.2 (win64) Build 5239630 Fri Nov 08 22:35:27 MST 2024
| Date         : Mon May 19 19:28:15 2025
| Host         : DESKTOP-KJS20PR running 64-bit major release  (build 9200)
| Command      : report_timing_summary -max_paths 10 -report_unconstrained -file Top_Display_timing_summary_routed.rpt -pb Top_Display_timing_summary_routed.pb -rpx Top_Display_timing_summary_routed.rpx -warn_on_violation
| Design       : Top_Display
| Device       : 7a100t-csg324
| Speed File   : -1  PRODUCTION 1.23 2018-06-13
| Design State : Routed
------------------------------------------------------------------------------------------------------------------------------------------------------------------------------------------------------------------------------

Timing Summary Report

------------------------------------------------------------------------------------------------
| Timer Settings
| --------------
------------------------------------------------------------------------------------------------

  Enable Multi Corner Analysis               :  Yes
  Enable Pessimism Removal                   :  Yes
  Pessimism Removal Resolution               :  Nearest Common Node
  Enable Input Delay Default Clock           :  No
  Enable Preset / Clear Arcs                 :  No
  Disable Flight Delays                      :  No
  Ignore I/O Paths                           :  No
  Timing Early Launch at Borrowing Latches   :  No
  Borrow Time for Max Delay Exceptions       :  Yes
  Merge Timing Exceptions                    :  Yes
  Inter-SLR Compensation                     :  Conservative

  Corner  Analyze    Analyze    
  Name    Max Paths  Min Paths  
  ------  ---------  ---------  
  Slow    Yes        Yes        
  Fast    Yes        Yes        


------------------------------------------------------------------------------------------------
| Report Methodology
| ------------------
------------------------------------------------------------------------------------------------

Rule       Severity  Description                    Violations  
---------  --------  -----------------------------  ----------  
TIMING-18  Warning   Missing input or output delay  16          

Note: This report is based on the most recent report_methodology run and may not be up-to-date. Run report_methodology on the current design for the latest report.



check_timing report

Table of Contents
-----------------
1. checking no_clock (0)
2. checking constant_clock (0)
3. checking pulse_width_clock (0)
4. checking unconstrained_internal_endpoints (0)
5. checking no_input_delay (0)
6. checking no_output_delay (15)
7. checking multiple_clock (0)
8. checking generated_clocks (0)
9. checking loops (0)
10. checking partial_input_delay (0)
11. checking partial_output_delay (0)
12. checking latch_loops (0)

1. checking no_clock (0)
------------------------
 There are 0 register/latch pins with no clock.


2. checking constant_clock (0)
------------------------------
 There are 0 register/latch pins with constant_clock.


3. checking pulse_width_clock (0)
---------------------------------
 There are 0 register/latch pins which need pulse_width check


4. checking unconstrained_internal_endpoints (0)
------------------------------------------------
 There are 0 pins that are not constrained for maximum delay.

 There are 0 pins that are not constrained for maximum delay due to constant clock.


5. checking no_input_delay (0)
------------------------------
 There are 0 input ports with no input delay specified.

 There are 0 input ports with no input delay but user has a false path constraint.


6. checking no_output_delay (15)
--------------------------------
 There are 15 ports with no output delay specified. (HIGH)

 There are 0 ports with no output delay but user has a false path constraint

 There are 0 ports with no output delay but with a timing clock defined on it or propagating through it


7. checking multiple_clock (0)
------------------------------
 There are 0 register/latch pins with multiple clocks.


8. checking generated_clocks (0)
--------------------------------
 There are 0 generated clocks that are not connected to a clock source.


9. checking loops (0)
---------------------
 There are 0 combinational loops in the design.


10. checking partial_input_delay (0)
------------------------------------
 There are 0 input ports with partial input delay specified.


11. checking partial_output_delay (0)
-------------------------------------
 There are 0 ports with partial output delay specified.


12. checking latch_loops (0)
----------------------------
 There are 0 combinational latch loops in the design through latch input



------------------------------------------------------------------------------------------------
| Design Timing Summary
| ---------------------
------------------------------------------------------------------------------------------------

    WNS(ns)      TNS(ns)  TNS Failing Endpoints  TNS Total Endpoints      WHS(ns)      THS(ns)  THS Failing Endpoints  THS Total Endpoints     WPWS(ns)     TPWS(ns)  TPWS Failing Endpoints  TPWS Total Endpoints  
    -------      -------  ---------------------  -------------------      -------      -------  ---------------------  -------------------     --------     --------  ----------------------  --------------------  
     15.407        0.000                      0                   65        0.261        0.000                      0                   65        9.500        0.000                       0                    35  


All user specified timing constraints are met.


------------------------------------------------------------------------------------------------
| Clock Summary
| -------------
------------------------------------------------------------------------------------------------

Clock        Waveform(ns)       Period(ns)      Frequency(MHz)
-----        ------------       ----------      --------------
sys_clk_pin  {0.000 10.000}     20.000          50.000          


------------------------------------------------------------------------------------------------
| Intra Clock Table
| -----------------
------------------------------------------------------------------------------------------------

Clock             WNS(ns)      TNS(ns)  TNS Failing Endpoints  TNS Total Endpoints      WHS(ns)      THS(ns)  THS Failing Endpoints  THS Total Endpoints     WPWS(ns)     TPWS(ns)  TPWS Failing Endpoints  TPWS Total Endpoints  
-----             -------      -------  ---------------------  -------------------      -------      -------  ---------------------  -------------------     --------     --------  ----------------------  --------------------  
sys_clk_pin        15.407        0.000                      0                   65        0.261        0.000                      0                   65        9.500        0.000                       0                    35  


------------------------------------------------------------------------------------------------
| Inter Clock Table
| -----------------
------------------------------------------------------------------------------------------------

From Clock    To Clock          WNS(ns)      TNS(ns)  TNS Failing Endpoints  TNS Total Endpoints      WHS(ns)      THS(ns)  THS Failing Endpoints  THS Total Endpoints  
----------    --------          -------      -------  ---------------------  -------------------      -------      -------  ---------------------  -------------------  


------------------------------------------------------------------------------------------------
| Other Path Groups Table
| -----------------------
------------------------------------------------------------------------------------------------

Path Group    From Clock    To Clock          WNS(ns)      TNS(ns)  TNS Failing Endpoints  TNS Total Endpoints      WHS(ns)      THS(ns)  THS Failing Endpoints  THS Total Endpoints  
----------    ----------    --------          -------      -------  ---------------------  -------------------      -------      -------  ---------------------  -------------------  


------------------------------------------------------------------------------------------------
| User Ignored Path Table
| -----------------------
------------------------------------------------------------------------------------------------

Path Group    From Clock    To Clock    
----------    ----------    --------    


------------------------------------------------------------------------------------------------
| Unconstrained Path Table
| ------------------------
------------------------------------------------------------------------------------------------

Path Group    From Clock    To Clock    
----------    ----------    --------    
(none)                                    
(none)        sys_clk_pin                 


------------------------------------------------------------------------------------------------
| Timing Details
| --------------
------------------------------------------------------------------------------------------------


---------------------------------------------------------------------------------------------------
From Clock:  sys_clk_pin
  To Clock:  sys_clk_pin

Setup :            0  Failing Endpoints,  Worst Slack       15.407ns,  Total Violation        0.000ns
Hold  :            0  Failing Endpoints,  Worst Slack        0.261ns,  Total Violation        0.000ns
PW    :            0  Failing Endpoints,  Worst Slack        9.500ns,  Total Violation        0.000ns
---------------------------------------------------------------------------------------------------


Max Delay Paths
--------------------------------------------------------------------------------------
Slack (MET) :             15.407ns  (required time - arrival time)
  Source:                 U5/clk_counter_reg[14]/C
                            (rising edge-triggered cell FDRE clocked by sys_clk_pin  {rise@0.000ns fall@10.000ns period=20.000ns})
  Destination:            U5/clk_counter_reg[29]/R
                            (rising edge-triggered cell FDRE clocked by sys_clk_pin  {rise@0.000ns fall@10.000ns period=20.000ns})
  Path Group:             sys_clk_pin
  Path Type:              Setup (Max at Slow Process Corner)
  Requirement:            20.000ns  (sys_clk_pin rise@20.000ns - sys_clk_pin rise@0.000ns)
  Data Path Delay:        4.110ns  (logic 0.704ns (17.130%)  route 3.406ns (82.870%))
  Logic Levels:           2  (LUT6=2)
  Clock Path Skew:        -0.019ns (DCD - SCD + CPR)
    Destination Clock Delay (DCD):    5.023ns = ( 25.023 - 20.000 ) 
    Source Clock Delay      (SCD):    5.317ns
    Clock Pessimism Removal (CPR):    0.275ns
  Clock Uncertainty:      0.035ns  ((TSJ^2 + TIJ^2)^1/2 + DJ) / 2 + PE
    Total System Jitter     (TSJ):    0.071ns
    Total Input Jitter      (TIJ):    0.000ns
    Discrete Jitter          (DJ):    0.000ns
    Phase Error              (PE):    0.000ns

    Location             Delay type                Incr(ns)  Path(ns)    Netlist Resource(s)
  -------------------------------------------------------------------    -------------------
                         (clock sys_clk_pin rise edge)
                                                      0.000     0.000 r  
    E3                                                0.000     0.000 r  CLK (IN)
                         net (fo=0)                   0.000     0.000    CLK
    E3                   IBUF (Prop_ibuf_I_O)         1.482     1.482 r  CLK_IBUF_inst/O
                         net (fo=1, routed)           2.025     3.506    CLK_IBUF
    BUFGCTRL_X0Y16       BUFG (Prop_bufg_I_O)         0.096     3.602 r  CLK_IBUF_BUFG_inst/O
                         net (fo=34, routed)          1.714     5.317    U5/CLK
    SLICE_X1Y81          FDRE                                         r  U5/clk_counter_reg[14]/C
  -------------------------------------------------------------------    -------------------
    SLICE_X1Y81          FDRE (Prop_fdre_C_Q)         0.456     5.773 f  U5/clk_counter_reg[14]/Q
                         net (fo=2, routed)           1.140     6.912    U5/clk_counter[14]
    SLICE_X0Y81          LUT6 (Prop_lut6_I3_O)        0.124     7.036 r  U5/clk_counter[30]_i_6/O
                         net (fo=1, routed)           0.808     7.844    U5/clk_counter[30]_i_6_n_0
    SLICE_X0Y80          LUT6 (Prop_lut6_I5_O)        0.124     7.968 r  U5/clk_counter[30]_i_1/O
                         net (fo=34, routed)          1.458     9.426    U5/refresh_counter
    SLICE_X1Y85          FDRE                                         r  U5/clk_counter_reg[29]/R
  -------------------------------------------------------------------    -------------------

                         (clock sys_clk_pin rise edge)
                                                     20.000    20.000 r  
    E3                                                0.000    20.000 r  CLK (IN)
                         net (fo=0)                   0.000    20.000    CLK
    E3                   IBUF (Prop_ibuf_I_O)         1.411    21.411 r  CLK_IBUF_inst/O
                         net (fo=1, routed)           1.920    23.331    CLK_IBUF
    BUFGCTRL_X0Y16       BUFG (Prop_bufg_I_O)         0.091    23.422 r  CLK_IBUF_BUFG_inst/O
                         net (fo=34, routed)          1.600    25.023    U5/CLK
    SLICE_X1Y85          FDRE                                         r  U5/clk_counter_reg[29]/C
                         clock pessimism              0.275    25.298    
                         clock uncertainty           -0.035    25.262    
    SLICE_X1Y85          FDRE (Setup_fdre_C_R)       -0.429    24.833    U5/clk_counter_reg[29]
  -------------------------------------------------------------------
                         required time                         24.833    
                         arrival time                          -9.426    
  -------------------------------------------------------------------
                         slack                                 15.407    

Slack (MET) :             15.407ns  (required time - arrival time)
  Source:                 U5/clk_counter_reg[14]/C
                            (rising edge-triggered cell FDRE clocked by sys_clk_pin  {rise@0.000ns fall@10.000ns period=20.000ns})
  Destination:            U5/clk_counter_reg[30]/R
                            (rising edge-triggered cell FDRE clocked by sys_clk_pin  {rise@0.000ns fall@10.000ns period=20.000ns})
  Path Group:             sys_clk_pin
  Path Type:              Setup (Max at Slow Process Corner)
  Requirement:            20.000ns  (sys_clk_pin rise@20.000ns - sys_clk_pin rise@0.000ns)
  Data Path Delay:        4.110ns  (logic 0.704ns (17.130%)  route 3.406ns (82.870%))
  Logic Levels:           2  (LUT6=2)
  Clock Path Skew:        -0.019ns (DCD - SCD + CPR)
    Destination Clock Delay (DCD):    5.023ns = ( 25.023 - 20.000 ) 
    Source Clock Delay      (SCD):    5.317ns
    Clock Pessimism Removal (CPR):    0.275ns
  Clock Uncertainty:      0.035ns  ((TSJ^2 + TIJ^2)^1/2 + DJ) / 2 + PE
    Total System Jitter     (TSJ):    0.071ns
    Total Input Jitter      (TIJ):    0.000ns
    Discrete Jitter          (DJ):    0.000ns
    Phase Error              (PE):    0.000ns

    Location             Delay type                Incr(ns)  Path(ns)    Netlist Resource(s)
  -------------------------------------------------------------------    -------------------
                         (clock sys_clk_pin rise edge)
                                                      0.000     0.000 r  
    E3                                                0.000     0.000 r  CLK (IN)
                         net (fo=0)                   0.000     0.000    CLK
    E3                   IBUF (Prop_ibuf_I_O)         1.482     1.482 r  CLK_IBUF_inst/O
                         net (fo=1, routed)           2.025     3.506    CLK_IBUF
    BUFGCTRL_X0Y16       BUFG (Prop_bufg_I_O)         0.096     3.602 r  CLK_IBUF_BUFG_inst/O
                         net (fo=34, routed)          1.714     5.317    U5/CLK
    SLICE_X1Y81          FDRE                                         r  U5/clk_counter_reg[14]/C
  -------------------------------------------------------------------    -------------------
    SLICE_X1Y81          FDRE (Prop_fdre_C_Q)         0.456     5.773 f  U5/clk_counter_reg[14]/Q
                         net (fo=2, routed)           1.140     6.912    U5/clk_counter[14]
    SLICE_X0Y81          LUT6 (Prop_lut6_I3_O)        0.124     7.036 r  U5/clk_counter[30]_i_6/O
                         net (fo=1, routed)           0.808     7.844    U5/clk_counter[30]_i_6_n_0
    SLICE_X0Y80          LUT6 (Prop_lut6_I5_O)        0.124     7.968 r  U5/clk_counter[30]_i_1/O
                         net (fo=34, routed)          1.458     9.426    U5/refresh_counter
    SLICE_X1Y85          FDRE                                         r  U5/clk_counter_reg[30]/R
  -------------------------------------------------------------------    -------------------

                         (clock sys_clk_pin rise edge)
                                                     20.000    20.000 r  
    E3                                                0.000    20.000 r  CLK (IN)
                         net (fo=0)                   0.000    20.000    CLK
    E3                   IBUF (Prop_ibuf_I_O)         1.411    21.411 r  CLK_IBUF_inst/O
                         net (fo=1, routed)           1.920    23.331    CLK_IBUF
    BUFGCTRL_X0Y16       BUFG (Prop_bufg_I_O)         0.091    23.422 r  CLK_IBUF_BUFG_inst/O
                         net (fo=34, routed)          1.600    25.023    U5/CLK
    SLICE_X1Y85          FDRE                                         r  U5/clk_counter_reg[30]/C
                         clock pessimism              0.275    25.298    
                         clock uncertainty           -0.035    25.262    
    SLICE_X1Y85          FDRE (Setup_fdre_C_R)       -0.429    24.833    U5/clk_counter_reg[30]
  -------------------------------------------------------------------
                         required time                         24.833    
                         arrival time                          -9.426    
  -------------------------------------------------------------------
                         slack                                 15.407    

Slack (MET) :             15.544ns  (required time - arrival time)
  Source:                 U5/clk_counter_reg[14]/C
                            (rising edge-triggered cell FDRE clocked by sys_clk_pin  {rise@0.000ns fall@10.000ns period=20.000ns})
  Destination:            U5/clk_counter_reg[25]/R
                            (rising edge-triggered cell FDRE clocked by sys_clk_pin  {rise@0.000ns fall@10.000ns period=20.000ns})
  Path Group:             sys_clk_pin
  Path Type:              Setup (Max at Slow Process Corner)
  Requirement:            20.000ns  (sys_clk_pin rise@20.000ns - sys_clk_pin rise@0.000ns)
  Data Path Delay:        3.971ns  (logic 0.704ns (17.727%)  route 3.267ns (82.273%))
  Logic Levels:           2  (LUT6=2)
  Clock Path Skew:        -0.020ns (DCD - SCD + CPR)
    Destination Clock Delay (DCD):    5.022ns = ( 25.022 - 20.000 ) 
    Source Clock Delay      (SCD):    5.317ns
    Clock Pessimism Removal (CPR):    0.275ns
  Clock Uncertainty:      0.035ns  ((TSJ^2 + TIJ^2)^1/2 + DJ) / 2 + PE
    Total System Jitter     (TSJ):    0.071ns
    Total Input Jitter      (TIJ):    0.000ns
    Discrete Jitter          (DJ):    0.000ns
    Phase Error              (PE):    0.000ns

    Location             Delay type                Incr(ns)  Path(ns)    Netlist Resource(s)
  -------------------------------------------------------------------    -------------------
                         (clock sys_clk_pin rise edge)
                                                      0.000     0.000 r  
    E3                                                0.000     0.000 r  CLK (IN)
                         net (fo=0)                   0.000     0.000    CLK
    E3                   IBUF (Prop_ibuf_I_O)         1.482     1.482 r  CLK_IBUF_inst/O
                         net (fo=1, routed)           2.025     3.506    CLK_IBUF
    BUFGCTRL_X0Y16       BUFG (Prop_bufg_I_O)         0.096     3.602 r  CLK_IBUF_BUFG_inst/O
                         net (fo=34, routed)          1.714     5.317    U5/CLK
    SLICE_X1Y81          FDRE                                         r  U5/clk_counter_reg[14]/C
  -------------------------------------------------------------------    -------------------
    SLICE_X1Y81          FDRE (Prop_fdre_C_Q)         0.456     5.773 f  U5/clk_counter_reg[14]/Q
                         net (fo=2, routed)           1.140     6.912    U5/clk_counter[14]
    SLICE_X0Y81          LUT6 (Prop_lut6_I3_O)        0.124     7.036 r  U5/clk_counter[30]_i_6/O
                         net (fo=1, routed)           0.808     7.844    U5/clk_counter[30]_i_6_n_0
    SLICE_X0Y80          LUT6 (Prop_lut6_I5_O)        0.124     7.968 r  U5/clk_counter[30]_i_1/O
                         net (fo=34, routed)          1.320     9.288    U5/refresh_counter
    SLICE_X1Y84          FDRE                                         r  U5/clk_counter_reg[25]/R
  -------------------------------------------------------------------    -------------------

                         (clock sys_clk_pin rise edge)
                                                     20.000    20.000 r  
    E3                                                0.000    20.000 r  CLK (IN)
                         net (fo=0)                   0.000    20.000    CLK
    E3                   IBUF (Prop_ibuf_I_O)         1.411    21.411 r  CLK_IBUF_inst/O
                         net (fo=1, routed)           1.920    23.331    CLK_IBUF
    BUFGCTRL_X0Y16       BUFG (Prop_bufg_I_O)         0.091    23.422 r  CLK_IBUF_BUFG_inst/O
                         net (fo=34, routed)          1.599    25.022    U5/CLK
    SLICE_X1Y84          FDRE                                         r  U5/clk_counter_reg[25]/C
                         clock pessimism              0.275    25.297    
                         clock uncertainty           -0.035    25.261    
    SLICE_X1Y84          FDRE (Setup_fdre_C_R)       -0.429    24.832    U5/clk_counter_reg[25]
  -------------------------------------------------------------------
                         required time                         24.832    
                         arrival time                          -9.288    
  -------------------------------------------------------------------
                         slack                                 15.544    

Slack (MET) :             15.544ns  (required time - arrival time)
  Source:                 U5/clk_counter_reg[14]/C
                            (rising edge-triggered cell FDRE clocked by sys_clk_pin  {rise@0.000ns fall@10.000ns period=20.000ns})
  Destination:            U5/clk_counter_reg[26]/R
                            (rising edge-triggered cell FDRE clocked by sys_clk_pin  {rise@0.000ns fall@10.000ns period=20.000ns})
  Path Group:             sys_clk_pin
  Path Type:              Setup (Max at Slow Process Corner)
  Requirement:            20.000ns  (sys_clk_pin rise@20.000ns - sys_clk_pin rise@0.000ns)
  Data Path Delay:        3.971ns  (logic 0.704ns (17.727%)  route 3.267ns (82.273%))
  Logic Levels:           2  (LUT6=2)
  Clock Path Skew:        -0.020ns (DCD - SCD + CPR)
    Destination Clock Delay (DCD):    5.022ns = ( 25.022 - 20.000 ) 
    Source Clock Delay      (SCD):    5.317ns
    Clock Pessimism Removal (CPR):    0.275ns
  Clock Uncertainty:      0.035ns  ((TSJ^2 + TIJ^2)^1/2 + DJ) / 2 + PE
    Total System Jitter     (TSJ):    0.071ns
    Total Input Jitter      (TIJ):    0.000ns
    Discrete Jitter          (DJ):    0.000ns
    Phase Error              (PE):    0.000ns

    Location             Delay type                Incr(ns)  Path(ns)    Netlist Resource(s)
  -------------------------------------------------------------------    -------------------
                         (clock sys_clk_pin rise edge)
                                                      0.000     0.000 r  
    E3                                                0.000     0.000 r  CLK (IN)
                         net (fo=0)                   0.000     0.000    CLK
    E3                   IBUF (Prop_ibuf_I_O)         1.482     1.482 r  CLK_IBUF_inst/O
                         net (fo=1, routed)           2.025     3.506    CLK_IBUF
    BUFGCTRL_X0Y16       BUFG (Prop_bufg_I_O)         0.096     3.602 r  CLK_IBUF_BUFG_inst/O
                         net (fo=34, routed)          1.714     5.317    U5/CLK
    SLICE_X1Y81          FDRE                                         r  U5/clk_counter_reg[14]/C
  -------------------------------------------------------------------    -------------------
    SLICE_X1Y81          FDRE (Prop_fdre_C_Q)         0.456     5.773 f  U5/clk_counter_reg[14]/Q
                         net (fo=2, routed)           1.140     6.912    U5/clk_counter[14]
    SLICE_X0Y81          LUT6 (Prop_lut6_I3_O)        0.124     7.036 r  U5/clk_counter[30]_i_6/O
                         net (fo=1, routed)           0.808     7.844    U5/clk_counter[30]_i_6_n_0
    SLICE_X0Y80          LUT6 (Prop_lut6_I5_O)        0.124     7.968 r  U5/clk_counter[30]_i_1/O
                         net (fo=34, routed)          1.320     9.288    U5/refresh_counter
    SLICE_X1Y84          FDRE                                         r  U5/clk_counter_reg[26]/R
  -------------------------------------------------------------------    -------------------

                         (clock sys_clk_pin rise edge)
                                                     20.000    20.000 r  
    E3                                                0.000    20.000 r  CLK (IN)
                         net (fo=0)                   0.000    20.000    CLK
    E3                   IBUF (Prop_ibuf_I_O)         1.411    21.411 r  CLK_IBUF_inst/O
                         net (fo=1, routed)           1.920    23.331    CLK_IBUF
    BUFGCTRL_X0Y16       BUFG (Prop_bufg_I_O)         0.091    23.422 r  CLK_IBUF_BUFG_inst/O
                         net (fo=34, routed)          1.599    25.022    U5/CLK
    SLICE_X1Y84          FDRE                                         r  U5/clk_counter_reg[26]/C
                         clock pessimism              0.275    25.297    
                         clock uncertainty           -0.035    25.261    
    SLICE_X1Y84          FDRE (Setup_fdre_C_R)       -0.429    24.832    U5/clk_counter_reg[26]
  -------------------------------------------------------------------
                         required time                         24.832    
                         arrival time                          -9.288    
  -------------------------------------------------------------------
                         slack                                 15.544    

Slack (MET) :             15.544ns  (required time - arrival time)
  Source:                 U5/clk_counter_reg[14]/C
                            (rising edge-triggered cell FDRE clocked by sys_clk_pin  {rise@0.000ns fall@10.000ns period=20.000ns})
  Destination:            U5/clk_counter_reg[27]/R
                            (rising edge-triggered cell FDRE clocked by sys_clk_pin  {rise@0.000ns fall@10.000ns period=20.000ns})
  Path Group:             sys_clk_pin
  Path Type:              Setup (Max at Slow Process Corner)
  Requirement:            20.000ns  (sys_clk_pin rise@20.000ns - sys_clk_pin rise@0.000ns)
  Data Path Delay:        3.971ns  (logic 0.704ns (17.727%)  route 3.267ns (82.273%))
  Logic Levels:           2  (LUT6=2)
  Clock Path Skew:        -0.020ns (DCD - SCD + CPR)
    Destination Clock Delay (DCD):    5.022ns = ( 25.022 - 20.000 ) 
    Source Clock Delay      (SCD):    5.317ns
    Clock Pessimism Removal (CPR):    0.275ns
  Clock Uncertainty:      0.035ns  ((TSJ^2 + TIJ^2)^1/2 + DJ) / 2 + PE
    Total System Jitter     (TSJ):    0.071ns
    Total Input Jitter      (TIJ):    0.000ns
    Discrete Jitter          (DJ):    0.000ns
    Phase Error              (PE):    0.000ns

    Location             Delay type                Incr(ns)  Path(ns)    Netlist Resource(s)
  -------------------------------------------------------------------    -------------------
                         (clock sys_clk_pin rise edge)
                                                      0.000     0.000 r  
    E3                                                0.000     0.000 r  CLK (IN)
                         net (fo=0)                   0.000     0.000    CLK
    E3                   IBUF (Prop_ibuf_I_O)         1.482     1.482 r  CLK_IBUF_inst/O
                         net (fo=1, routed)           2.025     3.506    CLK_IBUF
    BUFGCTRL_X0Y16       BUFG (Prop_bufg_I_O)         0.096     3.602 r  CLK_IBUF_BUFG_inst/O
                         net (fo=34, routed)          1.714     5.317    U5/CLK
    SLICE_X1Y81          FDRE                                         r  U5/clk_counter_reg[14]/C
  -------------------------------------------------------------------    -------------------
    SLICE_X1Y81          FDRE (Prop_fdre_C_Q)         0.456     5.773 f  U5/clk_counter_reg[14]/Q
                         net (fo=2, routed)           1.140     6.912    U5/clk_counter[14]
    SLICE_X0Y81          LUT6 (Prop_lut6_I3_O)        0.124     7.036 r  U5/clk_counter[30]_i_6/O
                         net (fo=1, routed)           0.808     7.844    U5/clk_counter[30]_i_6_n_0
    SLICE_X0Y80          LUT6 (Prop_lut6_I5_O)        0.124     7.968 r  U5/clk_counter[30]_i_1/O
                         net (fo=34, routed)          1.320     9.288    U5/refresh_counter
    SLICE_X1Y84          FDRE                                         r  U5/clk_counter_reg[27]/R
  -------------------------------------------------------------------    -------------------

                         (clock sys_clk_pin rise edge)
                                                     20.000    20.000 r  
    E3                                                0.000    20.000 r  CLK (IN)
                         net (fo=0)                   0.000    20.000    CLK
    E3                   IBUF (Prop_ibuf_I_O)         1.411    21.411 r  CLK_IBUF_inst/O
                         net (fo=1, routed)           1.920    23.331    CLK_IBUF
    BUFGCTRL_X0Y16       BUFG (Prop_bufg_I_O)         0.091    23.422 r  CLK_IBUF_BUFG_inst/O
                         net (fo=34, routed)          1.599    25.022    U5/CLK
    SLICE_X1Y84          FDRE                                         r  U5/clk_counter_reg[27]/C
                         clock pessimism              0.275    25.297    
                         clock uncertainty           -0.035    25.261    
    SLICE_X1Y84          FDRE (Setup_fdre_C_R)       -0.429    24.832    U5/clk_counter_reg[27]
  -------------------------------------------------------------------
                         required time                         24.832    
                         arrival time                          -9.288    
  -------------------------------------------------------------------
                         slack                                 15.544    

Slack (MET) :             15.544ns  (required time - arrival time)
  Source:                 U5/clk_counter_reg[14]/C
                            (rising edge-triggered cell FDRE clocked by sys_clk_pin  {rise@0.000ns fall@10.000ns period=20.000ns})
  Destination:            U5/clk_counter_reg[28]/R
                            (rising edge-triggered cell FDRE clocked by sys_clk_pin  {rise@0.000ns fall@10.000ns period=20.000ns})
  Path Group:             sys_clk_pin
  Path Type:              Setup (Max at Slow Process Corner)
  Requirement:            20.000ns  (sys_clk_pin rise@20.000ns - sys_clk_pin rise@0.000ns)
  Data Path Delay:        3.971ns  (logic 0.704ns (17.727%)  route 3.267ns (82.273%))
  Logic Levels:           2  (LUT6=2)
  Clock Path Skew:        -0.020ns (DCD - SCD + CPR)
    Destination Clock Delay (DCD):    5.022ns = ( 25.022 - 20.000 ) 
    Source Clock Delay      (SCD):    5.317ns
    Clock Pessimism Removal (CPR):    0.275ns
  Clock Uncertainty:      0.035ns  ((TSJ^2 + TIJ^2)^1/2 + DJ) / 2 + PE
    Total System Jitter     (TSJ):    0.071ns
    Total Input Jitter      (TIJ):    0.000ns
    Discrete Jitter          (DJ):    0.000ns
    Phase Error              (PE):    0.000ns

    Location             Delay type                Incr(ns)  Path(ns)    Netlist Resource(s)
  -------------------------------------------------------------------    -------------------
                         (clock sys_clk_pin rise edge)
                                                      0.000     0.000 r  
    E3                                                0.000     0.000 r  CLK (IN)
                         net (fo=0)                   0.000     0.000    CLK
    E3                   IBUF (Prop_ibuf_I_O)         1.482     1.482 r  CLK_IBUF_inst/O
                         net (fo=1, routed)           2.025     3.506    CLK_IBUF
    BUFGCTRL_X0Y16       BUFG (Prop_bufg_I_O)         0.096     3.602 r  CLK_IBUF_BUFG_inst/O
                         net (fo=34, routed)          1.714     5.317    U5/CLK
    SLICE_X1Y81          FDRE                                         r  U5/clk_counter_reg[14]/C
  -------------------------------------------------------------------    -------------------
    SLICE_X1Y81          FDRE (Prop_fdre_C_Q)         0.456     5.773 f  U5/clk_counter_reg[14]/Q
                         net (fo=2, routed)           1.140     6.912    U5/clk_counter[14]
    SLICE_X0Y81          LUT6 (Prop_lut6_I3_O)        0.124     7.036 r  U5/clk_counter[30]_i_6/O
                         net (fo=1, routed)           0.808     7.844    U5/clk_counter[30]_i_6_n_0
    SLICE_X0Y80          LUT6 (Prop_lut6_I5_O)        0.124     7.968 r  U5/clk_counter[30]_i_1/O
                         net (fo=34, routed)          1.320     9.288    U5/refresh_counter
    SLICE_X1Y84          FDRE                                         r  U5/clk_counter_reg[28]/R
  -------------------------------------------------------------------    -------------------

                         (clock sys_clk_pin rise edge)
                                                     20.000    20.000 r  
    E3                                                0.000    20.000 r  CLK (IN)
                         net (fo=0)                   0.000    20.000    CLK
    E3                   IBUF (Prop_ibuf_I_O)         1.411    21.411 r  CLK_IBUF_inst/O
                         net (fo=1, routed)           1.920    23.331    CLK_IBUF
    BUFGCTRL_X0Y16       BUFG (Prop_bufg_I_O)         0.091    23.422 r  CLK_IBUF_BUFG_inst/O
                         net (fo=34, routed)          1.599    25.022    U5/CLK
    SLICE_X1Y84          FDRE                                         r  U5/clk_counter_reg[28]/C
                         clock pessimism              0.275    25.297    
                         clock uncertainty           -0.035    25.261    
    SLICE_X1Y84          FDRE (Setup_fdre_C_R)       -0.429    24.832    U5/clk_counter_reg[28]
  -------------------------------------------------------------------
                         required time                         24.832    
                         arrival time                          -9.288    
  -------------------------------------------------------------------
                         slack                                 15.544    

Slack (MET) :             15.692ns  (required time - arrival time)
  Source:                 U5/clk_counter_reg[14]/C
                            (rising edge-triggered cell FDRE clocked by sys_clk_pin  {rise@0.000ns fall@10.000ns period=20.000ns})
  Destination:            U5/clk_counter_reg[21]/R
                            (rising edge-triggered cell FDRE clocked by sys_clk_pin  {rise@0.000ns fall@10.000ns period=20.000ns})
  Path Group:             sys_clk_pin
  Path Type:              Setup (Max at Slow Process Corner)
  Requirement:            20.000ns  (sys_clk_pin rise@20.000ns - sys_clk_pin rise@0.000ns)
  Data Path Delay:        3.823ns  (logic 0.704ns (18.415%)  route 3.119ns (81.585%))
  Logic Levels:           2  (LUT6=2)
  Clock Path Skew:        -0.021ns (DCD - SCD + CPR)
    Destination Clock Delay (DCD):    5.021ns = ( 25.021 - 20.000 ) 
    Source Clock Delay      (SCD):    5.317ns
    Clock Pessimism Removal (CPR):    0.275ns
  Clock Uncertainty:      0.035ns  ((TSJ^2 + TIJ^2)^1/2 + DJ) / 2 + PE
    Total System Jitter     (TSJ):    0.071ns
    Total Input Jitter      (TIJ):    0.000ns
    Discrete Jitter          (DJ):    0.000ns
    Phase Error              (PE):    0.000ns

    Location             Delay type                Incr(ns)  Path(ns)    Netlist Resource(s)
  -------------------------------------------------------------------    -------------------
                         (clock sys_clk_pin rise edge)
                                                      0.000     0.000 r  
    E3                                                0.000     0.000 r  CLK (IN)
                         net (fo=0)                   0.000     0.000    CLK
    E3                   IBUF (Prop_ibuf_I_O)         1.482     1.482 r  CLK_IBUF_inst/O
                         net (fo=1, routed)           2.025     3.506    CLK_IBUF
    BUFGCTRL_X0Y16       BUFG (Prop_bufg_I_O)         0.096     3.602 r  CLK_IBUF_BUFG_inst/O
                         net (fo=34, routed)          1.714     5.317    U5/CLK
    SLICE_X1Y81          FDRE                                         r  U5/clk_counter_reg[14]/C
  -------------------------------------------------------------------    -------------------
    SLICE_X1Y81          FDRE (Prop_fdre_C_Q)         0.456     5.773 f  U5/clk_counter_reg[14]/Q
                         net (fo=2, routed)           1.140     6.912    U5/clk_counter[14]
    SLICE_X0Y81          LUT6 (Prop_lut6_I3_O)        0.124     7.036 r  U5/clk_counter[30]_i_6/O
                         net (fo=1, routed)           0.808     7.844    U5/clk_counter[30]_i_6_n_0
    SLICE_X0Y80          LUT6 (Prop_lut6_I5_O)        0.124     7.968 r  U5/clk_counter[30]_i_1/O
                         net (fo=34, routed)          1.171     9.140    U5/refresh_counter
    SLICE_X1Y83          FDRE                                         r  U5/clk_counter_reg[21]/R
  -------------------------------------------------------------------    -------------------

                         (clock sys_clk_pin rise edge)
                                                     20.000    20.000 r  
    E3                                                0.000    20.000 r  CLK (IN)
                         net (fo=0)                   0.000    20.000    CLK
    E3                   IBUF (Prop_ibuf_I_O)         1.411    21.411 r  CLK_IBUF_inst/O
                         net (fo=1, routed)           1.920    23.331    CLK_IBUF
    BUFGCTRL_X0Y16       BUFG (Prop_bufg_I_O)         0.091    23.422 r  CLK_IBUF_BUFG_inst/O
                         net (fo=34, routed)          1.598    25.021    U5/CLK
    SLICE_X1Y83          FDRE                                         r  U5/clk_counter_reg[21]/C
                         clock pessimism              0.275    25.296    
                         clock uncertainty           -0.035    25.260    
    SLICE_X1Y83          FDRE (Setup_fdre_C_R)       -0.429    24.831    U5/clk_counter_reg[21]
  -------------------------------------------------------------------
                         required time                         24.831    
                         arrival time                          -9.140    
  -------------------------------------------------------------------
                         slack                                 15.692    

Slack (MET) :             15.692ns  (required time - arrival time)
  Source:                 U5/clk_counter_reg[14]/C
                            (rising edge-triggered cell FDRE clocked by sys_clk_pin  {rise@0.000ns fall@10.000ns period=20.000ns})
  Destination:            U5/clk_counter_reg[22]/R
                            (rising edge-triggered cell FDRE clocked by sys_clk_pin  {rise@0.000ns fall@10.000ns period=20.000ns})
  Path Group:             sys_clk_pin
  Path Type:              Setup (Max at Slow Process Corner)
  Requirement:            20.000ns  (sys_clk_pin rise@20.000ns - sys_clk_pin rise@0.000ns)
  Data Path Delay:        3.823ns  (logic 0.704ns (18.415%)  route 3.119ns (81.585%))
  Logic Levels:           2  (LUT6=2)
  Clock Path Skew:        -0.021ns (DCD - SCD + CPR)
    Destination Clock Delay (DCD):    5.021ns = ( 25.021 - 20.000 ) 
    Source Clock Delay      (SCD):    5.317ns
    Clock Pessimism Removal (CPR):    0.275ns
  Clock Uncertainty:      0.035ns  ((TSJ^2 + TIJ^2)^1/2 + DJ) / 2 + PE
    Total System Jitter     (TSJ):    0.071ns
    Total Input Jitter      (TIJ):    0.000ns
    Discrete Jitter          (DJ):    0.000ns
    Phase Error              (PE):    0.000ns

    Location             Delay type                Incr(ns)  Path(ns)    Netlist Resource(s)
  -------------------------------------------------------------------    -------------------
                         (clock sys_clk_pin rise edge)
                                                      0.000     0.000 r  
    E3                                                0.000     0.000 r  CLK (IN)
                         net (fo=0)                   0.000     0.000    CLK
    E3                   IBUF (Prop_ibuf_I_O)         1.482     1.482 r  CLK_IBUF_inst/O
                         net (fo=1, routed)           2.025     3.506    CLK_IBUF
    BUFGCTRL_X0Y16       BUFG (Prop_bufg_I_O)         0.096     3.602 r  CLK_IBUF_BUFG_inst/O
                         net (fo=34, routed)          1.714     5.317    U5/CLK
    SLICE_X1Y81          FDRE                                         r  U5/clk_counter_reg[14]/C
  -------------------------------------------------------------------    -------------------
    SLICE_X1Y81          FDRE (Prop_fdre_C_Q)         0.456     5.773 f  U5/clk_counter_reg[14]/Q
                         net (fo=2, routed)           1.140     6.912    U5/clk_counter[14]
    SLICE_X0Y81          LUT6 (Prop_lut6_I3_O)        0.124     7.036 r  U5/clk_counter[30]_i_6/O
                         net (fo=1, routed)           0.808     7.844    U5/clk_counter[30]_i_6_n_0
    SLICE_X0Y80          LUT6 (Prop_lut6_I5_O)        0.124     7.968 r  U5/clk_counter[30]_i_1/O
                         net (fo=34, routed)          1.171     9.140    U5/refresh_counter
    SLICE_X1Y83          FDRE                                         r  U5/clk_counter_reg[22]/R
  -------------------------------------------------------------------    -------------------

                         (clock sys_clk_pin rise edge)
                                                     20.000    20.000 r  
    E3                                                0.000    20.000 r  CLK (IN)
                         net (fo=0)                   0.000    20.000    CLK
    E3                   IBUF (Prop_ibuf_I_O)         1.411    21.411 r  CLK_IBUF_inst/O
                         net (fo=1, routed)           1.920    23.331    CLK_IBUF
    BUFGCTRL_X0Y16       BUFG (Prop_bufg_I_O)         0.091    23.422 r  CLK_IBUF_BUFG_inst/O
                         net (fo=34, routed)          1.598    25.021    U5/CLK
    SLICE_X1Y83          FDRE                                         r  U5/clk_counter_reg[22]/C
                         clock pessimism              0.275    25.296    
                         clock uncertainty           -0.035    25.260    
    SLICE_X1Y83          FDRE (Setup_fdre_C_R)       -0.429    24.831    U5/clk_counter_reg[22]
  -------------------------------------------------------------------
                         required time                         24.831    
                         arrival time                          -9.140    
  -------------------------------------------------------------------
                         slack                                 15.692    

Slack (MET) :             15.692ns  (required time - arrival time)
  Source:                 U5/clk_counter_reg[14]/C
                            (rising edge-triggered cell FDRE clocked by sys_clk_pin  {rise@0.000ns fall@10.000ns period=20.000ns})
  Destination:            U5/clk_counter_reg[23]/R
                            (rising edge-triggered cell FDRE clocked by sys_clk_pin  {rise@0.000ns fall@10.000ns period=20.000ns})
  Path Group:             sys_clk_pin
  Path Type:              Setup (Max at Slow Process Corner)
  Requirement:            20.000ns  (sys_clk_pin rise@20.000ns - sys_clk_pin rise@0.000ns)
  Data Path Delay:        3.823ns  (logic 0.704ns (18.415%)  route 3.119ns (81.585%))
  Logic Levels:           2  (LUT6=2)
  Clock Path Skew:        -0.021ns (DCD - SCD + CPR)
    Destination Clock Delay (DCD):    5.021ns = ( 25.021 - 20.000 ) 
    Source Clock Delay      (SCD):    5.317ns
    Clock Pessimism Removal (CPR):    0.275ns
  Clock Uncertainty:      0.035ns  ((TSJ^2 + TIJ^2)^1/2 + DJ) / 2 + PE
    Total System Jitter     (TSJ):    0.071ns
    Total Input Jitter      (TIJ):    0.000ns
    Discrete Jitter          (DJ):    0.000ns
    Phase Error              (PE):    0.000ns

    Location             Delay type                Incr(ns)  Path(ns)    Netlist Resource(s)
  -------------------------------------------------------------------    -------------------
                         (clock sys_clk_pin rise edge)
                                                      0.000     0.000 r  
    E3                                                0.000     0.000 r  CLK (IN)
                         net (fo=0)                   0.000     0.000    CLK
    E3                   IBUF (Prop_ibuf_I_O)         1.482     1.482 r  CLK_IBUF_inst/O
                         net (fo=1, routed)           2.025     3.506    CLK_IBUF
    BUFGCTRL_X0Y16       BUFG (Prop_bufg_I_O)         0.096     3.602 r  CLK_IBUF_BUFG_inst/O
                         net (fo=34, routed)          1.714     5.317    U5/CLK
    SLICE_X1Y81          FDRE                                         r  U5/clk_counter_reg[14]/C
  -------------------------------------------------------------------    -------------------
    SLICE_X1Y81          FDRE (Prop_fdre_C_Q)         0.456     5.773 f  U5/clk_counter_reg[14]/Q
                         net (fo=2, routed)           1.140     6.912    U5/clk_counter[14]
    SLICE_X0Y81          LUT6 (Prop_lut6_I3_O)        0.124     7.036 r  U5/clk_counter[30]_i_6/O
                         net (fo=1, routed)           0.808     7.844    U5/clk_counter[30]_i_6_n_0
    SLICE_X0Y80          LUT6 (Prop_lut6_I5_O)        0.124     7.968 r  U5/clk_counter[30]_i_1/O
                         net (fo=34, routed)          1.171     9.140    U5/refresh_counter
    SLICE_X1Y83          FDRE                                         r  U5/clk_counter_reg[23]/R
  -------------------------------------------------------------------    -------------------

                         (clock sys_clk_pin rise edge)
                                                     20.000    20.000 r  
    E3                                                0.000    20.000 r  CLK (IN)
                         net (fo=0)                   0.000    20.000    CLK
    E3                   IBUF (Prop_ibuf_I_O)         1.411    21.411 r  CLK_IBUF_inst/O
                         net (fo=1, routed)           1.920    23.331    CLK_IBUF
    BUFGCTRL_X0Y16       BUFG (Prop_bufg_I_O)         0.091    23.422 r  CLK_IBUF_BUFG_inst/O
                         net (fo=34, routed)          1.598    25.021    U5/CLK
    SLICE_X1Y83          FDRE                                         r  U5/clk_counter_reg[23]/C
                         clock pessimism              0.275    25.296    
                         clock uncertainty           -0.035    25.260    
    SLICE_X1Y83          FDRE (Setup_fdre_C_R)       -0.429    24.831    U5/clk_counter_reg[23]
  -------------------------------------------------------------------
                         required time                         24.831    
                         arrival time                          -9.140    
  -------------------------------------------------------------------
                         slack                                 15.692    

Slack (MET) :             15.692ns  (required time - arrival time)
  Source:                 U5/clk_counter_reg[14]/C
                            (rising edge-triggered cell FDRE clocked by sys_clk_pin  {rise@0.000ns fall@10.000ns period=20.000ns})
  Destination:            U5/clk_counter_reg[24]/R
                            (rising edge-triggered cell FDRE clocked by sys_clk_pin  {rise@0.000ns fall@10.000ns period=20.000ns})
  Path Group:             sys_clk_pin
  Path Type:              Setup (Max at Slow Process Corner)
  Requirement:            20.000ns  (sys_clk_pin rise@20.000ns - sys_clk_pin rise@0.000ns)
  Data Path Delay:        3.823ns  (logic 0.704ns (18.415%)  route 3.119ns (81.585%))
  Logic Levels:           2  (LUT6=2)
  Clock Path Skew:        -0.021ns (DCD - SCD + CPR)
    Destination Clock Delay (DCD):    5.021ns = ( 25.021 - 20.000 ) 
    Source Clock Delay      (SCD):    5.317ns
    Clock Pessimism Removal (CPR):    0.275ns
  Clock Uncertainty:      0.035ns  ((TSJ^2 + TIJ^2)^1/2 + DJ) / 2 + PE
    Total System Jitter     (TSJ):    0.071ns
    Total Input Jitter      (TIJ):    0.000ns
    Discrete Jitter          (DJ):    0.000ns
    Phase Error              (PE):    0.000ns

    Location             Delay type                Incr(ns)  Path(ns)    Netlist Resource(s)
  -------------------------------------------------------------------    -------------------
                         (clock sys_clk_pin rise edge)
                                                      0.000     0.000 r  
    E3                                                0.000     0.000 r  CLK (IN)
                         net (fo=0)                   0.000     0.000    CLK
    E3                   IBUF (Prop_ibuf_I_O)         1.482     1.482 r  CLK_IBUF_inst/O
                         net (fo=1, routed)           2.025     3.506    CLK_IBUF
    BUFGCTRL_X0Y16       BUFG (Prop_bufg_I_O)         0.096     3.602 r  CLK_IBUF_BUFG_inst/O
                         net (fo=34, routed)          1.714     5.317    U5/CLK
    SLICE_X1Y81          FDRE                                         r  U5/clk_counter_reg[14]/C
  -------------------------------------------------------------------    -------------------
    SLICE_X1Y81          FDRE (Prop_fdre_C_Q)         0.456     5.773 f  U5/clk_counter_reg[14]/Q
                         net (fo=2, routed)           1.140     6.912    U5/clk_counter[14]
    SLICE_X0Y81          LUT6 (Prop_lut6_I3_O)        0.124     7.036 r  U5/clk_counter[30]_i_6/O
                         net (fo=1, routed)           0.808     7.844    U5/clk_counter[30]_i_6_n_0
    SLICE_X0Y80          LUT6 (Prop_lut6_I5_O)        0.124     7.968 r  U5/clk_counter[30]_i_1/O
                         net (fo=34, routed)          1.171     9.140    U5/refresh_counter
    SLICE_X1Y83          FDRE                                         r  U5/clk_counter_reg[24]/R
  -------------------------------------------------------------------    -------------------

                         (clock sys_clk_pin rise edge)
                                                     20.000    20.000 r  
    E3                                                0.000    20.000 r  CLK (IN)
                         net (fo=0)                   0.000    20.000    CLK
    E3                   IBUF (Prop_ibuf_I_O)         1.411    21.411 r  CLK_IBUF_inst/O
                         net (fo=1, routed)           1.920    23.331    CLK_IBUF
    BUFGCTRL_X0Y16       BUFG (Prop_bufg_I_O)         0.091    23.422 r  CLK_IBUF_BUFG_inst/O
                         net (fo=34, routed)          1.598    25.021    U5/CLK
    SLICE_X1Y83          FDRE                                         r  U5/clk_counter_reg[24]/C
                         clock pessimism              0.275    25.296    
                         clock uncertainty           -0.035    25.260    
    SLICE_X1Y83          FDRE (Setup_fdre_C_R)       -0.429    24.831    U5/clk_counter_reg[24]
  -------------------------------------------------------------------
                         required time                         24.831    
                         arrival time                          -9.140    
  -------------------------------------------------------------------
                         slack                                 15.692    





Min Delay Paths
--------------------------------------------------------------------------------------
Slack (MET) :             0.261ns  (arrival time - required time)
  Source:                 U5/clk_counter_reg[4]/C
                            (rising edge-triggered cell FDRE clocked by sys_clk_pin  {rise@0.000ns fall@10.000ns period=20.000ns})
  Destination:            U5/clk_counter_reg[4]/D
                            (rising edge-triggered cell FDRE clocked by sys_clk_pin  {rise@0.000ns fall@10.000ns period=20.000ns})
  Path Group:             sys_clk_pin
  Path Type:              Hold (Min at Fast Process Corner)
  Requirement:            0.000ns  (sys_clk_pin rise@0.000ns - sys_clk_pin rise@0.000ns)
  Data Path Delay:        0.366ns  (logic 0.249ns (68.025%)  route 0.117ns (31.975%))
  Logic Levels:           1  (CARRY4=1)
  Clock Path Skew:        0.000ns (DCD - SCD - CPR)
    Destination Clock Delay (DCD):    2.030ns
    Source Clock Delay      (SCD):    1.513ns
    Clock Pessimism Removal (CPR):    0.516ns

    Location             Delay type                Incr(ns)  Path(ns)    Netlist Resource(s)
  -------------------------------------------------------------------    -------------------
                         (clock sys_clk_pin rise edge)
                                                      0.000     0.000 r  
    E3                                                0.000     0.000 r  CLK (IN)
                         net (fo=0)                   0.000     0.000    CLK
    E3                   IBUF (Prop_ibuf_I_O)         0.250     0.250 r  CLK_IBUF_inst/O
                         net (fo=1, routed)           0.644     0.894    CLK_IBUF
    BUFGCTRL_X0Y16       BUFG (Prop_bufg_I_O)         0.026     0.920 r  CLK_IBUF_BUFG_inst/O
                         net (fo=34, routed)          0.594     1.513    U5/CLK
    SLICE_X1Y78          FDRE                                         r  U5/clk_counter_reg[4]/C
  -------------------------------------------------------------------    -------------------
    SLICE_X1Y78          FDRE (Prop_fdre_C_Q)         0.141     1.654 r  U5/clk_counter_reg[4]/Q
                         net (fo=2, routed)           0.117     1.771    U5/clk_counter[4]
    SLICE_X1Y78          CARRY4 (Prop_carry4_S[3]_O[3])
                                                      0.108     1.879 r  U5/clk_counter0_carry/O[3]
                         net (fo=1, routed)           0.000     1.879    U5/clk_counter0_carry_n_4
    SLICE_X1Y78          FDRE                                         r  U5/clk_counter_reg[4]/D
  -------------------------------------------------------------------    -------------------

                         (clock sys_clk_pin rise edge)
                                                      0.000     0.000 r  
    E3                                                0.000     0.000 r  CLK (IN)
                         net (fo=0)                   0.000     0.000    CLK
    E3                   IBUF (Prop_ibuf_I_O)         0.438     0.438 r  CLK_IBUF_inst/O
                         net (fo=1, routed)           0.699     1.136    CLK_IBUF
    BUFGCTRL_X0Y16       BUFG (Prop_bufg_I_O)         0.029     1.165 r  CLK_IBUF_BUFG_inst/O
                         net (fo=34, routed)          0.865     2.030    U5/CLK
    SLICE_X1Y78          FDRE                                         r  U5/clk_counter_reg[4]/C
                         clock pessimism             -0.516     1.513    
    SLICE_X1Y78          FDRE (Hold_fdre_C_D)         0.105     1.618    U5/clk_counter_reg[4]
  -------------------------------------------------------------------
                         required time                         -1.618    
                         arrival time                           1.879    
  -------------------------------------------------------------------
                         slack                                  0.261    

Slack (MET) :             0.261ns  (arrival time - required time)
  Source:                 U5/clk_counter_reg[24]/C
                            (rising edge-triggered cell FDRE clocked by sys_clk_pin  {rise@0.000ns fall@10.000ns period=20.000ns})
  Destination:            U5/clk_counter_reg[24]/D
                            (rising edge-triggered cell FDRE clocked by sys_clk_pin  {rise@0.000ns fall@10.000ns period=20.000ns})
  Path Group:             sys_clk_pin
  Path Type:              Hold (Min at Fast Process Corner)
  Requirement:            0.000ns  (sys_clk_pin rise@0.000ns - sys_clk_pin rise@0.000ns)
  Data Path Delay:        0.366ns  (logic 0.249ns (67.994%)  route 0.117ns (32.006%))
  Logic Levels:           1  (CARRY4=1)
  Clock Path Skew:        0.000ns (DCD - SCD - CPR)
    Destination Clock Delay (DCD):    2.035ns
    Source Clock Delay      (SCD):    1.518ns
    Clock Pessimism Removal (CPR):    0.516ns

    Location             Delay type                Incr(ns)  Path(ns)    Netlist Resource(s)
  -------------------------------------------------------------------    -------------------
                         (clock sys_clk_pin rise edge)
                                                      0.000     0.000 r  
    E3                                                0.000     0.000 r  CLK (IN)
                         net (fo=0)                   0.000     0.000    CLK
    E3                   IBUF (Prop_ibuf_I_O)         0.250     0.250 r  CLK_IBUF_inst/O
                         net (fo=1, routed)           0.644     0.894    CLK_IBUF
    BUFGCTRL_X0Y16       BUFG (Prop_bufg_I_O)         0.026     0.920 r  CLK_IBUF_BUFG_inst/O
                         net (fo=34, routed)          0.599     1.518    U5/CLK
    SLICE_X1Y83          FDRE                                         r  U5/clk_counter_reg[24]/C
  -------------------------------------------------------------------    -------------------
    SLICE_X1Y83          FDRE (Prop_fdre_C_Q)         0.141     1.659 r  U5/clk_counter_reg[24]/Q
                         net (fo=2, routed)           0.117     1.777    U5/clk_counter[24]
    SLICE_X1Y83          CARRY4 (Prop_carry4_S[3]_O[3])
                                                      0.108     1.885 r  U5/clk_counter0_carry__4/O[3]
                         net (fo=1, routed)           0.000     1.885    U5/clk_counter0_carry__4_n_4
    SLICE_X1Y83          FDRE                                         r  U5/clk_counter_reg[24]/D
  -------------------------------------------------------------------    -------------------

                         (clock sys_clk_pin rise edge)
                                                      0.000     0.000 r  
    E3                                                0.000     0.000 r  CLK (IN)
                         net (fo=0)                   0.000     0.000    CLK
    E3                   IBUF (Prop_ibuf_I_O)         0.438     0.438 r  CLK_IBUF_inst/O
                         net (fo=1, routed)           0.699     1.136    CLK_IBUF
    BUFGCTRL_X0Y16       BUFG (Prop_bufg_I_O)         0.029     1.165 r  CLK_IBUF_BUFG_inst/O
                         net (fo=34, routed)          0.870     2.035    U5/CLK
    SLICE_X1Y83          FDRE                                         r  U5/clk_counter_reg[24]/C
                         clock pessimism             -0.516     1.518    
    SLICE_X1Y83          FDRE (Hold_fdre_C_D)         0.105     1.623    U5/clk_counter_reg[24]
  -------------------------------------------------------------------
                         required time                         -1.623    
                         arrival time                           1.885    
  -------------------------------------------------------------------
                         slack                                  0.261    

Slack (MET) :             0.261ns  (arrival time - required time)
  Source:                 U5/clk_counter_reg[28]/C
                            (rising edge-triggered cell FDRE clocked by sys_clk_pin  {rise@0.000ns fall@10.000ns period=20.000ns})
  Destination:            U5/clk_counter_reg[28]/D
                            (rising edge-triggered cell FDRE clocked by sys_clk_pin  {rise@0.000ns fall@10.000ns period=20.000ns})
  Path Group:             sys_clk_pin
  Path Type:              Hold (Min at Fast Process Corner)
  Requirement:            0.000ns  (sys_clk_pin rise@0.000ns - sys_clk_pin rise@0.000ns)
  Data Path Delay:        0.366ns  (logic 0.249ns (67.994%)  route 0.117ns (32.006%))
  Logic Levels:           1  (CARRY4=1)
  Clock Path Skew:        0.000ns (DCD - SCD - CPR)
    Destination Clock Delay (DCD):    2.036ns
    Source Clock Delay      (SCD):    1.519ns
    Clock Pessimism Removal (CPR):    0.516ns

    Location             Delay type                Incr(ns)  Path(ns)    Netlist Resource(s)
  -------------------------------------------------------------------    -------------------
                         (clock sys_clk_pin rise edge)
                                                      0.000     0.000 r  
    E3                                                0.000     0.000 r  CLK (IN)
                         net (fo=0)                   0.000     0.000    CLK
    E3                   IBUF (Prop_ibuf_I_O)         0.250     0.250 r  CLK_IBUF_inst/O
                         net (fo=1, routed)           0.644     0.894    CLK_IBUF
    BUFGCTRL_X0Y16       BUFG (Prop_bufg_I_O)         0.026     0.920 r  CLK_IBUF_BUFG_inst/O
                         net (fo=34, routed)          0.600     1.519    U5/CLK
    SLICE_X1Y84          FDRE                                         r  U5/clk_counter_reg[28]/C
  -------------------------------------------------------------------    -------------------
    SLICE_X1Y84          FDRE (Prop_fdre_C_Q)         0.141     1.660 r  U5/clk_counter_reg[28]/Q
                         net (fo=2, routed)           0.117     1.778    U5/clk_counter[28]
    SLICE_X1Y84          CARRY4 (Prop_carry4_S[3]_O[3])
                                                      0.108     1.886 r  U5/clk_counter0_carry__5/O[3]
                         net (fo=1, routed)           0.000     1.886    U5/clk_counter0_carry__5_n_4
    SLICE_X1Y84          FDRE                                         r  U5/clk_counter_reg[28]/D
  -------------------------------------------------------------------    -------------------

                         (clock sys_clk_pin rise edge)
                                                      0.000     0.000 r  
    E3                                                0.000     0.000 r  CLK (IN)
                         net (fo=0)                   0.000     0.000    CLK
    E3                   IBUF (Prop_ibuf_I_O)         0.438     0.438 r  CLK_IBUF_inst/O
                         net (fo=1, routed)           0.699     1.136    CLK_IBUF
    BUFGCTRL_X0Y16       BUFG (Prop_bufg_I_O)         0.029     1.165 r  CLK_IBUF_BUFG_inst/O
                         net (fo=34, routed)          0.871     2.036    U5/CLK
    SLICE_X1Y84          FDRE                                         r  U5/clk_counter_reg[28]/C
                         clock pessimism             -0.516     1.519    
    SLICE_X1Y84          FDRE (Hold_fdre_C_D)         0.105     1.624    U5/clk_counter_reg[28]
  -------------------------------------------------------------------
                         required time                         -1.624    
                         arrival time                           1.886    
  -------------------------------------------------------------------
                         slack                                  0.261    

Slack (MET) :             0.263ns  (arrival time - required time)
  Source:                 U5/clk_counter_reg[12]/C
                            (rising edge-triggered cell FDRE clocked by sys_clk_pin  {rise@0.000ns fall@10.000ns period=20.000ns})
  Destination:            U5/clk_counter_reg[12]/D
                            (rising edge-triggered cell FDRE clocked by sys_clk_pin  {rise@0.000ns fall@10.000ns period=20.000ns})
  Path Group:             sys_clk_pin
  Path Type:              Hold (Min at Fast Process Corner)
  Requirement:            0.000ns  (sys_clk_pin rise@0.000ns - sys_clk_pin rise@0.000ns)
  Data Path Delay:        0.368ns  (logic 0.249ns (67.612%)  route 0.119ns (32.388%))
  Logic Levels:           1  (CARRY4=1)
  Clock Path Skew:        0.000ns (DCD - SCD - CPR)
    Destination Clock Delay (DCD):    2.032ns
    Source Clock Delay      (SCD):    1.515ns
    Clock Pessimism Removal (CPR):    0.516ns

    Location             Delay type                Incr(ns)  Path(ns)    Netlist Resource(s)
  -------------------------------------------------------------------    -------------------
                         (clock sys_clk_pin rise edge)
                                                      0.000     0.000 r  
    E3                                                0.000     0.000 r  CLK (IN)
                         net (fo=0)                   0.000     0.000    CLK
    E3                   IBUF (Prop_ibuf_I_O)         0.250     0.250 r  CLK_IBUF_inst/O
                         net (fo=1, routed)           0.644     0.894    CLK_IBUF
    BUFGCTRL_X0Y16       BUFG (Prop_bufg_I_O)         0.026     0.920 r  CLK_IBUF_BUFG_inst/O
                         net (fo=34, routed)          0.596     1.515    U5/CLK
    SLICE_X1Y80          FDRE                                         r  U5/clk_counter_reg[12]/C
  -------------------------------------------------------------------    -------------------
    SLICE_X1Y80          FDRE (Prop_fdre_C_Q)         0.141     1.656 r  U5/clk_counter_reg[12]/Q
                         net (fo=2, routed)           0.119     1.776    U5/clk_counter[12]
    SLICE_X1Y80          CARRY4 (Prop_carry4_S[3]_O[3])
                                                      0.108     1.884 r  U5/clk_counter0_carry__1/O[3]
                         net (fo=1, routed)           0.000     1.884    U5/clk_counter0_carry__1_n_4
    SLICE_X1Y80          FDRE                                         r  U5/clk_counter_reg[12]/D
  -------------------------------------------------------------------    -------------------

                         (clock sys_clk_pin rise edge)
                                                      0.000     0.000 r  
    E3                                                0.000     0.000 r  CLK (IN)
                         net (fo=0)                   0.000     0.000    CLK
    E3                   IBUF (Prop_ibuf_I_O)         0.438     0.438 r  CLK_IBUF_inst/O
                         net (fo=1, routed)           0.699     1.136    CLK_IBUF
    BUFGCTRL_X0Y16       BUFG (Prop_bufg_I_O)         0.029     1.165 r  CLK_IBUF_BUFG_inst/O
                         net (fo=34, routed)          0.867     2.032    U5/CLK
    SLICE_X1Y80          FDRE                                         r  U5/clk_counter_reg[12]/C
                         clock pessimism             -0.516     1.515    
    SLICE_X1Y80          FDRE (Hold_fdre_C_D)         0.105     1.620    U5/clk_counter_reg[12]
  -------------------------------------------------------------------
                         required time                         -1.620    
                         arrival time                           1.884    
  -------------------------------------------------------------------
                         slack                                  0.263    

Slack (MET) :             0.263ns  (arrival time - required time)
  Source:                 U5/clk_counter_reg[16]/C
                            (rising edge-triggered cell FDRE clocked by sys_clk_pin  {rise@0.000ns fall@10.000ns period=20.000ns})
  Destination:            U5/clk_counter_reg[16]/D
                            (rising edge-triggered cell FDRE clocked by sys_clk_pin  {rise@0.000ns fall@10.000ns period=20.000ns})
  Path Group:             sys_clk_pin
  Path Type:              Hold (Min at Fast Process Corner)
  Requirement:            0.000ns  (sys_clk_pin rise@0.000ns - sys_clk_pin rise@0.000ns)
  Data Path Delay:        0.368ns  (logic 0.249ns (67.612%)  route 0.119ns (32.388%))
  Logic Levels:           1  (CARRY4=1)
  Clock Path Skew:        0.000ns (DCD - SCD - CPR)
    Destination Clock Delay (DCD):    2.033ns
    Source Clock Delay      (SCD):    1.516ns
    Clock Pessimism Removal (CPR):    0.516ns

    Location             Delay type                Incr(ns)  Path(ns)    Netlist Resource(s)
  -------------------------------------------------------------------    -------------------
                         (clock sys_clk_pin rise edge)
                                                      0.000     0.000 r  
    E3                                                0.000     0.000 r  CLK (IN)
                         net (fo=0)                   0.000     0.000    CLK
    E3                   IBUF (Prop_ibuf_I_O)         0.250     0.250 r  CLK_IBUF_inst/O
                         net (fo=1, routed)           0.644     0.894    CLK_IBUF
    BUFGCTRL_X0Y16       BUFG (Prop_bufg_I_O)         0.026     0.920 r  CLK_IBUF_BUFG_inst/O
                         net (fo=34, routed)          0.597     1.516    U5/CLK
    SLICE_X1Y81          FDRE                                         r  U5/clk_counter_reg[16]/C
  -------------------------------------------------------------------    -------------------
    SLICE_X1Y81          FDRE (Prop_fdre_C_Q)         0.141     1.657 r  U5/clk_counter_reg[16]/Q
                         net (fo=2, routed)           0.119     1.777    U5/clk_counter[16]
    SLICE_X1Y81          CARRY4 (Prop_carry4_S[3]_O[3])
                                                      0.108     1.885 r  U5/clk_counter0_carry__2/O[3]
                         net (fo=1, routed)           0.000     1.885    U5/clk_counter0_carry__2_n_4
    SLICE_X1Y81          FDRE                                         r  U5/clk_counter_reg[16]/D
  -------------------------------------------------------------------    -------------------

                         (clock sys_clk_pin rise edge)
                                                      0.000     0.000 r  
    E3                                                0.000     0.000 r  CLK (IN)
                         net (fo=0)                   0.000     0.000    CLK
    E3                   IBUF (Prop_ibuf_I_O)         0.438     0.438 r  CLK_IBUF_inst/O
                         net (fo=1, routed)           0.699     1.136    CLK_IBUF
    BUFGCTRL_X0Y16       BUFG (Prop_bufg_I_O)         0.029     1.165 r  CLK_IBUF_BUFG_inst/O
                         net (fo=34, routed)          0.868     2.033    U5/CLK
    SLICE_X1Y81          FDRE                                         r  U5/clk_counter_reg[16]/C
                         clock pessimism             -0.516     1.516    
    SLICE_X1Y81          FDRE (Hold_fdre_C_D)         0.105     1.621    U5/clk_counter_reg[16]
  -------------------------------------------------------------------
                         required time                         -1.621    
                         arrival time                           1.885    
  -------------------------------------------------------------------
                         slack                                  0.263    

Slack (MET) :             0.264ns  (arrival time - required time)
  Source:                 U5/clk_counter_reg[20]/C
                            (rising edge-triggered cell FDRE clocked by sys_clk_pin  {rise@0.000ns fall@10.000ns period=20.000ns})
  Destination:            U5/clk_counter_reg[20]/D
                            (rising edge-triggered cell FDRE clocked by sys_clk_pin  {rise@0.000ns fall@10.000ns period=20.000ns})
  Path Group:             sys_clk_pin
  Path Type:              Hold (Min at Fast Process Corner)
  Requirement:            0.000ns  (sys_clk_pin rise@0.000ns - sys_clk_pin rise@0.000ns)
  Data Path Delay:        0.369ns  (logic 0.249ns (67.424%)  route 0.120ns (32.576%))
  Logic Levels:           1  (CARRY4=1)
  Clock Path Skew:        0.000ns (DCD - SCD - CPR)
    Destination Clock Delay (DCD):    2.034ns
    Source Clock Delay      (SCD):    1.517ns
    Clock Pessimism Removal (CPR):    0.516ns

    Location             Delay type                Incr(ns)  Path(ns)    Netlist Resource(s)
  -------------------------------------------------------------------    -------------------
                         (clock sys_clk_pin rise edge)
                                                      0.000     0.000 r  
    E3                                                0.000     0.000 r  CLK (IN)
                         net (fo=0)                   0.000     0.000    CLK
    E3                   IBUF (Prop_ibuf_I_O)         0.250     0.250 r  CLK_IBUF_inst/O
                         net (fo=1, routed)           0.644     0.894    CLK_IBUF
    BUFGCTRL_X0Y16       BUFG (Prop_bufg_I_O)         0.026     0.920 r  CLK_IBUF_BUFG_inst/O
                         net (fo=34, routed)          0.598     1.517    U5/CLK
    SLICE_X1Y82          FDRE                                         r  U5/clk_counter_reg[20]/C
  -------------------------------------------------------------------    -------------------
    SLICE_X1Y82          FDRE (Prop_fdre_C_Q)         0.141     1.658 r  U5/clk_counter_reg[20]/Q
                         net (fo=2, routed)           0.120     1.779    U5/clk_counter[20]
    SLICE_X1Y82          CARRY4 (Prop_carry4_S[3]_O[3])
                                                      0.108     1.887 r  U5/clk_counter0_carry__3/O[3]
                         net (fo=1, routed)           0.000     1.887    U5/clk_counter0_carry__3_n_4
    SLICE_X1Y82          FDRE                                         r  U5/clk_counter_reg[20]/D
  -------------------------------------------------------------------    -------------------

                         (clock sys_clk_pin rise edge)
                                                      0.000     0.000 r  
    E3                                                0.000     0.000 r  CLK (IN)
                         net (fo=0)                   0.000     0.000    CLK
    E3                   IBUF (Prop_ibuf_I_O)         0.438     0.438 r  CLK_IBUF_inst/O
                         net (fo=1, routed)           0.699     1.136    CLK_IBUF
    BUFGCTRL_X0Y16       BUFG (Prop_bufg_I_O)         0.029     1.165 r  CLK_IBUF_BUFG_inst/O
                         net (fo=34, routed)          0.869     2.034    U5/CLK
    SLICE_X1Y82          FDRE                                         r  U5/clk_counter_reg[20]/C
                         clock pessimism             -0.516     1.517    
    SLICE_X1Y82          FDRE (Hold_fdre_C_D)         0.105     1.622    U5/clk_counter_reg[20]
  -------------------------------------------------------------------
                         required time                         -1.622    
                         arrival time                           1.887    
  -------------------------------------------------------------------
                         slack                                  0.264    

Slack (MET) :             0.264ns  (arrival time - required time)
  Source:                 U5/clk_counter_reg[8]/C
                            (rising edge-triggered cell FDRE clocked by sys_clk_pin  {rise@0.000ns fall@10.000ns period=20.000ns})
  Destination:            U5/clk_counter_reg[8]/D
                            (rising edge-triggered cell FDRE clocked by sys_clk_pin  {rise@0.000ns fall@10.000ns period=20.000ns})
  Path Group:             sys_clk_pin
  Path Type:              Hold (Min at Fast Process Corner)
  Requirement:            0.000ns  (sys_clk_pin rise@0.000ns - sys_clk_pin rise@0.000ns)
  Data Path Delay:        0.369ns  (logic 0.249ns (67.424%)  route 0.120ns (32.576%))
  Logic Levels:           1  (CARRY4=1)
  Clock Path Skew:        0.000ns (DCD - SCD - CPR)
    Destination Clock Delay (DCD):    2.031ns
    Source Clock Delay      (SCD):    1.514ns
    Clock Pessimism Removal (CPR):    0.516ns

    Location             Delay type                Incr(ns)  Path(ns)    Netlist Resource(s)
  -------------------------------------------------------------------    -------------------
                         (clock sys_clk_pin rise edge)
                                                      0.000     0.000 r  
    E3                                                0.000     0.000 r  CLK (IN)
                         net (fo=0)                   0.000     0.000    CLK
    E3                   IBUF (Prop_ibuf_I_O)         0.250     0.250 r  CLK_IBUF_inst/O
                         net (fo=1, routed)           0.644     0.894    CLK_IBUF
    BUFGCTRL_X0Y16       BUFG (Prop_bufg_I_O)         0.026     0.920 r  CLK_IBUF_BUFG_inst/O
                         net (fo=34, routed)          0.595     1.514    U5/CLK
    SLICE_X1Y79          FDRE                                         r  U5/clk_counter_reg[8]/C
  -------------------------------------------------------------------    -------------------
    SLICE_X1Y79          FDRE (Prop_fdre_C_Q)         0.141     1.655 r  U5/clk_counter_reg[8]/Q
                         net (fo=2, routed)           0.120     1.776    U5/clk_counter[8]
    SLICE_X1Y79          CARRY4 (Prop_carry4_S[3]_O[3])
                                                      0.108     1.884 r  U5/clk_counter0_carry__0/O[3]
                         net (fo=1, routed)           0.000     1.884    U5/clk_counter0_carry__0_n_4
    SLICE_X1Y79          FDRE                                         r  U5/clk_counter_reg[8]/D
  -------------------------------------------------------------------    -------------------

                         (clock sys_clk_pin rise edge)
                                                      0.000     0.000 r  
    E3                                                0.000     0.000 r  CLK (IN)
                         net (fo=0)                   0.000     0.000    CLK
    E3                   IBUF (Prop_ibuf_I_O)         0.438     0.438 r  CLK_IBUF_inst/O
                         net (fo=1, routed)           0.699     1.136    CLK_IBUF
    BUFGCTRL_X0Y16       BUFG (Prop_bufg_I_O)         0.029     1.165 r  CLK_IBUF_BUFG_inst/O
                         net (fo=34, routed)          0.866     2.031    U5/CLK
    SLICE_X1Y79          FDRE                                         r  U5/clk_counter_reg[8]/C
                         clock pessimism             -0.516     1.514    
    SLICE_X1Y79          FDRE (Hold_fdre_C_D)         0.105     1.619    U5/clk_counter_reg[8]
  -------------------------------------------------------------------
                         required time                         -1.619    
                         arrival time                           1.884    
  -------------------------------------------------------------------
                         slack                                  0.264    

Slack (MET) :             0.265ns  (arrival time - required time)
  Source:                 U5/clk_counter_reg[9]/C
                            (rising edge-triggered cell FDRE clocked by sys_clk_pin  {rise@0.000ns fall@10.000ns period=20.000ns})
  Destination:            U5/clk_counter_reg[9]/D
                            (rising edge-triggered cell FDRE clocked by sys_clk_pin  {rise@0.000ns fall@10.000ns period=20.000ns})
  Path Group:             sys_clk_pin
  Path Type:              Hold (Min at Fast Process Corner)
  Requirement:            0.000ns  (sys_clk_pin rise@0.000ns - sys_clk_pin rise@0.000ns)
  Data Path Delay:        0.370ns  (logic 0.256ns (69.150%)  route 0.114ns (30.850%))
  Logic Levels:           1  (CARRY4=1)
  Clock Path Skew:        0.000ns (DCD - SCD - CPR)
    Destination Clock Delay (DCD):    2.032ns
    Source Clock Delay      (SCD):    1.515ns
    Clock Pessimism Removal (CPR):    0.516ns

    Location             Delay type                Incr(ns)  Path(ns)    Netlist Resource(s)
  -------------------------------------------------------------------    -------------------
                         (clock sys_clk_pin rise edge)
                                                      0.000     0.000 r  
    E3                                                0.000     0.000 r  CLK (IN)
                         net (fo=0)                   0.000     0.000    CLK
    E3                   IBUF (Prop_ibuf_I_O)         0.250     0.250 r  CLK_IBUF_inst/O
                         net (fo=1, routed)           0.644     0.894    CLK_IBUF
    BUFGCTRL_X0Y16       BUFG (Prop_bufg_I_O)         0.026     0.920 r  CLK_IBUF_BUFG_inst/O
                         net (fo=34, routed)          0.596     1.515    U5/CLK
    SLICE_X1Y80          FDRE                                         r  U5/clk_counter_reg[9]/C
  -------------------------------------------------------------------    -------------------
    SLICE_X1Y80          FDRE (Prop_fdre_C_Q)         0.141     1.656 r  U5/clk_counter_reg[9]/Q
                         net (fo=2, routed)           0.114     1.771    U5/clk_counter[9]
    SLICE_X1Y80          CARRY4 (Prop_carry4_S[0]_O[0])
                                                      0.115     1.886 r  U5/clk_counter0_carry__1/O[0]
                         net (fo=1, routed)           0.000     1.886    U5/clk_counter0_carry__1_n_7
    SLICE_X1Y80          FDRE                                         r  U5/clk_counter_reg[9]/D
  -------------------------------------------------------------------    -------------------

                         (clock sys_clk_pin rise edge)
                                                      0.000     0.000 r  
    E3                                                0.000     0.000 r  CLK (IN)
                         net (fo=0)                   0.000     0.000    CLK
    E3                   IBUF (Prop_ibuf_I_O)         0.438     0.438 r  CLK_IBUF_inst/O
                         net (fo=1, routed)           0.699     1.136    CLK_IBUF
    BUFGCTRL_X0Y16       BUFG (Prop_bufg_I_O)         0.029     1.165 r  CLK_IBUF_BUFG_inst/O
                         net (fo=34, routed)          0.867     2.032    U5/CLK
    SLICE_X1Y80          FDRE                                         r  U5/clk_counter_reg[9]/C
                         clock pessimism             -0.516     1.515    
    SLICE_X1Y80          FDRE (Hold_fdre_C_D)         0.105     1.620    U5/clk_counter_reg[9]
  -------------------------------------------------------------------
                         required time                         -1.620    
                         arrival time                           1.886    
  -------------------------------------------------------------------
                         slack                                  0.265    

Slack (MET) :             0.267ns  (arrival time - required time)
  Source:                 U5/clk_counter_reg[21]/C
                            (rising edge-triggered cell FDRE clocked by sys_clk_pin  {rise@0.000ns fall@10.000ns period=20.000ns})
  Destination:            U5/clk_counter_reg[21]/D
                            (rising edge-triggered cell FDRE clocked by sys_clk_pin  {rise@0.000ns fall@10.000ns period=20.000ns})
  Path Group:             sys_clk_pin
  Path Type:              Hold (Min at Fast Process Corner)
  Requirement:            0.000ns  (sys_clk_pin rise@0.000ns - sys_clk_pin rise@0.000ns)
  Data Path Delay:        0.372ns  (logic 0.256ns (68.766%)  route 0.116ns (31.234%))
  Logic Levels:           1  (CARRY4=1)
  Clock Path Skew:        0.000ns (DCD - SCD - CPR)
    Destination Clock Delay (DCD):    2.035ns
    Source Clock Delay      (SCD):    1.518ns
    Clock Pessimism Removal (CPR):    0.516ns

    Location             Delay type                Incr(ns)  Path(ns)    Netlist Resource(s)
  -------------------------------------------------------------------    -------------------
                         (clock sys_clk_pin rise edge)
                                                      0.000     0.000 r  
    E3                                                0.000     0.000 r  CLK (IN)
                         net (fo=0)                   0.000     0.000    CLK
    E3                   IBUF (Prop_ibuf_I_O)         0.250     0.250 r  CLK_IBUF_inst/O
                         net (fo=1, routed)           0.644     0.894    CLK_IBUF
    BUFGCTRL_X0Y16       BUFG (Prop_bufg_I_O)         0.026     0.920 r  CLK_IBUF_BUFG_inst/O
                         net (fo=34, routed)          0.599     1.518    U5/CLK
    SLICE_X1Y83          FDRE                                         r  U5/clk_counter_reg[21]/C
  -------------------------------------------------------------------    -------------------
    SLICE_X1Y83          FDRE (Prop_fdre_C_Q)         0.141     1.659 r  U5/clk_counter_reg[21]/Q
                         net (fo=2, routed)           0.116     1.776    U5/clk_counter[21]
    SLICE_X1Y83          CARRY4 (Prop_carry4_S[0]_O[0])
                                                      0.115     1.891 r  U5/clk_counter0_carry__4/O[0]
                         net (fo=1, routed)           0.000     1.891    U5/clk_counter0_carry__4_n_7
    SLICE_X1Y83          FDRE                                         r  U5/clk_counter_reg[21]/D
  -------------------------------------------------------------------    -------------------

                         (clock sys_clk_pin rise edge)
                                                      0.000     0.000 r  
    E3                                                0.000     0.000 r  CLK (IN)
                         net (fo=0)                   0.000     0.000    CLK
    E3                   IBUF (Prop_ibuf_I_O)         0.438     0.438 r  CLK_IBUF_inst/O
                         net (fo=1, routed)           0.699     1.136    CLK_IBUF
    BUFGCTRL_X0Y16       BUFG (Prop_bufg_I_O)         0.029     1.165 r  CLK_IBUF_BUFG_inst/O
                         net (fo=34, routed)          0.870     2.035    U5/CLK
    SLICE_X1Y83          FDRE                                         r  U5/clk_counter_reg[21]/C
                         clock pessimism             -0.516     1.518    
    SLICE_X1Y83          FDRE (Hold_fdre_C_D)         0.105     1.623    U5/clk_counter_reg[21]
  -------------------------------------------------------------------
                         required time                         -1.623    
                         arrival time                           1.891    
  -------------------------------------------------------------------
                         slack                                  0.267    

Slack (MET) :             0.267ns  (arrival time - required time)
  Source:                 U5/clk_counter_reg[25]/C
                            (rising edge-triggered cell FDRE clocked by sys_clk_pin  {rise@0.000ns fall@10.000ns period=20.000ns})
  Destination:            U5/clk_counter_reg[25]/D
                            (rising edge-triggered cell FDRE clocked by sys_clk_pin  {rise@0.000ns fall@10.000ns period=20.000ns})
  Path Group:             sys_clk_pin
  Path Type:              Hold (Min at Fast Process Corner)
  Requirement:            0.000ns  (sys_clk_pin rise@0.000ns - sys_clk_pin rise@0.000ns)
  Data Path Delay:        0.372ns  (logic 0.256ns (68.766%)  route 0.116ns (31.234%))
  Logic Levels:           1  (CARRY4=1)
  Clock Path Skew:        0.000ns (DCD - SCD - CPR)
    Destination Clock Delay (DCD):    2.036ns
    Source Clock Delay      (SCD):    1.519ns
    Clock Pessimism Removal (CPR):    0.516ns

    Location             Delay type                Incr(ns)  Path(ns)    Netlist Resource(s)
  -------------------------------------------------------------------    -------------------
                         (clock sys_clk_pin rise edge)
                                                      0.000     0.000 r  
    E3                                                0.000     0.000 r  CLK (IN)
                         net (fo=0)                   0.000     0.000    CLK
    E3                   IBUF (Prop_ibuf_I_O)         0.250     0.250 r  CLK_IBUF_inst/O
                         net (fo=1, routed)           0.644     0.894    CLK_IBUF
    BUFGCTRL_X0Y16       BUFG (Prop_bufg_I_O)         0.026     0.920 r  CLK_IBUF_BUFG_inst/O
                         net (fo=34, routed)          0.600     1.519    U5/CLK
    SLICE_X1Y84          FDRE                                         r  U5/clk_counter_reg[25]/C
  -------------------------------------------------------------------    -------------------
    SLICE_X1Y84          FDRE (Prop_fdre_C_Q)         0.141     1.660 r  U5/clk_counter_reg[25]/Q
                         net (fo=2, routed)           0.116     1.777    U5/clk_counter[25]
    SLICE_X1Y84          CARRY4 (Prop_carry4_S[0]_O[0])
                                                      0.115     1.892 r  U5/clk_counter0_carry__5/O[0]
                         net (fo=1, routed)           0.000     1.892    U5/clk_counter0_carry__5_n_7
    SLICE_X1Y84          FDRE                                         r  U5/clk_counter_reg[25]/D
  -------------------------------------------------------------------    -------------------

                         (clock sys_clk_pin rise edge)
                                                      0.000     0.000 r  
    E3                                                0.000     0.000 r  CLK (IN)
                         net (fo=0)                   0.000     0.000    CLK
    E3                   IBUF (Prop_ibuf_I_O)         0.438     0.438 r  CLK_IBUF_inst/O
                         net (fo=1, routed)           0.699     1.136    CLK_IBUF
    BUFGCTRL_X0Y16       BUFG (Prop_bufg_I_O)         0.029     1.165 r  CLK_IBUF_BUFG_inst/O
                         net (fo=34, routed)          0.871     2.036    U5/CLK
    SLICE_X1Y84          FDRE                                         r  U5/clk_counter_reg[25]/C
                         clock pessimism             -0.516     1.519    
    SLICE_X1Y84          FDRE (Hold_fdre_C_D)         0.105     1.624    U5/clk_counter_reg[25]
  -------------------------------------------------------------------
                         required time                         -1.624    
                         arrival time                           1.892    
  -------------------------------------------------------------------
                         slack                                  0.267    





Pulse Width Checks
--------------------------------------------------------------------------------------
Clock Name:         sys_clk_pin
Waveform(ns):       { 0.000 10.000 }
Period(ns):         20.000
Sources:            { CLK }

Check Type        Corner  Lib Pin  Reference Pin  Required(ns)  Actual(ns)  Slack(ns)  Location        Pin
Min Period        n/a     BUFG/I   n/a            2.155         20.000      17.845     BUFGCTRL_X0Y16  CLK_IBUF_BUFG_inst/I
Min Period        n/a     FDRE/C   n/a            1.000         20.000      19.000     SLICE_X0Y80     U5/clk_counter_reg[0]/C
Min Period        n/a     FDRE/C   n/a            1.000         20.000      19.000     SLICE_X1Y80     U5/clk_counter_reg[10]/C
Min Period        n/a     FDRE/C   n/a            1.000         20.000      19.000     SLICE_X1Y80     U5/clk_counter_reg[11]/C
Min Period        n/a     FDRE/C   n/a            1.000         20.000      19.000     SLICE_X1Y80     U5/clk_counter_reg[12]/C
Min Period        n/a     FDRE/C   n/a            1.000         20.000      19.000     SLICE_X1Y81     U5/clk_counter_reg[13]/C
Min Period        n/a     FDRE/C   n/a            1.000         20.000      19.000     SLICE_X1Y81     U5/clk_counter_reg[14]/C
Min Period        n/a     FDRE/C   n/a            1.000         20.000      19.000     SLICE_X1Y81     U5/clk_counter_reg[15]/C
Min Period        n/a     FDRE/C   n/a            1.000         20.000      19.000     SLICE_X1Y81     U5/clk_counter_reg[16]/C
Min Period        n/a     FDRE/C   n/a            1.000         20.000      19.000     SLICE_X1Y82     U5/clk_counter_reg[17]/C
Low Pulse Width   Slow    FDRE/C   n/a            0.500         10.000      9.500      SLICE_X0Y80     U5/clk_counter_reg[0]/C
Low Pulse Width   Fast    FDRE/C   n/a            0.500         10.000      9.500      SLICE_X0Y80     U5/clk_counter_reg[0]/C
Low Pulse Width   Slow    FDRE/C   n/a            0.500         10.000      9.500      SLICE_X1Y80     U5/clk_counter_reg[10]/C
Low Pulse Width   Fast    FDRE/C   n/a            0.500         10.000      9.500      SLICE_X1Y80     U5/clk_counter_reg[10]/C
Low Pulse Width   Slow    FDRE/C   n/a            0.500         10.000      9.500      SLICE_X1Y80     U5/clk_counter_reg[11]/C
Low Pulse Width   Fast    FDRE/C   n/a            0.500         10.000      9.500      SLICE_X1Y80     U5/clk_counter_reg[11]/C
Low Pulse Width   Slow    FDRE/C   n/a            0.500         10.000      9.500      SLICE_X1Y80     U5/clk_counter_reg[12]/C
Low Pulse Width   Fast    FDRE/C   n/a            0.500         10.000      9.500      SLICE_X1Y80     U5/clk_counter_reg[12]/C
Low Pulse Width   Slow    FDRE/C   n/a            0.500         10.000      9.500      SLICE_X1Y81     U5/clk_counter_reg[13]/C
Low Pulse Width   Fast    FDRE/C   n/a            0.500         10.000      9.500      SLICE_X1Y81     U5/clk_counter_reg[13]/C
High Pulse Width  Slow    FDRE/C   n/a            0.500         10.000      9.500      SLICE_X0Y80     U5/clk_counter_reg[0]/C
High Pulse Width  Fast    FDRE/C   n/a            0.500         10.000      9.500      SLICE_X0Y80     U5/clk_counter_reg[0]/C
High Pulse Width  Slow    FDRE/C   n/a            0.500         10.000      9.500      SLICE_X1Y80     U5/clk_counter_reg[10]/C
High Pulse Width  Fast    FDRE/C   n/a            0.500         10.000      9.500      SLICE_X1Y80     U5/clk_counter_reg[10]/C
High Pulse Width  Slow    FDRE/C   n/a            0.500         10.000      9.500      SLICE_X1Y80     U5/clk_counter_reg[11]/C
High Pulse Width  Fast    FDRE/C   n/a            0.500         10.000      9.500      SLICE_X1Y80     U5/clk_counter_reg[11]/C
High Pulse Width  Slow    FDRE/C   n/a            0.500         10.000      9.500      SLICE_X1Y80     U5/clk_counter_reg[12]/C
High Pulse Width  Fast    FDRE/C   n/a            0.500         10.000      9.500      SLICE_X1Y80     U5/clk_counter_reg[12]/C
High Pulse Width  Slow    FDRE/C   n/a            0.500         10.000      9.500      SLICE_X1Y81     U5/clk_counter_reg[13]/C
High Pulse Width  Fast    FDRE/C   n/a            0.500         10.000      9.500      SLICE_X1Y81     U5/clk_counter_reg[13]/C



--------------------------------------------------------------------------------------
Path Group:  (none)
From Clock:  
  To Clock:  

Max Delay             7 Endpoints
Min Delay             7 Endpoints
--------------------------------------------------------------------------------------


Max Delay Paths
--------------------------------------------------------------------------------------
Slack:                    inf
  Source:                 B[3]
                            (input port)
  Destination:            SEG[3]
                            (output port)
  Path Group:             (none)
  Path Type:              Max at Slow Process Corner
  Data Path Delay:        12.772ns  (logic 5.265ns (41.221%)  route 7.507ns (58.779%))
  Logic Levels:           4  (IBUF=1 LUT6=2 OBUF=1)

    Location             Delay type                Incr(ns)  Path(ns)    Netlist Resource(s)
  -------------------------------------------------------------------    -------------------
    H6                                                0.000     0.000 r  B[3] (IN)
                         net (fo=0)                   0.000     0.000    B[3]
    H6                   IBUF (Prop_ibuf_I_O)         1.467     1.467 r  B_IBUF[3]_inst/O
                         net (fo=1, routed)           4.181     5.647    U5/B_IBUF[3]
    SLICE_X1Y77          LUT6 (Prop_lut6_I4_O)        0.124     5.771 r  U5/SEG_OBUF[6]_inst_i_5/O
                         net (fo=7, routed)           0.478     6.249    U5/SEG_OBUF[6]_inst_i_5_n_0
    SLICE_X0Y78          LUT6 (Prop_lut6_I1_O)        0.124     6.373 r  U5/SEG_OBUF[3]_inst_i_1/O
                         net (fo=1, routed)           2.849     9.222    SEG_OBUF[3]
    K13                  OBUF (Prop_obuf_I_O)         3.550    12.772 r  SEG_OBUF[3]_inst/O
                         net (fo=0)                   0.000    12.772    SEG[3]
    K13                                                               r  SEG[3] (OUT)
  -------------------------------------------------------------------    -------------------

Slack:                    inf
  Source:                 B[3]
                            (input port)
  Destination:            SEG[4]
                            (output port)
  Path Group:             (none)
  Path Type:              Max at Slow Process Corner
  Data Path Delay:        12.729ns  (logic 5.208ns (40.911%)  route 7.522ns (59.089%))
  Logic Levels:           4  (IBUF=1 LUT6=2 OBUF=1)

    Location             Delay type                Incr(ns)  Path(ns)    Netlist Resource(s)
  -------------------------------------------------------------------    -------------------
    H6                                                0.000     0.000 r  B[3] (IN)
                         net (fo=0)                   0.000     0.000    B[3]
    H6                   IBUF (Prop_ibuf_I_O)         1.467     1.467 r  B_IBUF[3]_inst/O
                         net (fo=1, routed)           4.181     5.647    U5/B_IBUF[3]
    SLICE_X1Y77          LUT6 (Prop_lut6_I4_O)        0.124     5.771 r  U5/SEG_OBUF[6]_inst_i_5/O
                         net (fo=7, routed)           0.868     6.639    U5/SEG_OBUF[6]_inst_i_5_n_0
    SLICE_X0Y78          LUT6 (Prop_lut6_I4_O)        0.124     6.763 r  U5/SEG_OBUF[4]_inst_i_1/O
                         net (fo=1, routed)           2.473     9.236    SEG_OBUF[4]
    K16                  OBUF (Prop_obuf_I_O)         3.493    12.729 r  SEG_OBUF[4]_inst/O
                         net (fo=0)                   0.000    12.729    SEG[4]
    K16                                                               r  SEG[4] (OUT)
  -------------------------------------------------------------------    -------------------

Slack:                    inf
  Source:                 B[3]
                            (input port)
  Destination:            SEG[5]
                            (output port)
  Path Group:             (none)
  Path Type:              Max at Slow Process Corner
  Data Path Delay:        12.646ns  (logic 5.270ns (41.675%)  route 7.376ns (58.325%))
  Logic Levels:           4  (IBUF=1 LUT6=2 OBUF=1)

    Location             Delay type                Incr(ns)  Path(ns)    Netlist Resource(s)
  -------------------------------------------------------------------    -------------------
    H6                                                0.000     0.000 r  B[3] (IN)
                         net (fo=0)                   0.000     0.000    B[3]
    H6                   IBUF (Prop_ibuf_I_O)         1.467     1.467 r  B_IBUF[3]_inst/O
                         net (fo=1, routed)           4.181     5.647    U5/B_IBUF[3]
    SLICE_X1Y77          LUT6 (Prop_lut6_I4_O)        0.124     5.771 r  U5/SEG_OBUF[6]_inst_i_5/O
                         net (fo=7, routed)           0.478     6.249    U5/SEG_OBUF[6]_inst_i_5_n_0
    SLICE_X0Y77          LUT6 (Prop_lut6_I2_O)        0.124     6.373 r  U5/SEG_OBUF[5]_inst_i_1/O
                         net (fo=1, routed)           2.717     9.090    SEG_OBUF[5]
    R10                  OBUF (Prop_obuf_I_O)         3.555    12.646 r  SEG_OBUF[5]_inst/O
                         net (fo=0)                   0.000    12.646    SEG[5]
    R10                                                               r  SEG[5] (OUT)
  -------------------------------------------------------------------    -------------------

Slack:                    inf
  Source:                 B[3]
                            (input port)
  Destination:            SEG[6]
                            (output port)
  Path Group:             (none)
  Path Type:              Max at Slow Process Corner
  Data Path Delay:        12.605ns  (logic 5.292ns (41.981%)  route 7.313ns (58.019%))
  Logic Levels:           4  (IBUF=1 LUT6=2 OBUF=1)

    Location             Delay type                Incr(ns)  Path(ns)    Netlist Resource(s)
  -------------------------------------------------------------------    -------------------
    H6                                                0.000     0.000 r  B[3] (IN)
                         net (fo=0)                   0.000     0.000    B[3]
    H6                   IBUF (Prop_ibuf_I_O)         1.467     1.467 r  B_IBUF[3]_inst/O
                         net (fo=1, routed)           4.181     5.647    U5/B_IBUF[3]
    SLICE_X1Y77          LUT6 (Prop_lut6_I4_O)        0.124     5.771 r  U5/SEG_OBUF[6]_inst_i_5/O
                         net (fo=7, routed)           0.473     6.244    U5/SEG_OBUF[6]_inst_i_5_n_0
    SLICE_X0Y77          LUT6 (Prop_lut6_I4_O)        0.124     6.368 r  U5/SEG_OBUF[6]_inst_i_1/O
                         net (fo=1, routed)           2.660     9.028    SEG_OBUF[6]
    T10                  OBUF (Prop_obuf_I_O)         3.577    12.605 r  SEG_OBUF[6]_inst/O
                         net (fo=0)                   0.000    12.605    SEG[6]
    T10                                                               r  SEG[6] (OUT)
  -------------------------------------------------------------------    -------------------

Slack:                    inf
  Source:                 B[3]
                            (input port)
  Destination:            SEG[1]
                            (output port)
  Path Group:             (none)
  Path Type:              Max at Slow Process Corner
  Data Path Delay:        12.298ns  (logic 5.275ns (42.896%)  route 7.023ns (57.104%))
  Logic Levels:           4  (IBUF=1 LUT6=2 OBUF=1)

    Location             Delay type                Incr(ns)  Path(ns)    Netlist Resource(s)
  -------------------------------------------------------------------    -------------------
    H6                                                0.000     0.000 r  B[3] (IN)
                         net (fo=0)                   0.000     0.000    B[3]
    H6                   IBUF (Prop_ibuf_I_O)         1.467     1.467 r  B_IBUF[3]_inst/O
                         net (fo=1, routed)           4.181     5.647    U5/B_IBUF[3]
    SLICE_X1Y77          LUT6 (Prop_lut6_I4_O)        0.124     5.771 r  U5/SEG_OBUF[6]_inst_i_5/O
                         net (fo=7, routed)           0.679     6.450    U5/SEG_OBUF[6]_inst_i_5_n_0
    SLICE_X0Y77          LUT6 (Prop_lut6_I2_O)        0.124     6.574 r  U5/SEG_OBUF[1]_inst_i_1/O
                         net (fo=1, routed)           2.163     8.737    SEG_OBUF[1]
    T11                  OBUF (Prop_obuf_I_O)         3.561    12.298 r  SEG_OBUF[1]_inst/O
                         net (fo=0)                   0.000    12.298    SEG[1]
    T11                                                               r  SEG[1] (OUT)
  -------------------------------------------------------------------    -------------------

Slack:                    inf
  Source:                 B[3]
                            (input port)
  Destination:            SEG[0]
                            (output port)
  Path Group:             (none)
  Path Type:              Max at Slow Process Corner
  Data Path Delay:        12.005ns  (logic 5.252ns (43.748%)  route 6.753ns (56.252%))
  Logic Levels:           4  (IBUF=1 LUT6=2 OBUF=1)

    Location             Delay type                Incr(ns)  Path(ns)    Netlist Resource(s)
  -------------------------------------------------------------------    -------------------
    H6                                                0.000     0.000 r  B[3] (IN)
                         net (fo=0)                   0.000     0.000    B[3]
    H6                   IBUF (Prop_ibuf_I_O)         1.467     1.467 r  B_IBUF[3]_inst/O
                         net (fo=1, routed)           4.181     5.647    U5/B_IBUF[3]
    SLICE_X1Y77          LUT6 (Prop_lut6_I4_O)        0.124     5.771 r  U5/SEG_OBUF[6]_inst_i_5/O
                         net (fo=7, routed)           0.474     6.245    U5/SEG_OBUF[6]_inst_i_5_n_0
    SLICE_X0Y78          LUT6 (Prop_lut6_I1_O)        0.124     6.369 r  U5/SEG_OBUF[0]_inst_i_1/O
                         net (fo=1, routed)           2.099     8.468    SEG_OBUF[0]
    L18                  OBUF (Prop_obuf_I_O)         3.537    12.005 r  SEG_OBUF[0]_inst/O
                         net (fo=0)                   0.000    12.005    SEG[0]
    L18                                                               r  SEG[0] (OUT)
  -------------------------------------------------------------------    -------------------

Slack:                    inf
  Source:                 B[3]
                            (input port)
  Destination:            SEG[2]
                            (output port)
  Path Group:             (none)
  Path Type:              Max at Slow Process Corner
  Data Path Delay:        11.859ns  (logic 5.248ns (44.253%)  route 6.611ns (55.747%))
  Logic Levels:           4  (IBUF=1 LUT6=2 OBUF=1)

    Location             Delay type                Incr(ns)  Path(ns)    Netlist Resource(s)
  -------------------------------------------------------------------    -------------------
    H6                                                0.000     0.000 r  B[3] (IN)
                         net (fo=0)                   0.000     0.000    B[3]
    H6                   IBUF (Prop_ibuf_I_O)         1.467     1.467 r  B_IBUF[3]_inst/O
                         net (fo=1, routed)           4.181     5.647    U5/B_IBUF[3]
    SLICE_X1Y77          LUT6 (Prop_lut6_I4_O)        0.124     5.771 r  U5/SEG_OBUF[6]_inst_i_5/O
                         net (fo=7, routed)           0.681     6.453    U5/SEG_OBUF[6]_inst_i_5_n_0
    SLICE_X0Y77          LUT6 (Prop_lut6_I4_O)        0.124     6.577 r  U5/SEG_OBUF[2]_inst_i_1/O
                         net (fo=1, routed)           1.749     8.326    SEG_OBUF[2]
    P15                  OBUF (Prop_obuf_I_O)         3.534    11.859 r  SEG_OBUF[2]_inst/O
                         net (fo=0)                   0.000    11.859    SEG[2]
    P15                                                               r  SEG[2] (OUT)
  -------------------------------------------------------------------    -------------------





Min Delay Paths
--------------------------------------------------------------------------------------
Slack:                    inf
  Source:                 Sel
                            (input port)
  Destination:            SEG[2]
                            (output port)
  Path Group:             (none)
  Path Type:              Min at Fast Process Corner
  Data Path Delay:        2.621ns  (logic 1.580ns (60.275%)  route 1.041ns (39.725%))
  Logic Levels:           4  (IBUF=1 LUT4=1 LUT6=1 OBUF=1)

    Location             Delay type                Incr(ns)  Path(ns)    Netlist Resource(s)
  -------------------------------------------------------------------    -------------------
    P17                                               0.000     0.000 r  Sel (IN)
                         net (fo=0)                   0.000     0.000    Sel
    P17                  IBUF (Prop_ibuf_I_O)         0.256     0.256 r  Sel_IBUF_inst/O
                         net (fo=4, routed)           0.352     0.608    U5/Sel_IBUF
    SLICE_X1Y77          LUT4 (Prop_lut4_I1_O)        0.045     0.653 r  U5/SEG_OBUF[6]_inst_i_4/O
                         net (fo=7, routed)           0.295     0.948    U5/SEG_OBUF[6]_inst_i_4_n_0
    SLICE_X0Y77          LUT6 (Prop_lut6_I2_O)        0.045     0.993 r  U5/SEG_OBUF[2]_inst_i_1/O
                         net (fo=1, routed)           0.394     1.387    SEG_OBUF[2]
    P15                  OBUF (Prop_obuf_I_O)         1.234     2.621 r  SEG_OBUF[2]_inst/O
                         net (fo=0)                   0.000     2.621    SEG[2]
    P15                                                               r  SEG[2] (OUT)
  -------------------------------------------------------------------    -------------------

Slack:                    inf
  Source:                 Sel
                            (input port)
  Destination:            SEG[0]
                            (output port)
  Path Group:             (none)
  Path Type:              Min at Fast Process Corner
  Data Path Delay:        2.756ns  (logic 1.584ns (57.476%)  route 1.172ns (42.524%))
  Logic Levels:           4  (IBUF=1 LUT4=1 LUT6=1 OBUF=1)

    Location             Delay type                Incr(ns)  Path(ns)    Netlist Resource(s)
  -------------------------------------------------------------------    -------------------
    P17                                               0.000     0.000 r  Sel (IN)
                         net (fo=0)                   0.000     0.000    Sel
    P17                  IBUF (Prop_ibuf_I_O)         0.256     0.256 r  Sel_IBUF_inst/O
                         net (fo=4, routed)           0.352     0.608    U5/Sel_IBUF
    SLICE_X1Y77          LUT4 (Prop_lut4_I1_O)        0.045     0.653 r  U5/SEG_OBUF[6]_inst_i_4/O
                         net (fo=7, routed)           0.305     0.958    U5/SEG_OBUF[6]_inst_i_4_n_0
    SLICE_X0Y78          LUT6 (Prop_lut6_I3_O)        0.045     1.003 r  U5/SEG_OBUF[0]_inst_i_1/O
                         net (fo=1, routed)           0.515     1.517    SEG_OBUF[0]
    L18                  OBUF (Prop_obuf_I_O)         1.238     2.756 r  SEG_OBUF[0]_inst/O
                         net (fo=0)                   0.000     2.756    SEG[0]
    L18                                                               r  SEG[0] (OUT)
  -------------------------------------------------------------------    -------------------

Slack:                    inf
  Source:                 Sel
                            (input port)
  Destination:            SEG[1]
                            (output port)
  Path Group:             (none)
  Path Type:              Min at Fast Process Corner
  Data Path Delay:        2.817ns  (logic 1.607ns (57.040%)  route 1.210ns (42.960%))
  Logic Levels:           4  (IBUF=1 LUT4=1 LUT6=1 OBUF=1)

    Location             Delay type                Incr(ns)  Path(ns)    Netlist Resource(s)
  -------------------------------------------------------------------    -------------------
    P17                                               0.000     0.000 r  Sel (IN)
                         net (fo=0)                   0.000     0.000    Sel
    P17                  IBUF (Prop_ibuf_I_O)         0.256     0.256 r  Sel_IBUF_inst/O
                         net (fo=4, routed)           0.352     0.608    U5/Sel_IBUF
    SLICE_X1Y77          LUT4 (Prop_lut4_I1_O)        0.045     0.653 r  U5/SEG_OBUF[6]_inst_i_4/O
                         net (fo=7, routed)           0.306     0.959    U5/SEG_OBUF[6]_inst_i_4_n_0
    SLICE_X0Y77          LUT6 (Prop_lut6_I4_O)        0.045     1.004 r  U5/SEG_OBUF[1]_inst_i_1/O
                         net (fo=1, routed)           0.552     1.556    SEG_OBUF[1]
    T11                  OBUF (Prop_obuf_I_O)         1.261     2.817 r  SEG_OBUF[1]_inst/O
                         net (fo=0)                   0.000     2.817    SEG[1]
    T11                                                               r  SEG[1] (OUT)
  -------------------------------------------------------------------    -------------------

Slack:                    inf
  Source:                 Sel
                            (input port)
  Destination:            SEG[4]
                            (output port)
  Path Group:             (none)
  Path Type:              Min at Fast Process Corner
  Data Path Delay:        2.842ns  (logic 1.540ns (54.184%)  route 1.302ns (45.816%))
  Logic Levels:           4  (IBUF=1 LUT4=1 LUT6=1 OBUF=1)

    Location             Delay type                Incr(ns)  Path(ns)    Netlist Resource(s)
  -------------------------------------------------------------------    -------------------
    P17                                               0.000     0.000 r  Sel (IN)
                         net (fo=0)                   0.000     0.000    Sel
    P17                  IBUF (Prop_ibuf_I_O)         0.256     0.256 r  Sel_IBUF_inst/O
                         net (fo=4, routed)           0.352     0.608    U5/Sel_IBUF
    SLICE_X1Y77          LUT4 (Prop_lut4_I1_O)        0.045     0.653 r  U5/SEG_OBUF[6]_inst_i_4/O
                         net (fo=7, routed)           0.295     0.948    U5/SEG_OBUF[6]_inst_i_4_n_0
    SLICE_X0Y78          LUT6 (Prop_lut6_I2_O)        0.045     0.993 r  U5/SEG_OBUF[4]_inst_i_1/O
                         net (fo=1, routed)           0.655     1.648    SEG_OBUF[4]
    K16                  OBUF (Prop_obuf_I_O)         1.194     2.842 r  SEG_OBUF[4]_inst/O
                         net (fo=0)                   0.000     2.842    SEG[4]
    K16                                                               r  SEG[4] (OUT)
  -------------------------------------------------------------------    -------------------

Slack:                    inf
  Source:                 Sel
                            (input port)
  Destination:            SEG[5]
                            (output port)
  Path Group:             (none)
  Path Type:              Min at Fast Process Corner
  Data Path Delay:        2.990ns  (logic 1.602ns (53.577%)  route 1.388ns (46.423%))
  Logic Levels:           4  (IBUF=1 LUT4=1 LUT6=1 OBUF=1)

    Location             Delay type                Incr(ns)  Path(ns)    Netlist Resource(s)
  -------------------------------------------------------------------    -------------------
    P17                                               0.000     0.000 r  Sel (IN)
                         net (fo=0)                   0.000     0.000    Sel
    P17                  IBUF (Prop_ibuf_I_O)         0.256     0.256 r  Sel_IBUF_inst/O
                         net (fo=4, routed)           0.352     0.608    U5/Sel_IBUF
    SLICE_X1Y77          LUT4 (Prop_lut4_I1_O)        0.045     0.653 r  U5/SEG_OBUF[6]_inst_i_4/O
                         net (fo=7, routed)           0.251     0.904    U5/SEG_OBUF[6]_inst_i_4_n_0
    SLICE_X0Y77          LUT6 (Prop_lut6_I4_O)        0.045     0.949 r  U5/SEG_OBUF[5]_inst_i_1/O
                         net (fo=1, routed)           0.784     1.734    SEG_OBUF[5]
    R10                  OBUF (Prop_obuf_I_O)         1.256     2.990 r  SEG_OBUF[5]_inst/O
                         net (fo=0)                   0.000     2.990    SEG[5]
    R10                                                               r  SEG[5] (OUT)
  -------------------------------------------------------------------    -------------------

Slack:                    inf
  Source:                 Sel
                            (input port)
  Destination:            SEG[6]
                            (output port)
  Path Group:             (none)
  Path Type:              Min at Fast Process Corner
  Data Path Delay:        2.993ns  (logic 1.623ns (54.232%)  route 1.370ns (45.768%))
  Logic Levels:           4  (IBUF=1 LUT4=1 LUT6=1 OBUF=1)

    Location             Delay type                Incr(ns)  Path(ns)    Netlist Resource(s)
  -------------------------------------------------------------------    -------------------
    P17                                               0.000     0.000 r  Sel (IN)
                         net (fo=0)                   0.000     0.000    Sel
    P17                  IBUF (Prop_ibuf_I_O)         0.256     0.256 r  Sel_IBUF_inst/O
                         net (fo=4, routed)           0.352     0.608    U5/Sel_IBUF
    SLICE_X1Y77          LUT4 (Prop_lut4_I1_O)        0.045     0.653 r  U5/SEG_OBUF[6]_inst_i_4/O
                         net (fo=7, routed)           0.244     0.897    U5/SEG_OBUF[6]_inst_i_4_n_0
    SLICE_X0Y77          LUT6 (Prop_lut6_I2_O)        0.045     0.942 r  U5/SEG_OBUF[6]_inst_i_1/O
                         net (fo=1, routed)           0.774     1.715    SEG_OBUF[6]
    T10                  OBUF (Prop_obuf_I_O)         1.277     2.993 r  SEG_OBUF[6]_inst/O
                         net (fo=0)                   0.000     2.993    SEG[6]
    T10                                                               r  SEG[6] (OUT)
  -------------------------------------------------------------------    -------------------

Slack:                    inf
  Source:                 Sel
                            (input port)
  Destination:            SEG[3]
                            (output port)
  Path Group:             (none)
  Path Type:              Min at Fast Process Corner
  Data Path Delay:        3.099ns  (logic 1.597ns (51.513%)  route 1.503ns (48.487%))
  Logic Levels:           4  (IBUF=1 LUT4=1 LUT6=1 OBUF=1)

    Location             Delay type                Incr(ns)  Path(ns)    Netlist Resource(s)
  -------------------------------------------------------------------    -------------------
    P17                                               0.000     0.000 r  Sel (IN)
                         net (fo=0)                   0.000     0.000    Sel
    P17                  IBUF (Prop_ibuf_I_O)         0.256     0.256 r  Sel_IBUF_inst/O
                         net (fo=4, routed)           0.352     0.608    U5/Sel_IBUF
    SLICE_X1Y77          LUT4 (Prop_lut4_I1_O)        0.045     0.653 r  U5/SEG_OBUF[6]_inst_i_4/O
                         net (fo=7, routed)           0.309     0.962    U5/SEG_OBUF[6]_inst_i_4_n_0
    SLICE_X0Y78          LUT6 (Prop_lut6_I3_O)        0.045     1.007 r  U5/SEG_OBUF[3]_inst_i_1/O
                         net (fo=1, routed)           0.842     1.848    SEG_OBUF[3]
    K13                  OBUF (Prop_obuf_I_O)         1.251     3.099 r  SEG_OBUF[3]_inst/O
                         net (fo=0)                   0.000     3.099    SEG[3]
    K13                                                               r  SEG[3] (OUT)
  -------------------------------------------------------------------    -------------------





--------------------------------------------------------------------------------------
Path Group:  (none)
From Clock:  sys_clk_pin
  To Clock:  

Max Delay            15 Endpoints
Min Delay            15 Endpoints
--------------------------------------------------------------------------------------


Max Delay Paths
--------------------------------------------------------------------------------------
Slack:                    inf
  Source:                 U5/refresh_counter_reg[2]/C
                            (rising edge-triggered cell FDRE clocked by sys_clk_pin  {rise@0.000ns fall@10.000ns period=20.000ns})
  Destination:            AN[6]
                            (output port)
  Path Group:             (none)
  Path Type:              Max at Slow Process Corner
  Data Path Delay:        9.840ns  (logic 4.461ns (45.331%)  route 5.379ns (54.669%))
  Logic Levels:           2  (LUT3=1 OBUF=1)
  Clock Uncertainty:      0.025ns  ((TSJ^2 + TIJ^2)^1/2 + DJ) / 2 + PE
    Total System Jitter     (TSJ):    0.050ns
    Total Input Jitter      (TIJ):    0.000ns
    Discrete Jitter          (DJ):    0.000ns
    Phase Error              (PE):    0.000ns

    Location             Delay type                Incr(ns)  Path(ns)    Netlist Resource(s)
  -------------------------------------------------------------------    -------------------
                         (clock sys_clk_pin rise edge)
                                                      0.000     0.000 r  
    E3                                                0.000     0.000 r  CLK (IN)
                         net (fo=0)                   0.000     0.000    CLK
    E3                   IBUF (Prop_ibuf_I_O)         1.482     1.482 r  CLK_IBUF_inst/O
                         net (fo=1, routed)           2.025     3.506    CLK_IBUF
    BUFGCTRL_X0Y16       BUFG (Prop_bufg_I_O)         0.096     3.602 r  CLK_IBUF_BUFG_inst/O
                         net (fo=34, routed)          1.714     5.317    U5/CLK
    SLICE_X0Y81          FDRE                                         r  U5/refresh_counter_reg[2]/C
  -------------------------------------------------------------------    -------------------
    SLICE_X0Y81          FDRE (Prop_fdre_C_Q)         0.419     5.736 f  U5/refresh_counter_reg[2]/Q
                         net (fo=10, routed)          0.633     6.369    U5/refresh_counter_reg_n_0_[2]
    SLICE_X0Y82          LUT3 (Prop_lut3_I2_O)        0.322     6.691 r  U5/AN_OBUF[6]_inst_i_1/O
                         net (fo=1, routed)           4.747    11.437    AN_OBUF[6]
    K2                   OBUF (Prop_obuf_I_O)         3.720    15.157 r  AN_OBUF[6]_inst/O
                         net (fo=0)                   0.000    15.157    AN[6]
    K2                                                                r  AN[6] (OUT)
  -------------------------------------------------------------------    -------------------

Slack:                    inf
  Source:                 U5/refresh_counter_reg[2]/C
                            (rising edge-triggered cell FDRE clocked by sys_clk_pin  {rise@0.000ns fall@10.000ns period=20.000ns})
  Destination:            SEG[3]
                            (output port)
  Path Group:             (none)
  Path Type:              Max at Slow Process Corner
  Data Path Delay:        8.696ns  (logic 4.389ns (50.474%)  route 4.307ns (49.526%))
  Logic Levels:           3  (LUT2=1 LUT6=1 OBUF=1)
  Clock Uncertainty:      0.025ns  ((TSJ^2 + TIJ^2)^1/2 + DJ) / 2 + PE
    Total System Jitter     (TSJ):    0.050ns
    Total Input Jitter      (TIJ):    0.000ns
    Discrete Jitter          (DJ):    0.000ns
    Phase Error              (PE):    0.000ns

    Location             Delay type                Incr(ns)  Path(ns)    Netlist Resource(s)
  -------------------------------------------------------------------    -------------------
                         (clock sys_clk_pin rise edge)
                                                      0.000     0.000 r  
    E3                                                0.000     0.000 r  CLK (IN)
                         net (fo=0)                   0.000     0.000    CLK
    E3                   IBUF (Prop_ibuf_I_O)         1.482     1.482 r  CLK_IBUF_inst/O
                         net (fo=1, routed)           2.025     3.506    CLK_IBUF
    BUFGCTRL_X0Y16       BUFG (Prop_bufg_I_O)         0.096     3.602 r  CLK_IBUF_BUFG_inst/O
                         net (fo=34, routed)          1.714     5.317    U5/CLK
    SLICE_X0Y81          FDRE                                         r  U5/refresh_counter_reg[2]/C
  -------------------------------------------------------------------    -------------------
    SLICE_X0Y81          FDRE (Prop_fdre_C_Q)         0.419     5.736 r  U5/refresh_counter_reg[2]/Q
                         net (fo=10, routed)          0.856     6.592    U5/refresh_counter_reg_n_0_[2]
    SLICE_X0Y79          LUT2 (Prop_lut2_I1_O)        0.296     6.888 r  U5/SEG_OBUF[6]_inst_i_6/O
                         net (fo=7, routed)           0.602     7.490    U5/SEG_OBUF[6]_inst_i_6_n_0
    SLICE_X0Y78          LUT6 (Prop_lut6_I4_O)        0.124     7.614 r  U5/SEG_OBUF[3]_inst_i_1/O
                         net (fo=1, routed)           2.849    10.462    SEG_OBUF[3]
    K13                  OBUF (Prop_obuf_I_O)         3.550    14.013 r  SEG_OBUF[3]_inst/O
                         net (fo=0)                   0.000    14.013    SEG[3]
    K13                                                               r  SEG[3] (OUT)
  -------------------------------------------------------------------    -------------------

Slack:                    inf
  Source:                 U5/refresh_counter_reg[2]/C
                            (rising edge-triggered cell FDRE clocked by sys_clk_pin  {rise@0.000ns fall@10.000ns period=20.000ns})
  Destination:            SEG[5]
                            (output port)
  Path Group:             (none)
  Path Type:              Max at Slow Process Corner
  Data Path Delay:        8.462ns  (logic 4.394ns (51.930%)  route 4.068ns (48.070%))
  Logic Levels:           3  (LUT2=1 LUT6=1 OBUF=1)
  Clock Uncertainty:      0.025ns  ((TSJ^2 + TIJ^2)^1/2 + DJ) / 2 + PE
    Total System Jitter     (TSJ):    0.050ns
    Total Input Jitter      (TIJ):    0.000ns
    Discrete Jitter          (DJ):    0.000ns
    Phase Error              (PE):    0.000ns

    Location             Delay type                Incr(ns)  Path(ns)    Netlist Resource(s)
  -------------------------------------------------------------------    -------------------
                         (clock sys_clk_pin rise edge)
                                                      0.000     0.000 r  
    E3                                                0.000     0.000 r  CLK (IN)
                         net (fo=0)                   0.000     0.000    CLK
    E3                   IBUF (Prop_ibuf_I_O)         1.482     1.482 r  CLK_IBUF_inst/O
                         net (fo=1, routed)           2.025     3.506    CLK_IBUF
    BUFGCTRL_X0Y16       BUFG (Prop_bufg_I_O)         0.096     3.602 r  CLK_IBUF_BUFG_inst/O
                         net (fo=34, routed)          1.714     5.317    U5/CLK
    SLICE_X0Y81          FDRE                                         r  U5/refresh_counter_reg[2]/C
  -------------------------------------------------------------------    -------------------
    SLICE_X0Y81          FDRE (Prop_fdre_C_Q)         0.419     5.736 r  U5/refresh_counter_reg[2]/Q
                         net (fo=10, routed)          0.856     6.592    U5/refresh_counter_reg_n_0_[2]
    SLICE_X0Y79          LUT2 (Prop_lut2_I1_O)        0.296     6.888 r  U5/SEG_OBUF[6]_inst_i_6/O
                         net (fo=7, routed)           0.494     7.382    U5/SEG_OBUF[6]_inst_i_6_n_0
    SLICE_X0Y77          LUT6 (Prop_lut6_I0_O)        0.124     7.506 r  U5/SEG_OBUF[5]_inst_i_1/O
                         net (fo=1, routed)           2.717    10.223    SEG_OBUF[5]
    R10                  OBUF (Prop_obuf_I_O)         3.555    13.779 r  SEG_OBUF[5]_inst/O
                         net (fo=0)                   0.000    13.779    SEG[5]
    R10                                                               r  SEG[5] (OUT)
  -------------------------------------------------------------------    -------------------

Slack:                    inf
  Source:                 U5/refresh_counter_reg[2]/C
                            (rising edge-triggered cell FDRE clocked by sys_clk_pin  {rise@0.000ns fall@10.000ns period=20.000ns})
  Destination:            SEG[6]
                            (output port)
  Path Group:             (none)
  Path Type:              Max at Slow Process Corner
  Data Path Delay:        8.429ns  (logic 4.416ns (52.389%)  route 4.013ns (47.611%))
  Logic Levels:           3  (LUT2=1 LUT6=1 OBUF=1)
  Clock Uncertainty:      0.025ns  ((TSJ^2 + TIJ^2)^1/2 + DJ) / 2 + PE
    Total System Jitter     (TSJ):    0.050ns
    Total Input Jitter      (TIJ):    0.000ns
    Discrete Jitter          (DJ):    0.000ns
    Phase Error              (PE):    0.000ns

    Location             Delay type                Incr(ns)  Path(ns)    Netlist Resource(s)
  -------------------------------------------------------------------    -------------------
                         (clock sys_clk_pin rise edge)
                                                      0.000     0.000 r  
    E3                                                0.000     0.000 r  CLK (IN)
                         net (fo=0)                   0.000     0.000    CLK
    E3                   IBUF (Prop_ibuf_I_O)         1.482     1.482 r  CLK_IBUF_inst/O
                         net (fo=1, routed)           2.025     3.506    CLK_IBUF
    BUFGCTRL_X0Y16       BUFG (Prop_bufg_I_O)         0.096     3.602 r  CLK_IBUF_BUFG_inst/O
                         net (fo=34, routed)          1.714     5.317    U5/CLK
    SLICE_X0Y81          FDRE                                         r  U5/refresh_counter_reg[2]/C
  -------------------------------------------------------------------    -------------------
    SLICE_X0Y81          FDRE (Prop_fdre_C_Q)         0.419     5.736 r  U5/refresh_counter_reg[2]/Q
                         net (fo=10, routed)          0.856     6.592    U5/refresh_counter_reg_n_0_[2]
    SLICE_X0Y79          LUT2 (Prop_lut2_I1_O)        0.296     6.888 r  U5/SEG_OBUF[6]_inst_i_6/O
                         net (fo=7, routed)           0.497     7.385    U5/SEG_OBUF[6]_inst_i_6_n_0
    SLICE_X0Y77          LUT6 (Prop_lut6_I5_O)        0.124     7.509 r  U5/SEG_OBUF[6]_inst_i_1/O
                         net (fo=1, routed)           2.660    10.169    SEG_OBUF[6]
    T10                  OBUF (Prop_obuf_I_O)         3.577    13.746 r  SEG_OBUF[6]_inst/O
                         net (fo=0)                   0.000    13.746    SEG[6]
    T10                                                               r  SEG[6] (OUT)
  -------------------------------------------------------------------    -------------------

Slack:                    inf
  Source:                 U5/refresh_counter_reg[2]/C
                            (rising edge-triggered cell FDRE clocked by sys_clk_pin  {rise@0.000ns fall@10.000ns period=20.000ns})
  Destination:            SEG[1]
                            (output port)
  Path Group:             (none)
  Path Type:              Max at Slow Process Corner
  Data Path Delay:        8.199ns  (logic 4.400ns (53.661%)  route 3.799ns (46.339%))
  Logic Levels:           3  (LUT2=1 LUT6=1 OBUF=1)
  Clock Uncertainty:      0.025ns  ((TSJ^2 + TIJ^2)^1/2 + DJ) / 2 + PE
    Total System Jitter     (TSJ):    0.050ns
    Total Input Jitter      (TIJ):    0.000ns
    Discrete Jitter          (DJ):    0.000ns
    Phase Error              (PE):    0.000ns

    Location             Delay type                Incr(ns)  Path(ns)    Netlist Resource(s)
  -------------------------------------------------------------------    -------------------
                         (clock sys_clk_pin rise edge)
                                                      0.000     0.000 r  
    E3                                                0.000     0.000 r  CLK (IN)
                         net (fo=0)                   0.000     0.000    CLK
    E3                   IBUF (Prop_ibuf_I_O)         1.482     1.482 r  CLK_IBUF_inst/O
                         net (fo=1, routed)           2.025     3.506    CLK_IBUF
    BUFGCTRL_X0Y16       BUFG (Prop_bufg_I_O)         0.096     3.602 r  CLK_IBUF_BUFG_inst/O
                         net (fo=34, routed)          1.714     5.317    U5/CLK
    SLICE_X0Y81          FDRE                                         r  U5/refresh_counter_reg[2]/C
  -------------------------------------------------------------------    -------------------
    SLICE_X0Y81          FDRE (Prop_fdre_C_Q)         0.419     5.736 r  U5/refresh_counter_reg[2]/Q
                         net (fo=10, routed)          0.856     6.592    U5/refresh_counter_reg_n_0_[2]
    SLICE_X0Y79          LUT2 (Prop_lut2_I1_O)        0.296     6.888 r  U5/SEG_OBUF[6]_inst_i_6/O
                         net (fo=7, routed)           0.780     7.668    U5/SEG_OBUF[6]_inst_i_6_n_0
    SLICE_X0Y77          LUT6 (Prop_lut6_I0_O)        0.124     7.792 r  U5/SEG_OBUF[1]_inst_i_1/O
                         net (fo=1, routed)           2.163     9.955    SEG_OBUF[1]
    T11                  OBUF (Prop_obuf_I_O)         3.561    13.516 r  SEG_OBUF[1]_inst/O
                         net (fo=0)                   0.000    13.516    SEG[1]
    T11                                                               r  SEG[1] (OUT)
  -------------------------------------------------------------------    -------------------

Slack:                    inf
  Source:                 U5/refresh_counter_reg[0]/C
                            (rising edge-triggered cell FDRE clocked by sys_clk_pin  {rise@0.000ns fall@10.000ns period=20.000ns})
  Destination:            AN[7]
                            (output port)
  Path Group:             (none)
  Path Type:              Max at Slow Process Corner
  Data Path Delay:        8.045ns  (logic 4.363ns (54.237%)  route 3.682ns (45.763%))
  Logic Levels:           2  (LUT3=1 OBUF=1)
  Clock Uncertainty:      0.025ns  ((TSJ^2 + TIJ^2)^1/2 + DJ) / 2 + PE
    Total System Jitter     (TSJ):    0.050ns
    Total Input Jitter      (TIJ):    0.000ns
    Discrete Jitter          (DJ):    0.000ns
    Phase Error              (PE):    0.000ns

    Location             Delay type                Incr(ns)  Path(ns)    Netlist Resource(s)
  -------------------------------------------------------------------    -------------------
                         (clock sys_clk_pin rise edge)
                                                      0.000     0.000 r  
    E3                                                0.000     0.000 r  CLK (IN)
                         net (fo=0)                   0.000     0.000    CLK
    E3                   IBUF (Prop_ibuf_I_O)         1.482     1.482 r  CLK_IBUF_inst/O
                         net (fo=1, routed)           2.025     3.506    CLK_IBUF
    BUFGCTRL_X0Y16       BUFG (Prop_bufg_I_O)         0.096     3.602 r  CLK_IBUF_BUFG_inst/O
                         net (fo=34, routed)          1.714     5.317    U5/CLK
    SLICE_X0Y81          FDRE                                         r  U5/refresh_counter_reg[0]/C
  -------------------------------------------------------------------    -------------------
    SLICE_X0Y81          FDRE (Prop_fdre_C_Q)         0.456     5.773 f  U5/refresh_counter_reg[0]/Q
                         net (fo=18, routed)          1.022     6.794    U5/refresh_counter_reg_n_0_[0]
    SLICE_X0Y79          LUT3 (Prop_lut3_I1_O)        0.152     6.946 r  U5/AN_OBUF[7]_inst_i_1/O
                         net (fo=1, routed)           2.660     9.606    AN_OBUF[7]
    U13                  OBUF (Prop_obuf_I_O)         3.755    13.362 r  AN_OBUF[7]_inst/O
                         net (fo=0)                   0.000    13.362    AN[7]
    U13                                                               r  AN[7] (OUT)
  -------------------------------------------------------------------    -------------------

Slack:                    inf
  Source:                 U5/refresh_counter_reg[2]/C
                            (rising edge-triggered cell FDRE clocked by sys_clk_pin  {rise@0.000ns fall@10.000ns period=20.000ns})
  Destination:            SEG[4]
                            (output port)
  Path Group:             (none)
  Path Type:              Max at Slow Process Corner
  Data Path Delay:        7.988ns  (logic 4.332ns (54.229%)  route 3.656ns (45.771%))
  Logic Levels:           3  (LUT2=1 LUT6=1 OBUF=1)
  Clock Uncertainty:      0.025ns  ((TSJ^2 + TIJ^2)^1/2 + DJ) / 2 + PE
    Total System Jitter     (TSJ):    0.050ns
    Total Input Jitter      (TIJ):    0.000ns
    Discrete Jitter          (DJ):    0.000ns
    Phase Error              (PE):    0.000ns

    Location             Delay type                Incr(ns)  Path(ns)    Netlist Resource(s)
  -------------------------------------------------------------------    -------------------
                         (clock sys_clk_pin rise edge)
                                                      0.000     0.000 r  
    E3                                                0.000     0.000 r  CLK (IN)
                         net (fo=0)                   0.000     0.000    CLK
    E3                   IBUF (Prop_ibuf_I_O)         1.482     1.482 r  CLK_IBUF_inst/O
                         net (fo=1, routed)           2.025     3.506    CLK_IBUF
    BUFGCTRL_X0Y16       BUFG (Prop_bufg_I_O)         0.096     3.602 r  CLK_IBUF_BUFG_inst/O
                         net (fo=34, routed)          1.714     5.317    U5/CLK
    SLICE_X0Y81          FDRE                                         r  U5/refresh_counter_reg[2]/C
  -------------------------------------------------------------------    -------------------
    SLICE_X0Y81          FDRE (Prop_fdre_C_Q)         0.419     5.736 r  U5/refresh_counter_reg[2]/Q
                         net (fo=10, routed)          0.856     6.592    U5/refresh_counter_reg_n_0_[2]
    SLICE_X0Y79          LUT2 (Prop_lut2_I1_O)        0.296     6.888 r  U5/SEG_OBUF[6]_inst_i_6/O
                         net (fo=7, routed)           0.327     7.215    U5/SEG_OBUF[6]_inst_i_6_n_0
    SLICE_X0Y78          LUT6 (Prop_lut6_I0_O)        0.124     7.339 r  U5/SEG_OBUF[4]_inst_i_1/O
                         net (fo=1, routed)           2.473     9.812    SEG_OBUF[4]
    K16                  OBUF (Prop_obuf_I_O)         3.493    13.305 r  SEG_OBUF[4]_inst/O
                         net (fo=0)                   0.000    13.305    SEG[4]
    K16                                                               r  SEG[4] (OUT)
  -------------------------------------------------------------------    -------------------

Slack:                    inf
  Source:                 U5/refresh_counter_reg[2]/C
                            (rising edge-triggered cell FDRE clocked by sys_clk_pin  {rise@0.000ns fall@10.000ns period=20.000ns})
  Destination:            SEG[0]
                            (output port)
  Path Group:             (none)
  Path Type:              Max at Slow Process Corner
  Data Path Delay:        7.944ns  (logic 4.376ns (55.090%)  route 3.568ns (44.910%))
  Logic Levels:           3  (LUT2=1 LUT6=1 OBUF=1)
  Clock Uncertainty:      0.025ns  ((TSJ^2 + TIJ^2)^1/2 + DJ) / 2 + PE
    Total System Jitter     (TSJ):    0.050ns
    Total Input Jitter      (TIJ):    0.000ns
    Discrete Jitter          (DJ):    0.000ns
    Phase Error              (PE):    0.000ns

    Location             Delay type                Incr(ns)  Path(ns)    Netlist Resource(s)
  -------------------------------------------------------------------    -------------------
                         (clock sys_clk_pin rise edge)
                                                      0.000     0.000 r  
    E3                                                0.000     0.000 r  CLK (IN)
                         net (fo=0)                   0.000     0.000    CLK
    E3                   IBUF (Prop_ibuf_I_O)         1.482     1.482 r  CLK_IBUF_inst/O
                         net (fo=1, routed)           2.025     3.506    CLK_IBUF
    BUFGCTRL_X0Y16       BUFG (Prop_bufg_I_O)         0.096     3.602 r  CLK_IBUF_BUFG_inst/O
                         net (fo=34, routed)          1.714     5.317    U5/CLK
    SLICE_X0Y81          FDRE                                         r  U5/refresh_counter_reg[2]/C
  -------------------------------------------------------------------    -------------------
    SLICE_X0Y81          FDRE (Prop_fdre_C_Q)         0.419     5.736 r  U5/refresh_counter_reg[2]/Q
                         net (fo=10, routed)          0.856     6.592    U5/refresh_counter_reg_n_0_[2]
    SLICE_X0Y79          LUT2 (Prop_lut2_I1_O)        0.296     6.888 r  U5/SEG_OBUF[6]_inst_i_6/O
                         net (fo=7, routed)           0.613     7.501    U5/SEG_OBUF[6]_inst_i_6_n_0
    SLICE_X0Y78          LUT6 (Prop_lut6_I5_O)        0.124     7.625 r  U5/SEG_OBUF[0]_inst_i_1/O
                         net (fo=1, routed)           2.099     9.723    SEG_OBUF[0]
    L18                  OBUF (Prop_obuf_I_O)         3.537    13.261 r  SEG_OBUF[0]_inst/O
                         net (fo=0)                   0.000    13.261    SEG[0]
    L18                                                               r  SEG[0] (OUT)
  -------------------------------------------------------------------    -------------------

Slack:                    inf
  Source:                 U5/refresh_counter_reg[0]/C
                            (rising edge-triggered cell FDRE clocked by sys_clk_pin  {rise@0.000ns fall@10.000ns period=20.000ns})
  Destination:            AN[2]
                            (output port)
  Path Group:             (none)
  Path Type:              Max at Slow Process Corner
  Data Path Delay:        7.749ns  (logic 4.154ns (53.611%)  route 3.595ns (46.389%))
  Logic Levels:           2  (LUT3=1 OBUF=1)
  Clock Uncertainty:      0.025ns  ((TSJ^2 + TIJ^2)^1/2 + DJ) / 2 + PE
    Total System Jitter     (TSJ):    0.050ns
    Total Input Jitter      (TIJ):    0.000ns
    Discrete Jitter          (DJ):    0.000ns
    Phase Error              (PE):    0.000ns

    Location             Delay type                Incr(ns)  Path(ns)    Netlist Resource(s)
  -------------------------------------------------------------------    -------------------
                         (clock sys_clk_pin rise edge)
                                                      0.000     0.000 r  
    E3                                                0.000     0.000 r  CLK (IN)
                         net (fo=0)                   0.000     0.000    CLK
    E3                   IBUF (Prop_ibuf_I_O)         1.482     1.482 r  CLK_IBUF_inst/O
                         net (fo=1, routed)           2.025     3.506    CLK_IBUF
    BUFGCTRL_X0Y16       BUFG (Prop_bufg_I_O)         0.096     3.602 r  CLK_IBUF_BUFG_inst/O
                         net (fo=34, routed)          1.714     5.317    U5/CLK
    SLICE_X0Y81          FDRE                                         r  U5/refresh_counter_reg[0]/C
  -------------------------------------------------------------------    -------------------
    SLICE_X0Y81          FDRE (Prop_fdre_C_Q)         0.456     5.773 r  U5/refresh_counter_reg[0]/Q
                         net (fo=18, routed)          1.022     6.794    U5/refresh_counter_reg_n_0_[0]
    SLICE_X0Y79          LUT3 (Prop_lut3_I2_O)        0.124     6.918 r  U5/AN_OBUF[2]_inst_i_1/O
                         net (fo=1, routed)           2.573     9.491    AN_OBUF[2]
    T9                   OBUF (Prop_obuf_I_O)         3.574    13.066 r  AN_OBUF[2]_inst/O
                         net (fo=0)                   0.000    13.066    AN[2]
    T9                                                                r  AN[2] (OUT)
  -------------------------------------------------------------------    -------------------

Slack:                    inf
  Source:                 U5/refresh_counter_reg[2]/C
                            (rising edge-triggered cell FDRE clocked by sys_clk_pin  {rise@0.000ns fall@10.000ns period=20.000ns})
  Destination:            SEG[2]
                            (output port)
  Path Group:             (none)
  Path Type:              Max at Slow Process Corner
  Data Path Delay:        7.747ns  (logic 4.373ns (56.444%)  route 3.374ns (43.556%))
  Logic Levels:           3  (LUT2=1 LUT6=1 OBUF=1)
  Clock Uncertainty:      0.025ns  ((TSJ^2 + TIJ^2)^1/2 + DJ) / 2 + PE
    Total System Jitter     (TSJ):    0.050ns
    Total Input Jitter      (TIJ):    0.000ns
    Discrete Jitter          (DJ):    0.000ns
    Phase Error              (PE):    0.000ns

    Location             Delay type                Incr(ns)  Path(ns)    Netlist Resource(s)
  -------------------------------------------------------------------    -------------------
                         (clock sys_clk_pin rise edge)
                                                      0.000     0.000 r  
    E3                                                0.000     0.000 r  CLK (IN)
                         net (fo=0)                   0.000     0.000    CLK
    E3                   IBUF (Prop_ibuf_I_O)         1.482     1.482 r  CLK_IBUF_inst/O
                         net (fo=1, routed)           2.025     3.506    CLK_IBUF
    BUFGCTRL_X0Y16       BUFG (Prop_bufg_I_O)         0.096     3.602 r  CLK_IBUF_BUFG_inst/O
                         net (fo=34, routed)          1.714     5.317    U5/CLK
    SLICE_X0Y81          FDRE                                         r  U5/refresh_counter_reg[2]/C
  -------------------------------------------------------------------    -------------------
    SLICE_X0Y81          FDRE (Prop_fdre_C_Q)         0.419     5.736 r  U5/refresh_counter_reg[2]/Q
                         net (fo=10, routed)          0.856     6.592    U5/refresh_counter_reg_n_0_[2]
    SLICE_X0Y79          LUT2 (Prop_lut2_I1_O)        0.296     6.888 r  U5/SEG_OBUF[6]_inst_i_6/O
                         net (fo=7, routed)           0.769     7.657    U5/SEG_OBUF[6]_inst_i_6_n_0
    SLICE_X0Y77          LUT6 (Prop_lut6_I0_O)        0.124     7.781 r  U5/SEG_OBUF[2]_inst_i_1/O
                         net (fo=1, routed)           1.749     9.530    SEG_OBUF[2]
    P15                  OBUF (Prop_obuf_I_O)         3.534    13.063 r  SEG_OBUF[2]_inst/O
                         net (fo=0)                   0.000    13.063    SEG[2]
    P15                                                               r  SEG[2] (OUT)
  -------------------------------------------------------------------    -------------------





Min Delay Paths
--------------------------------------------------------------------------------------
Slack:                    inf
  Source:                 U5/refresh_counter_reg[1]/C
                            (rising edge-triggered cell FDRE clocked by sys_clk_pin  {rise@0.000ns fall@10.000ns period=20.000ns})
  Destination:            AN[4]
                            (output port)
  Path Group:             (none)
  Path Type:              Min at Fast Process Corner
  Data Path Delay:        1.959ns  (logic 1.437ns (73.349%)  route 0.522ns (26.651%))
  Logic Levels:           2  (LUT3=1 OBUF=1)
  Clock Uncertainty:      0.025ns  ((TSJ^2 + TIJ^2)^1/2 + DJ) / 2 + PE
    Total System Jitter     (TSJ):    0.050ns
    Total Input Jitter      (TIJ):    0.000ns
    Discrete Jitter          (DJ):    0.000ns
    Phase Error              (PE):    0.000ns

    Location             Delay type                Incr(ns)  Path(ns)    Netlist Resource(s)
  -------------------------------------------------------------------    -------------------
                         (clock sys_clk_pin rise edge)
                                                      0.000     0.000 r  
    E3                                                0.000     0.000 r  CLK (IN)
                         net (fo=0)                   0.000     0.000    CLK
    E3                   IBUF (Prop_ibuf_I_O)         0.250     0.250 r  CLK_IBUF_inst/O
                         net (fo=1, routed)           0.644     0.894    CLK_IBUF
    BUFGCTRL_X0Y16       BUFG (Prop_bufg_I_O)         0.026     0.920 r  CLK_IBUF_BUFG_inst/O
                         net (fo=34, routed)          0.597     1.516    U5/CLK
    SLICE_X0Y81          FDRE                                         r  U5/refresh_counter_reg[1]/C
  -------------------------------------------------------------------    -------------------
    SLICE_X0Y81          FDRE (Prop_fdre_C_Q)         0.141     1.657 r  U5/refresh_counter_reg[1]/Q
                         net (fo=11, routed)          0.197     1.855    U5/refresh_counter_reg_n_0_[1]
    SLICE_X0Y82          LUT3 (Prop_lut3_I2_O)        0.045     1.900 r  U5/AN_OBUF[4]_inst_i_1/O
                         net (fo=1, routed)           0.325     2.224    AN_OBUF[4]
    P14                  OBUF (Prop_obuf_I_O)         1.251     3.475 r  AN_OBUF[4]_inst/O
                         net (fo=0)                   0.000     3.475    AN[4]
    P14                                                               r  AN[4] (OUT)
  -------------------------------------------------------------------    -------------------

Slack:                    inf
  Source:                 U5/refresh_counter_reg[0]/C
                            (rising edge-triggered cell FDRE clocked by sys_clk_pin  {rise@0.000ns fall@10.000ns period=20.000ns})
  Destination:            SEG[2]
                            (output port)
  Path Group:             (none)
  Path Type:              Min at Fast Process Corner
  Data Path Delay:        2.127ns  (logic 1.420ns (66.772%)  route 0.707ns (33.228%))
  Logic Levels:           2  (LUT6=1 OBUF=1)
  Clock Uncertainty:      0.025ns  ((TSJ^2 + TIJ^2)^1/2 + DJ) / 2 + PE
    Total System Jitter     (TSJ):    0.050ns
    Total Input Jitter      (TIJ):    0.000ns
    Discrete Jitter          (DJ):    0.000ns
    Phase Error              (PE):    0.000ns

    Location             Delay type                Incr(ns)  Path(ns)    Netlist Resource(s)
  -------------------------------------------------------------------    -------------------
                         (clock sys_clk_pin rise edge)
                                                      0.000     0.000 r  
    E3                                                0.000     0.000 r  CLK (IN)
                         net (fo=0)                   0.000     0.000    CLK
    E3                   IBUF (Prop_ibuf_I_O)         0.250     0.250 r  CLK_IBUF_inst/O
                         net (fo=1, routed)           0.644     0.894    CLK_IBUF
    BUFGCTRL_X0Y16       BUFG (Prop_bufg_I_O)         0.026     0.920 r  CLK_IBUF_BUFG_inst/O
                         net (fo=34, routed)          0.597     1.516    U5/CLK
    SLICE_X0Y81          FDRE                                         r  U5/refresh_counter_reg[0]/C
  -------------------------------------------------------------------    -------------------
    SLICE_X0Y81          FDRE (Prop_fdre_C_Q)         0.141     1.657 r  U5/refresh_counter_reg[0]/Q
                         net (fo=18, routed)          0.313     1.970    U5/refresh_counter_reg_n_0_[0]
    SLICE_X0Y77          LUT6 (Prop_lut6_I1_O)        0.045     2.015 r  U5/SEG_OBUF[2]_inst_i_1/O
                         net (fo=1, routed)           0.394     2.409    SEG_OBUF[2]
    P15                  OBUF (Prop_obuf_I_O)         1.234     3.644 r  SEG_OBUF[2]_inst/O
                         net (fo=0)                   0.000     3.644    SEG[2]
    P15                                                               r  SEG[2] (OUT)
  -------------------------------------------------------------------    -------------------

Slack:                    inf
  Source:                 U5/refresh_counter_reg[0]/C
                            (rising edge-triggered cell FDRE clocked by sys_clk_pin  {rise@0.000ns fall@10.000ns period=20.000ns})
  Destination:            SEG[0]
                            (output port)
  Path Group:             (none)
  Path Type:              Min at Fast Process Corner
  Data Path Delay:        2.172ns  (logic 1.424ns (65.561%)  route 0.748ns (34.439%))
  Logic Levels:           2  (LUT6=1 OBUF=1)
  Clock Uncertainty:      0.025ns  ((TSJ^2 + TIJ^2)^1/2 + DJ) / 2 + PE
    Total System Jitter     (TSJ):    0.050ns
    Total Input Jitter      (TIJ):    0.000ns
    Discrete Jitter          (DJ):    0.000ns
    Phase Error              (PE):    0.000ns

    Location             Delay type                Incr(ns)  Path(ns)    Netlist Resource(s)
  -------------------------------------------------------------------    -------------------
                         (clock sys_clk_pin rise edge)
                                                      0.000     0.000 r  
    E3                                                0.000     0.000 r  CLK (IN)
                         net (fo=0)                   0.000     0.000    CLK
    E3                   IBUF (Prop_ibuf_I_O)         0.250     0.250 r  CLK_IBUF_inst/O
                         net (fo=1, routed)           0.644     0.894    CLK_IBUF
    BUFGCTRL_X0Y16       BUFG (Prop_bufg_I_O)         0.026     0.920 r  CLK_IBUF_BUFG_inst/O
                         net (fo=34, routed)          0.597     1.516    U5/CLK
    SLICE_X0Y81          FDRE                                         r  U5/refresh_counter_reg[0]/C
  -------------------------------------------------------------------    -------------------
    SLICE_X0Y81          FDRE (Prop_fdre_C_Q)         0.141     1.657 r  U5/refresh_counter_reg[0]/Q
                         net (fo=18, routed)          0.234     1.891    U5/refresh_counter_reg_n_0_[0]
    SLICE_X0Y78          LUT6 (Prop_lut6_I4_O)        0.045     1.936 r  U5/SEG_OBUF[0]_inst_i_1/O
                         net (fo=1, routed)           0.515     2.450    SEG_OBUF[0]
    L18                  OBUF (Prop_obuf_I_O)         1.238     3.689 r  SEG_OBUF[0]_inst/O
                         net (fo=0)                   0.000     3.689    SEG[0]
    L18                                                               r  SEG[0] (OUT)
  -------------------------------------------------------------------    -------------------

Slack:                    inf
  Source:                 U5/refresh_counter_reg[1]/C
                            (rising edge-triggered cell FDRE clocked by sys_clk_pin  {rise@0.000ns fall@10.000ns period=20.000ns})
  Destination:            AN[3]
                            (output port)
  Path Group:             (none)
  Path Type:              Min at Fast Process Corner
  Data Path Delay:        2.272ns  (logic 1.439ns (63.312%)  route 0.834ns (36.688%))
  Logic Levels:           2  (LUT3=1 OBUF=1)
  Clock Uncertainty:      0.025ns  ((TSJ^2 + TIJ^2)^1/2 + DJ) / 2 + PE
    Total System Jitter     (TSJ):    0.050ns
    Total Input Jitter      (TIJ):    0.000ns
    Discrete Jitter          (DJ):    0.000ns
    Phase Error              (PE):    0.000ns

    Location             Delay type                Incr(ns)  Path(ns)    Netlist Resource(s)
  -------------------------------------------------------------------    -------------------
                         (clock sys_clk_pin rise edge)
                                                      0.000     0.000 r  
    E3                                                0.000     0.000 r  CLK (IN)
                         net (fo=0)                   0.000     0.000    CLK
    E3                   IBUF (Prop_ibuf_I_O)         0.250     0.250 r  CLK_IBUF_inst/O
                         net (fo=1, routed)           0.644     0.894    CLK_IBUF
    BUFGCTRL_X0Y16       BUFG (Prop_bufg_I_O)         0.026     0.920 r  CLK_IBUF_BUFG_inst/O
                         net (fo=34, routed)          0.597     1.516    U5/CLK
    SLICE_X0Y81          FDRE                                         r  U5/refresh_counter_reg[1]/C
  -------------------------------------------------------------------    -------------------
    SLICE_X0Y81          FDRE (Prop_fdre_C_Q)         0.141     1.657 f  U5/refresh_counter_reg[1]/Q
                         net (fo=11, routed)          0.196     1.854    U5/refresh_counter_reg_n_0_[1]
    SLICE_X0Y82          LUT3 (Prop_lut3_I2_O)        0.045     1.899 r  U5/AN_OBUF[3]_inst_i_1/O
                         net (fo=1, routed)           0.638     2.536    AN_OBUF[3]
    J14                  OBUF (Prop_obuf_I_O)         1.253     3.789 r  AN_OBUF[3]_inst/O
                         net (fo=0)                   0.000     3.789    AN[3]
    J14                                                               r  AN[3] (OUT)
  -------------------------------------------------------------------    -------------------

Slack:                    inf
  Source:                 U5/refresh_counter_reg[1]/C
                            (rising edge-triggered cell FDRE clocked by sys_clk_pin  {rise@0.000ns fall@10.000ns period=20.000ns})
  Destination:            AN[5]
                            (output port)
  Path Group:             (none)
  Path Type:              Min at Fast Process Corner
  Data Path Delay:        2.276ns  (logic 1.499ns (65.875%)  route 0.777ns (34.125%))
  Logic Levels:           2  (LUT3=1 OBUF=1)
  Clock Uncertainty:      0.025ns  ((TSJ^2 + TIJ^2)^1/2 + DJ) / 2 + PE
    Total System Jitter     (TSJ):    0.050ns
    Total Input Jitter      (TIJ):    0.000ns
    Discrete Jitter          (DJ):    0.000ns
    Phase Error              (PE):    0.000ns

    Location             Delay type                Incr(ns)  Path(ns)    Netlist Resource(s)
  -------------------------------------------------------------------    -------------------
                         (clock sys_clk_pin rise edge)
                                                      0.000     0.000 r  
    E3                                                0.000     0.000 r  CLK (IN)
                         net (fo=0)                   0.000     0.000    CLK
    E3                   IBUF (Prop_ibuf_I_O)         0.250     0.250 r  CLK_IBUF_inst/O
                         net (fo=1, routed)           0.644     0.894    CLK_IBUF
    BUFGCTRL_X0Y16       BUFG (Prop_bufg_I_O)         0.026     0.920 r  CLK_IBUF_BUFG_inst/O
                         net (fo=34, routed)          0.597     1.516    U5/CLK
    SLICE_X0Y81          FDRE                                         r  U5/refresh_counter_reg[1]/C
  -------------------------------------------------------------------    -------------------
    SLICE_X0Y81          FDRE (Prop_fdre_C_Q)         0.141     1.657 r  U5/refresh_counter_reg[1]/Q
                         net (fo=11, routed)          0.256     1.914    U5/refresh_counter_reg_n_0_[1]
    SLICE_X0Y81          LUT3 (Prop_lut3_I1_O)        0.044     1.958 r  U5/AN_OBUF[5]_inst_i_1/O
                         net (fo=1, routed)           0.520     2.478    AN_OBUF[5]
    T14                  OBUF (Prop_obuf_I_O)         1.314     3.792 r  AN_OBUF[5]_inst/O
                         net (fo=0)                   0.000     3.792    AN[5]
    T14                                                               r  AN[5] (OUT)
  -------------------------------------------------------------------    -------------------

Slack:                    inf
  Source:                 U5/refresh_counter_reg[1]/C
                            (rising edge-triggered cell FDRE clocked by sys_clk_pin  {rise@0.000ns fall@10.000ns period=20.000ns})
  Destination:            AN[1]
                            (output port)
  Path Group:             (none)
  Path Type:              Min at Fast Process Corner
  Data Path Delay:        2.281ns  (logic 1.422ns (62.364%)  route 0.858ns (37.636%))
  Logic Levels:           2  (LUT3=1 OBUF=1)
  Clock Uncertainty:      0.025ns  ((TSJ^2 + TIJ^2)^1/2 + DJ) / 2 + PE
    Total System Jitter     (TSJ):    0.050ns
    Total Input Jitter      (TIJ):    0.000ns
    Discrete Jitter          (DJ):    0.000ns
    Phase Error              (PE):    0.000ns

    Location             Delay type                Incr(ns)  Path(ns)    Netlist Resource(s)
  -------------------------------------------------------------------    -------------------
                         (clock sys_clk_pin rise edge)
                                                      0.000     0.000 r  
    E3                                                0.000     0.000 r  CLK (IN)
                         net (fo=0)                   0.000     0.000    CLK
    E3                   IBUF (Prop_ibuf_I_O)         0.250     0.250 r  CLK_IBUF_inst/O
                         net (fo=1, routed)           0.644     0.894    CLK_IBUF
    BUFGCTRL_X0Y16       BUFG (Prop_bufg_I_O)         0.026     0.920 r  CLK_IBUF_BUFG_inst/O
                         net (fo=34, routed)          0.597     1.516    U5/CLK
    SLICE_X0Y81          FDRE                                         r  U5/refresh_counter_reg[1]/C
  -------------------------------------------------------------------    -------------------
    SLICE_X0Y81          FDRE (Prop_fdre_C_Q)         0.141     1.657 r  U5/refresh_counter_reg[1]/Q
                         net (fo=11, routed)          0.256     1.914    U5/refresh_counter_reg_n_0_[1]
    SLICE_X0Y81          LUT3 (Prop_lut3_I1_O)        0.045     1.959 r  U5/AN_OBUF[1]_inst_i_1/O
                         net (fo=1, routed)           0.602     2.561    AN_OBUF[1]
    J18                  OBUF (Prop_obuf_I_O)         1.236     3.797 r  AN_OBUF[1]_inst/O
                         net (fo=0)                   0.000     3.797    AN[1]
    J18                                                               r  AN[1] (OUT)
  -------------------------------------------------------------------    -------------------

Slack:                    inf
  Source:                 U5/refresh_counter_reg[1]/C
                            (rising edge-triggered cell FDRE clocked by sys_clk_pin  {rise@0.000ns fall@10.000ns period=20.000ns})
  Destination:            AN[0]
                            (output port)
  Path Group:             (none)
  Path Type:              Min at Fast Process Corner
  Data Path Delay:        2.309ns  (logic 1.493ns (64.670%)  route 0.816ns (35.330%))
  Logic Levels:           2  (LUT3=1 OBUF=1)
  Clock Uncertainty:      0.025ns  ((TSJ^2 + TIJ^2)^1/2 + DJ) / 2 + PE
    Total System Jitter     (TSJ):    0.050ns
    Total Input Jitter      (TIJ):    0.000ns
    Discrete Jitter          (DJ):    0.000ns
    Phase Error              (PE):    0.000ns

    Location             Delay type                Incr(ns)  Path(ns)    Netlist Resource(s)
  -------------------------------------------------------------------    -------------------
                         (clock sys_clk_pin rise edge)
                                                      0.000     0.000 r  
    E3                                                0.000     0.000 r  CLK (IN)
                         net (fo=0)                   0.000     0.000    CLK
    E3                   IBUF (Prop_ibuf_I_O)         0.250     0.250 r  CLK_IBUF_inst/O
                         net (fo=1, routed)           0.644     0.894    CLK_IBUF
    BUFGCTRL_X0Y16       BUFG (Prop_bufg_I_O)         0.026     0.920 r  CLK_IBUF_BUFG_inst/O
                         net (fo=34, routed)          0.597     1.516    U5/CLK
    SLICE_X0Y81          FDRE                                         r  U5/refresh_counter_reg[1]/C
  -------------------------------------------------------------------    -------------------
    SLICE_X0Y81          FDRE (Prop_fdre_C_Q)         0.141     1.657 r  U5/refresh_counter_reg[1]/Q
                         net (fo=11, routed)          0.197     1.855    U5/refresh_counter_reg_n_0_[1]
    SLICE_X0Y82          LUT3 (Prop_lut3_I2_O)        0.049     1.904 r  U5/AN_OBUF[0]_inst_i_1/O
                         net (fo=1, routed)           0.619     2.522    AN_OBUF[0]
    J17                  OBUF (Prop_obuf_I_O)         1.303     3.826 r  AN_OBUF[0]_inst/O
                         net (fo=0)                   0.000     3.826    AN[0]
    J17                                                               r  AN[0] (OUT)
  -------------------------------------------------------------------    -------------------

Slack:                    inf
  Source:                 U5/refresh_counter_reg[0]/C
                            (rising edge-triggered cell FDRE clocked by sys_clk_pin  {rise@0.000ns fall@10.000ns period=20.000ns})
  Destination:            SEG[1]
                            (output port)
  Path Group:             (none)
  Path Type:              Min at Fast Process Corner
  Data Path Delay:        2.313ns  (logic 1.447ns (62.568%)  route 0.866ns (37.432%))
  Logic Levels:           2  (LUT6=1 OBUF=1)
  Clock Uncertainty:      0.025ns  ((TSJ^2 + TIJ^2)^1/2 + DJ) / 2 + PE
    Total System Jitter     (TSJ):    0.050ns
    Total Input Jitter      (TIJ):    0.000ns
    Discrete Jitter          (DJ):    0.000ns
    Phase Error              (PE):    0.000ns

    Location             Delay type                Incr(ns)  Path(ns)    Netlist Resource(s)
  -------------------------------------------------------------------    -------------------
                         (clock sys_clk_pin rise edge)
                                                      0.000     0.000 r  
    E3                                                0.000     0.000 r  CLK (IN)
                         net (fo=0)                   0.000     0.000    CLK
    E3                   IBUF (Prop_ibuf_I_O)         0.250     0.250 r  CLK_IBUF_inst/O
                         net (fo=1, routed)           0.644     0.894    CLK_IBUF
    BUFGCTRL_X0Y16       BUFG (Prop_bufg_I_O)         0.026     0.920 r  CLK_IBUF_BUFG_inst/O
                         net (fo=34, routed)          0.597     1.516    U5/CLK
    SLICE_X0Y81          FDRE                                         r  U5/refresh_counter_reg[0]/C
  -------------------------------------------------------------------    -------------------
    SLICE_X0Y81          FDRE (Prop_fdre_C_Q)         0.141     1.657 r  U5/refresh_counter_reg[0]/Q
                         net (fo=18, routed)          0.314     1.971    U5/refresh_counter_reg_n_0_[0]
    SLICE_X0Y77          LUT6 (Prop_lut6_I5_O)        0.045     2.016 r  U5/SEG_OBUF[1]_inst_i_1/O
                         net (fo=1, routed)           0.552     2.568    SEG_OBUF[1]
    T11                  OBUF (Prop_obuf_I_O)         1.261     3.829 r  SEG_OBUF[1]_inst/O
                         net (fo=0)                   0.000     3.829    SEG[1]
    T11                                                               r  SEG[1] (OUT)
  -------------------------------------------------------------------    -------------------

Slack:                    inf
  Source:                 U5/refresh_counter_reg[0]/C
                            (rising edge-triggered cell FDRE clocked by sys_clk_pin  {rise@0.000ns fall@10.000ns period=20.000ns})
  Destination:            SEG[4]
                            (output port)
  Path Group:             (none)
  Path Type:              Min at Fast Process Corner
  Data Path Delay:        2.354ns  (logic 1.380ns (58.637%)  route 0.974ns (41.363%))
  Logic Levels:           2  (LUT6=1 OBUF=1)
  Clock Uncertainty:      0.025ns  ((TSJ^2 + TIJ^2)^1/2 + DJ) / 2 + PE
    Total System Jitter     (TSJ):    0.050ns
    Total Input Jitter      (TIJ):    0.000ns
    Discrete Jitter          (DJ):    0.000ns
    Phase Error              (PE):    0.000ns

    Location             Delay type                Incr(ns)  Path(ns)    Netlist Resource(s)
  -------------------------------------------------------------------    -------------------
                         (clock sys_clk_pin rise edge)
                                                      0.000     0.000 r  
    E3                                                0.000     0.000 r  CLK (IN)
                         net (fo=0)                   0.000     0.000    CLK
    E3                   IBUF (Prop_ibuf_I_O)         0.250     0.250 r  CLK_IBUF_inst/O
                         net (fo=1, routed)           0.644     0.894    CLK_IBUF
    BUFGCTRL_X0Y16       BUFG (Prop_bufg_I_O)         0.026     0.920 r  CLK_IBUF_BUFG_inst/O
                         net (fo=34, routed)          0.597     1.516    U5/CLK
    SLICE_X0Y81          FDRE                                         r  U5/refresh_counter_reg[0]/C
  -------------------------------------------------------------------    -------------------
    SLICE_X0Y81          FDRE (Prop_fdre_C_Q)         0.141     1.657 f  U5/refresh_counter_reg[0]/Q
                         net (fo=18, routed)          0.319     1.976    U5/refresh_counter_reg_n_0_[0]
    SLICE_X0Y78          LUT6 (Prop_lut6_I5_O)        0.045     2.021 r  U5/SEG_OBUF[4]_inst_i_1/O
                         net (fo=1, routed)           0.655     2.676    SEG_OBUF[4]
    K16                  OBUF (Prop_obuf_I_O)         1.194     3.870 r  SEG_OBUF[4]_inst/O
                         net (fo=0)                   0.000     3.870    SEG[4]
    K16                                                               r  SEG[4] (OUT)
  -------------------------------------------------------------------    -------------------

Slack:                    inf
  Source:                 U5/refresh_counter_reg[1]/C
                            (rising edge-triggered cell FDRE clocked by sys_clk_pin  {rise@0.000ns fall@10.000ns period=20.000ns})
  Destination:            AN[2]
                            (output port)
  Path Group:             (none)
  Path Type:              Min at Fast Process Corner
  Data Path Delay:        2.437ns  (logic 1.461ns (59.950%)  route 0.976ns (40.050%))
  Logic Levels:           2  (LUT3=1 OBUF=1)
  Clock Uncertainty:      0.025ns  ((TSJ^2 + TIJ^2)^1/2 + DJ) / 2 + PE
    Total System Jitter     (TSJ):    0.050ns
    Total Input Jitter      (TIJ):    0.000ns
    Discrete Jitter          (DJ):    0.000ns
    Phase Error              (PE):    0.000ns

    Location             Delay type                Incr(ns)  Path(ns)    Netlist Resource(s)
  -------------------------------------------------------------------    -------------------
                         (clock sys_clk_pin rise edge)
                                                      0.000     0.000 r  
    E3                                                0.000     0.000 r  CLK (IN)
                         net (fo=0)                   0.000     0.000    CLK
    E3                   IBUF (Prop_ibuf_I_O)         0.250     0.250 r  CLK_IBUF_inst/O
                         net (fo=1, routed)           0.644     0.894    CLK_IBUF
    BUFGCTRL_X0Y16       BUFG (Prop_bufg_I_O)         0.026     0.920 r  CLK_IBUF_BUFG_inst/O
                         net (fo=34, routed)          0.597     1.516    U5/CLK
    SLICE_X0Y81          FDRE                                         r  U5/refresh_counter_reg[1]/C
  -------------------------------------------------------------------    -------------------
    SLICE_X0Y81          FDRE (Prop_fdre_C_Q)         0.141     1.657 f  U5/refresh_counter_reg[1]/Q
                         net (fo=11, routed)          0.252     1.909    U5/refresh_counter_reg_n_0_[1]
    SLICE_X0Y79          LUT3 (Prop_lut3_I1_O)        0.045     1.954 r  U5/AN_OBUF[2]_inst_i_1/O
                         net (fo=1, routed)           0.724     2.678    AN_OBUF[2]
    T9                   OBUF (Prop_obuf_I_O)         1.275     3.953 r  AN_OBUF[2]_inst/O
                         net (fo=0)                   0.000     3.953    AN[2]
    T9                                                                r  AN[2] (OUT)
  -------------------------------------------------------------------    -------------------





