Copyright 1986-2022 Xilinx, Inc. All Rights Reserved. Copyright 2022-2024 Advanced Micro Devices, Inc. All Rights Reserved.
---------------------------------------------------------------------------------------------------------------------------------------------------------------------------------------------------------------------------------------------------
| Tool Version : Vivado v.2024.2 (win64) Build 5239630 Fri Nov 08 22:35:27 MST 2024
| Date         : Mon Jun 16 00:53:00 2025
| Host         : DESKTOP-KJS20PR running 64-bit major release  (build 9200)
| Command      : report_timing_summary -max_paths 10 -report_unconstrained -file VendingMachine_Top_timing_summary_routed.rpt -pb VendingMachine_Top_timing_summary_routed.pb -rpx VendingMachine_Top_timing_summary_routed.rpx -warn_on_violation
| Design       : VendingMachine_Top
| Device       : 7a100t-csg324
| Speed File   : -1  PRODUCTION 1.23 2018-06-13
| Design State : Routed
---------------------------------------------------------------------------------------------------------------------------------------------------------------------------------------------------------------------------------------------------

Timing Summary Report

------------------------------------------------------------------------------------------------
| Timer Settings
| --------------
------------------------------------------------------------------------------------------------

  Enable Multi Corner Analysis               :  Yes
  Enable Pessimism Removal                   :  Yes
  Pessimism Removal Resolution               :  Nearest Common Node
  Enable Input Delay Default Clock           :  No
  Enable Preset / Clear Arcs                 :  No
  Disable Flight Delays                      :  No
  Ignore I/O Paths                           :  No
  Timing Early Launch at Borrowing Latches   :  No
  Borrow Time for Max Delay Exceptions       :  Yes
  Merge Timing Exceptions                    :  Yes
  Inter-SLR Compensation                     :  Conservative

  Corner  Analyze    Analyze    
  Name    Max Paths  Min Paths  
  ------  ---------  ---------  
  Slow    Yes        Yes        
  Fast    Yes        Yes        


------------------------------------------------------------------------------------------------
| Report Methodology
| ------------------
------------------------------------------------------------------------------------------------

Rule       Severity  Description                     Violations  
---------  --------  ------------------------------  ----------  
TIMING-18  Warning   Missing input or output delay   29          
TIMING-20  Warning   Non-clocked latch               5           
LATCH-1    Advisory  Existing latches in the design  1           

Note: This report is based on the most recent report_methodology run and may not be up-to-date. Run report_methodology on the current design for the latest report.



check_timing report

Table of Contents
-----------------
1. checking no_clock (25)
2. checking constant_clock (0)
3. checking pulse_width_clock (0)
4. checking unconstrained_internal_endpoints (5)
5. checking no_input_delay (9)
6. checking no_output_delay (20)
7. checking multiple_clock (0)
8. checking generated_clocks (0)
9. checking loops (0)
10. checking partial_input_delay (0)
11. checking partial_output_delay (0)
12. checking latch_loops (0)

1. checking no_clock (25)
-------------------------
 There are 5 register/latch pins with no clock driven by root clock pin: SW[0] (HIGH)

 There are 5 register/latch pins with no clock driven by root clock pin: SW[1] (HIGH)

 There are 5 register/latch pins with no clock driven by root clock pin: SW[2] (HIGH)

 There are 5 register/latch pins with no clock driven by root clock pin: fsm_inst/FSM_sequential_current_state_reg[0]/Q (HIGH)

 There are 5 register/latch pins with no clock driven by root clock pin: fsm_inst/FSM_sequential_current_state_reg[1]/Q (HIGH)


2. checking constant_clock (0)
------------------------------
 There are 0 register/latch pins with constant_clock.


3. checking pulse_width_clock (0)
---------------------------------
 There are 0 register/latch pins which need pulse_width check


4. checking unconstrained_internal_endpoints (5)
------------------------------------------------
 There are 5 pins that are not constrained for maximum delay. (HIGH)

 There are 0 pins that are not constrained for maximum delay due to constant clock.


5. checking no_input_delay (9)
------------------------------
 There are 9 input ports with no input delay specified. (HIGH)

 There are 0 input ports with no input delay but user has a false path constraint.


6. checking no_output_delay (20)
--------------------------------
 There are 20 ports with no output delay specified. (HIGH)

 There are 0 ports with no output delay but user has a false path constraint

 There are 0 ports with no output delay but with a timing clock defined on it or propagating through it


7. checking multiple_clock (0)
------------------------------
 There are 0 register/latch pins with multiple clocks.


8. checking generated_clocks (0)
--------------------------------
 There are 0 generated clocks that are not connected to a clock source.


9. checking loops (0)
---------------------
 There are 0 combinational loops in the design.


10. checking partial_input_delay (0)
------------------------------------
 There are 0 input ports with partial input delay specified.


11. checking partial_output_delay (0)
-------------------------------------
 There are 0 ports with partial output delay specified.


12. checking latch_loops (0)
----------------------------
 There are 0 combinational latch loops in the design through latch input



------------------------------------------------------------------------------------------------
| Design Timing Summary
| ---------------------
------------------------------------------------------------------------------------------------

    WNS(ns)      TNS(ns)  TNS Failing Endpoints  TNS Total Endpoints      WHS(ns)      THS(ns)  THS Failing Endpoints  THS Total Endpoints     WPWS(ns)     TPWS(ns)  TPWS Failing Endpoints  TPWS Total Endpoints  
    -------      -------  ---------------------  -------------------      -------      -------  ---------------------  -------------------     --------     --------  ----------------------  --------------------  
     13.920        0.000                      0                   68        0.179        0.000                      0                   68        9.500        0.000                       0                    41  


All user specified timing constraints are met.


------------------------------------------------------------------------------------------------
| Clock Summary
| -------------
------------------------------------------------------------------------------------------------

Clock        Waveform(ns)       Period(ns)      Frequency(MHz)
-----        ------------       ----------      --------------
sys_clk_pin  {0.000 10.000}     20.000          50.000          


------------------------------------------------------------------------------------------------
| Intra Clock Table
| -----------------
------------------------------------------------------------------------------------------------

Clock             WNS(ns)      TNS(ns)  TNS Failing Endpoints  TNS Total Endpoints      WHS(ns)      THS(ns)  THS Failing Endpoints  THS Total Endpoints     WPWS(ns)     TPWS(ns)  TPWS Failing Endpoints  TPWS Total Endpoints  
-----             -------      -------  ---------------------  -------------------      -------      -------  ---------------------  -------------------     --------     --------  ----------------------  --------------------  
sys_clk_pin        13.920        0.000                      0                   68        0.179        0.000                      0                   68        9.500        0.000                       0                    41  


------------------------------------------------------------------------------------------------
| Inter Clock Table
| -----------------
------------------------------------------------------------------------------------------------

From Clock    To Clock          WNS(ns)      TNS(ns)  TNS Failing Endpoints  TNS Total Endpoints      WHS(ns)      THS(ns)  THS Failing Endpoints  THS Total Endpoints  
----------    --------          -------      -------  ---------------------  -------------------      -------      -------  ---------------------  -------------------  


------------------------------------------------------------------------------------------------
| Other Path Groups Table
| -----------------------
------------------------------------------------------------------------------------------------

Path Group    From Clock    To Clock          WNS(ns)      TNS(ns)  TNS Failing Endpoints  TNS Total Endpoints      WHS(ns)      THS(ns)  THS Failing Endpoints  THS Total Endpoints  
----------    ----------    --------          -------      -------  ---------------------  -------------------      -------      -------  ---------------------  -------------------  


------------------------------------------------------------------------------------------------
| User Ignored Path Table
| -----------------------
------------------------------------------------------------------------------------------------

Path Group    From Clock    To Clock    
----------    ----------    --------    


------------------------------------------------------------------------------------------------
| Unconstrained Path Table
| ------------------------
------------------------------------------------------------------------------------------------

Path Group    From Clock    To Clock    
----------    ----------    --------    
(none)                                    
(none)        sys_clk_pin                 
(none)                      sys_clk_pin   


------------------------------------------------------------------------------------------------
| Timing Details
| --------------
------------------------------------------------------------------------------------------------


---------------------------------------------------------------------------------------------------
From Clock:  sys_clk_pin
  To Clock:  sys_clk_pin

Setup :            0  Failing Endpoints,  Worst Slack       13.920ns,  Total Violation        0.000ns
Hold  :            0  Failing Endpoints,  Worst Slack        0.179ns,  Total Violation        0.000ns
PW    :            0  Failing Endpoints,  Worst Slack        9.500ns,  Total Violation        0.000ns
---------------------------------------------------------------------------------------------------


Max Delay Paths
--------------------------------------------------------------------------------------
Slack (MET) :             13.920ns  (required time - arrival time)
  Source:                 coin_inst/amount_reg[5]/C
                            (rising edge-triggered cell FDRE clocked by sys_clk_pin  {rise@0.000ns fall@10.000ns period=20.000ns})
  Destination:            fsm_inst/FSM_sequential_current_state_reg[0]/D
                            (rising edge-triggered cell FDCE clocked by sys_clk_pin  {rise@0.000ns fall@10.000ns period=20.000ns})
  Path Group:             sys_clk_pin
  Path Type:              Setup (Max at Slow Process Corner)
  Requirement:            20.000ns  (sys_clk_pin rise@20.000ns - sys_clk_pin rise@0.000ns)
  Data Path Delay:        6.171ns  (logic 1.684ns (27.287%)  route 4.487ns (72.713%))
  Logic Levels:           4  (CARRY4=2 LUT3=1 LUT6=1)
  Clock Path Skew:        0.046ns (DCD - SCD + CPR)
    Destination Clock Delay (DCD):    5.020ns = ( 25.020 - 20.000 ) 
    Source Clock Delay      (SCD):    5.233ns
    Clock Pessimism Removal (CPR):    0.259ns
  Clock Uncertainty:      0.035ns  ((TSJ^2 + TIJ^2)^1/2 + DJ) / 2 + PE
    Total System Jitter     (TSJ):    0.071ns
    Total Input Jitter      (TIJ):    0.000ns
    Discrete Jitter          (DJ):    0.000ns
    Phase Error              (PE):    0.000ns

    Location             Delay type                Incr(ns)  Path(ns)    Netlist Resource(s)
  -------------------------------------------------------------------    -------------------
                         (clock sys_clk_pin rise edge)
                                                      0.000     0.000 r  
    E3                                                0.000     0.000 r  clk (IN)
                         net (fo=0)                   0.000     0.000    clk
    E3                   IBUF (Prop_ibuf_I_O)         1.482     1.482 r  clk_IBUF_inst/O
                         net (fo=1, routed)           2.025     3.506    clk_IBUF
    BUFGCTRL_X0Y16       BUFG (Prop_bufg_I_O)         0.096     3.602 r  clk_IBUF_BUFG_inst/O
                         net (fo=40, routed)          1.630     5.233    coin_inst/CLK
    SLICE_X10Y72         FDRE                                         r  coin_inst/amount_reg[5]/C
  -------------------------------------------------------------------    -------------------
    SLICE_X10Y72         FDRE (Prop_fdre_C_Q)         0.518     5.751 f  coin_inst/amount_reg[5]/Q
                         net (fo=47, routed)          2.545     8.295    coin_inst/inserted_amount_sig[5]
    SLICE_X4Y76          LUT3 (Prop_lut3_I0_O)        0.124     8.419 r  coin_inst/FSM_sequential_current_state[0]_i_13/O
                         net (fo=1, routed)           0.000     8.419    coin_inst/FSM_sequential_current_state[0]_i_13_n_0
    SLICE_X4Y76          CARRY4 (Prop_carry4_S[2]_CO[3])
                                                      0.398     8.817 r  coin_inst/FSM_sequential_current_state_reg[0]_i_5/CO[3]
                         net (fo=1, routed)           0.000     8.817    coin_inst/FSM_sequential_current_state_reg[0]_i_5_n_0
    SLICE_X4Y77          CARRY4 (Prop_carry4_CI_CO[0])
                                                      0.271     9.088 r  coin_inst/FSM_sequential_current_state_reg[0]_i_2/CO[0]
                         net (fo=120, routed)         1.943    11.031    fsm_inst/CO[0]
    SLICE_X6Y84          LUT6 (Prop_lut6_I0_O)        0.373    11.404 r  fsm_inst/FSM_sequential_current_state[0]_i_1/O
                         net (fo=1, routed)           0.000    11.404    fsm_inst/next_state[0]
    SLICE_X6Y84          FDCE                                         r  fsm_inst/FSM_sequential_current_state_reg[0]/D
  -------------------------------------------------------------------    -------------------

                         (clock sys_clk_pin rise edge)
                                                     20.000    20.000 r  
    E3                                                0.000    20.000 r  clk (IN)
                         net (fo=0)                   0.000    20.000    clk
    E3                   IBUF (Prop_ibuf_I_O)         1.411    21.411 r  clk_IBUF_inst/O
                         net (fo=1, routed)           1.920    23.331    clk_IBUF
    BUFGCTRL_X0Y16       BUFG (Prop_bufg_I_O)         0.091    23.422 r  clk_IBUF_BUFG_inst/O
                         net (fo=40, routed)          1.597    25.020    fsm_inst/CLK
    SLICE_X6Y84          FDCE                                         r  fsm_inst/FSM_sequential_current_state_reg[0]/C
                         clock pessimism              0.259    25.279    
                         clock uncertainty           -0.035    25.243    
    SLICE_X6Y84          FDCE (Setup_fdce_C_D)        0.081    25.324    fsm_inst/FSM_sequential_current_state_reg[0]
  -------------------------------------------------------------------
                         required time                         25.324    
                         arrival time                         -11.404    
  -------------------------------------------------------------------
                         slack                                 13.920    

Slack (MET) :             15.343ns  (required time - arrival time)
  Source:                 disp_inst/clk_divider_reg[9]/C
                            (rising edge-triggered cell FDRE clocked by sys_clk_pin  {rise@0.000ns fall@10.000ns period=20.000ns})
  Destination:            disp_inst/clk_divider_reg[10]/R
                            (rising edge-triggered cell FDRE clocked by sys_clk_pin  {rise@0.000ns fall@10.000ns period=20.000ns})
  Path Group:             sys_clk_pin
  Path Type:              Setup (Max at Slow Process Corner)
  Requirement:            20.000ns  (sys_clk_pin rise@20.000ns - sys_clk_pin rise@0.000ns)
  Data Path Delay:        4.193ns  (logic 0.952ns (22.706%)  route 3.241ns (77.294%))
  Logic Levels:           4  (LUT2=1 LUT4=1 LUT5=1 LUT6=1)
  Clock Path Skew:        0.000ns (DCD - SCD + CPR)
    Destination Clock Delay (DCD):    5.024ns = ( 25.024 - 20.000 ) 
    Source Clock Delay      (SCD):    5.324ns
    Clock Pessimism Removal (CPR):    0.300ns
  Clock Uncertainty:      0.035ns  ((TSJ^2 + TIJ^2)^1/2 + DJ) / 2 + PE
    Total System Jitter     (TSJ):    0.071ns
    Total Input Jitter      (TIJ):    0.000ns
    Discrete Jitter          (DJ):    0.000ns
    Phase Error              (PE):    0.000ns

    Location             Delay type                Incr(ns)  Path(ns)    Netlist Resource(s)
  -------------------------------------------------------------------    -------------------
                         (clock sys_clk_pin rise edge)
                                                      0.000     0.000 r  
    E3                                                0.000     0.000 r  clk (IN)
                         net (fo=0)                   0.000     0.000    clk
    E3                   IBUF (Prop_ibuf_I_O)         1.482     1.482 r  clk_IBUF_inst/O
                         net (fo=1, routed)           2.025     3.506    clk_IBUF
    BUFGCTRL_X0Y16       BUFG (Prop_bufg_I_O)         0.096     3.602 r  clk_IBUF_BUFG_inst/O
                         net (fo=40, routed)          1.721     5.324    disp_inst/CLK
    SLICE_X1Y87          FDRE                                         r  disp_inst/clk_divider_reg[9]/C
  -------------------------------------------------------------------    -------------------
    SLICE_X1Y87          FDRE (Prop_fdre_C_Q)         0.456     5.780 f  disp_inst/clk_divider_reg[9]/Q
                         net (fo=2, routed)           0.868     6.647    disp_inst/clk_divider_reg[9]
    SLICE_X0Y86          LUT4 (Prop_lut4_I3_O)        0.124     6.771 f  disp_inst/digit_index[2]_i_5/O
                         net (fo=1, routed)           0.444     7.215    disp_inst/digit_index[2]_i_5_n_0
    SLICE_X0Y86          LUT5 (Prop_lut5_I4_O)        0.124     7.339 f  disp_inst/digit_index[2]_i_4/O
                         net (fo=1, routed)           0.647     7.987    disp_inst/digit_index[2]_i_4_n_0
    SLICE_X0Y87          LUT6 (Prop_lut6_I1_O)        0.124     8.111 r  disp_inst/digit_index[2]_i_1/O
                         net (fo=7, routed)           0.680     8.791    disp_inst/digit_index
    SLICE_X0Y87          LUT2 (Prop_lut2_I1_O)        0.124     8.915 r  disp_inst/clk_divider[0]_i_1/O
                         net (fo=18, routed)          0.602     9.516    disp_inst/clk_divider[0]_i_1_n_0
    SLICE_X1Y87          FDRE                                         r  disp_inst/clk_divider_reg[10]/R
  -------------------------------------------------------------------    -------------------

                         (clock sys_clk_pin rise edge)
                                                     20.000    20.000 r  
    E3                                                0.000    20.000 r  clk (IN)
                         net (fo=0)                   0.000    20.000    clk
    E3                   IBUF (Prop_ibuf_I_O)         1.411    21.411 r  clk_IBUF_inst/O
                         net (fo=1, routed)           1.920    23.331    clk_IBUF
    BUFGCTRL_X0Y16       BUFG (Prop_bufg_I_O)         0.091    23.422 r  clk_IBUF_BUFG_inst/O
                         net (fo=40, routed)          1.601    25.024    disp_inst/CLK
    SLICE_X1Y87          FDRE                                         r  disp_inst/clk_divider_reg[10]/C
                         clock pessimism              0.300    25.324    
                         clock uncertainty           -0.035    25.288    
    SLICE_X1Y87          FDRE (Setup_fdre_C_R)       -0.429    24.859    disp_inst/clk_divider_reg[10]
  -------------------------------------------------------------------
                         required time                         24.859    
                         arrival time                          -9.516    
  -------------------------------------------------------------------
                         slack                                 15.343    

Slack (MET) :             15.343ns  (required time - arrival time)
  Source:                 disp_inst/clk_divider_reg[9]/C
                            (rising edge-triggered cell FDRE clocked by sys_clk_pin  {rise@0.000ns fall@10.000ns period=20.000ns})
  Destination:            disp_inst/clk_divider_reg[11]/R
                            (rising edge-triggered cell FDRE clocked by sys_clk_pin  {rise@0.000ns fall@10.000ns period=20.000ns})
  Path Group:             sys_clk_pin
  Path Type:              Setup (Max at Slow Process Corner)
  Requirement:            20.000ns  (sys_clk_pin rise@20.000ns - sys_clk_pin rise@0.000ns)
  Data Path Delay:        4.193ns  (logic 0.952ns (22.706%)  route 3.241ns (77.294%))
  Logic Levels:           4  (LUT2=1 LUT4=1 LUT5=1 LUT6=1)
  Clock Path Skew:        0.000ns (DCD - SCD + CPR)
    Destination Clock Delay (DCD):    5.024ns = ( 25.024 - 20.000 ) 
    Source Clock Delay      (SCD):    5.324ns
    Clock Pessimism Removal (CPR):    0.300ns
  Clock Uncertainty:      0.035ns  ((TSJ^2 + TIJ^2)^1/2 + DJ) / 2 + PE
    Total System Jitter     (TSJ):    0.071ns
    Total Input Jitter      (TIJ):    0.000ns
    Discrete Jitter          (DJ):    0.000ns
    Phase Error              (PE):    0.000ns

    Location             Delay type                Incr(ns)  Path(ns)    Netlist Resource(s)
  -------------------------------------------------------------------    -------------------
                         (clock sys_clk_pin rise edge)
                                                      0.000     0.000 r  
    E3                                                0.000     0.000 r  clk (IN)
                         net (fo=0)                   0.000     0.000    clk
    E3                   IBUF (Prop_ibuf_I_O)         1.482     1.482 r  clk_IBUF_inst/O
                         net (fo=1, routed)           2.025     3.506    clk_IBUF
    BUFGCTRL_X0Y16       BUFG (Prop_bufg_I_O)         0.096     3.602 r  clk_IBUF_BUFG_inst/O
                         net (fo=40, routed)          1.721     5.324    disp_inst/CLK
    SLICE_X1Y87          FDRE                                         r  disp_inst/clk_divider_reg[9]/C
  -------------------------------------------------------------------    -------------------
    SLICE_X1Y87          FDRE (Prop_fdre_C_Q)         0.456     5.780 f  disp_inst/clk_divider_reg[9]/Q
                         net (fo=2, routed)           0.868     6.647    disp_inst/clk_divider_reg[9]
    SLICE_X0Y86          LUT4 (Prop_lut4_I3_O)        0.124     6.771 f  disp_inst/digit_index[2]_i_5/O
                         net (fo=1, routed)           0.444     7.215    disp_inst/digit_index[2]_i_5_n_0
    SLICE_X0Y86          LUT5 (Prop_lut5_I4_O)        0.124     7.339 f  disp_inst/digit_index[2]_i_4/O
                         net (fo=1, routed)           0.647     7.987    disp_inst/digit_index[2]_i_4_n_0
    SLICE_X0Y87          LUT6 (Prop_lut6_I1_O)        0.124     8.111 r  disp_inst/digit_index[2]_i_1/O
                         net (fo=7, routed)           0.680     8.791    disp_inst/digit_index
    SLICE_X0Y87          LUT2 (Prop_lut2_I1_O)        0.124     8.915 r  disp_inst/clk_divider[0]_i_1/O
                         net (fo=18, routed)          0.602     9.516    disp_inst/clk_divider[0]_i_1_n_0
    SLICE_X1Y87          FDRE                                         r  disp_inst/clk_divider_reg[11]/R
  -------------------------------------------------------------------    -------------------

                         (clock sys_clk_pin rise edge)
                                                     20.000    20.000 r  
    E3                                                0.000    20.000 r  clk (IN)
                         net (fo=0)                   0.000    20.000    clk
    E3                   IBUF (Prop_ibuf_I_O)         1.411    21.411 r  clk_IBUF_inst/O
                         net (fo=1, routed)           1.920    23.331    clk_IBUF
    BUFGCTRL_X0Y16       BUFG (Prop_bufg_I_O)         0.091    23.422 r  clk_IBUF_BUFG_inst/O
                         net (fo=40, routed)          1.601    25.024    disp_inst/CLK
    SLICE_X1Y87          FDRE                                         r  disp_inst/clk_divider_reg[11]/C
                         clock pessimism              0.300    25.324    
                         clock uncertainty           -0.035    25.288    
    SLICE_X1Y87          FDRE (Setup_fdre_C_R)       -0.429    24.859    disp_inst/clk_divider_reg[11]
  -------------------------------------------------------------------
                         required time                         24.859    
                         arrival time                          -9.516    
  -------------------------------------------------------------------
                         slack                                 15.343    

Slack (MET) :             15.343ns  (required time - arrival time)
  Source:                 disp_inst/clk_divider_reg[9]/C
                            (rising edge-triggered cell FDRE clocked by sys_clk_pin  {rise@0.000ns fall@10.000ns period=20.000ns})
  Destination:            disp_inst/clk_divider_reg[8]/R
                            (rising edge-triggered cell FDRE clocked by sys_clk_pin  {rise@0.000ns fall@10.000ns period=20.000ns})
  Path Group:             sys_clk_pin
  Path Type:              Setup (Max at Slow Process Corner)
  Requirement:            20.000ns  (sys_clk_pin rise@20.000ns - sys_clk_pin rise@0.000ns)
  Data Path Delay:        4.193ns  (logic 0.952ns (22.706%)  route 3.241ns (77.294%))
  Logic Levels:           4  (LUT2=1 LUT4=1 LUT5=1 LUT6=1)
  Clock Path Skew:        0.000ns (DCD - SCD + CPR)
    Destination Clock Delay (DCD):    5.024ns = ( 25.024 - 20.000 ) 
    Source Clock Delay      (SCD):    5.324ns
    Clock Pessimism Removal (CPR):    0.300ns
  Clock Uncertainty:      0.035ns  ((TSJ^2 + TIJ^2)^1/2 + DJ) / 2 + PE
    Total System Jitter     (TSJ):    0.071ns
    Total Input Jitter      (TIJ):    0.000ns
    Discrete Jitter          (DJ):    0.000ns
    Phase Error              (PE):    0.000ns

    Location             Delay type                Incr(ns)  Path(ns)    Netlist Resource(s)
  -------------------------------------------------------------------    -------------------
                         (clock sys_clk_pin rise edge)
                                                      0.000     0.000 r  
    E3                                                0.000     0.000 r  clk (IN)
                         net (fo=0)                   0.000     0.000    clk
    E3                   IBUF (Prop_ibuf_I_O)         1.482     1.482 r  clk_IBUF_inst/O
                         net (fo=1, routed)           2.025     3.506    clk_IBUF
    BUFGCTRL_X0Y16       BUFG (Prop_bufg_I_O)         0.096     3.602 r  clk_IBUF_BUFG_inst/O
                         net (fo=40, routed)          1.721     5.324    disp_inst/CLK
    SLICE_X1Y87          FDRE                                         r  disp_inst/clk_divider_reg[9]/C
  -------------------------------------------------------------------    -------------------
    SLICE_X1Y87          FDRE (Prop_fdre_C_Q)         0.456     5.780 f  disp_inst/clk_divider_reg[9]/Q
                         net (fo=2, routed)           0.868     6.647    disp_inst/clk_divider_reg[9]
    SLICE_X0Y86          LUT4 (Prop_lut4_I3_O)        0.124     6.771 f  disp_inst/digit_index[2]_i_5/O
                         net (fo=1, routed)           0.444     7.215    disp_inst/digit_index[2]_i_5_n_0
    SLICE_X0Y86          LUT5 (Prop_lut5_I4_O)        0.124     7.339 f  disp_inst/digit_index[2]_i_4/O
                         net (fo=1, routed)           0.647     7.987    disp_inst/digit_index[2]_i_4_n_0
    SLICE_X0Y87          LUT6 (Prop_lut6_I1_O)        0.124     8.111 r  disp_inst/digit_index[2]_i_1/O
                         net (fo=7, routed)           0.680     8.791    disp_inst/digit_index
    SLICE_X0Y87          LUT2 (Prop_lut2_I1_O)        0.124     8.915 r  disp_inst/clk_divider[0]_i_1/O
                         net (fo=18, routed)          0.602     9.516    disp_inst/clk_divider[0]_i_1_n_0
    SLICE_X1Y87          FDRE                                         r  disp_inst/clk_divider_reg[8]/R
  -------------------------------------------------------------------    -------------------

                         (clock sys_clk_pin rise edge)
                                                     20.000    20.000 r  
    E3                                                0.000    20.000 r  clk (IN)
                         net (fo=0)                   0.000    20.000    clk
    E3                   IBUF (Prop_ibuf_I_O)         1.411    21.411 r  clk_IBUF_inst/O
                         net (fo=1, routed)           1.920    23.331    clk_IBUF
    BUFGCTRL_X0Y16       BUFG (Prop_bufg_I_O)         0.091    23.422 r  clk_IBUF_BUFG_inst/O
                         net (fo=40, routed)          1.601    25.024    disp_inst/CLK
    SLICE_X1Y87          FDRE                                         r  disp_inst/clk_divider_reg[8]/C
                         clock pessimism              0.300    25.324    
                         clock uncertainty           -0.035    25.288    
    SLICE_X1Y87          FDRE (Setup_fdre_C_R)       -0.429    24.859    disp_inst/clk_divider_reg[8]
  -------------------------------------------------------------------
                         required time                         24.859    
                         arrival time                          -9.516    
  -------------------------------------------------------------------
                         slack                                 15.343    

Slack (MET) :             15.343ns  (required time - arrival time)
  Source:                 disp_inst/clk_divider_reg[9]/C
                            (rising edge-triggered cell FDRE clocked by sys_clk_pin  {rise@0.000ns fall@10.000ns period=20.000ns})
  Destination:            disp_inst/clk_divider_reg[9]/R
                            (rising edge-triggered cell FDRE clocked by sys_clk_pin  {rise@0.000ns fall@10.000ns period=20.000ns})
  Path Group:             sys_clk_pin
  Path Type:              Setup (Max at Slow Process Corner)
  Requirement:            20.000ns  (sys_clk_pin rise@20.000ns - sys_clk_pin rise@0.000ns)
  Data Path Delay:        4.193ns  (logic 0.952ns (22.706%)  route 3.241ns (77.294%))
  Logic Levels:           4  (LUT2=1 LUT4=1 LUT5=1 LUT6=1)
  Clock Path Skew:        0.000ns (DCD - SCD + CPR)
    Destination Clock Delay (DCD):    5.024ns = ( 25.024 - 20.000 ) 
    Source Clock Delay      (SCD):    5.324ns
    Clock Pessimism Removal (CPR):    0.300ns
  Clock Uncertainty:      0.035ns  ((TSJ^2 + TIJ^2)^1/2 + DJ) / 2 + PE
    Total System Jitter     (TSJ):    0.071ns
    Total Input Jitter      (TIJ):    0.000ns
    Discrete Jitter          (DJ):    0.000ns
    Phase Error              (PE):    0.000ns

    Location             Delay type                Incr(ns)  Path(ns)    Netlist Resource(s)
  -------------------------------------------------------------------    -------------------
                         (clock sys_clk_pin rise edge)
                                                      0.000     0.000 r  
    E3                                                0.000     0.000 r  clk (IN)
                         net (fo=0)                   0.000     0.000    clk
    E3                   IBUF (Prop_ibuf_I_O)         1.482     1.482 r  clk_IBUF_inst/O
                         net (fo=1, routed)           2.025     3.506    clk_IBUF
    BUFGCTRL_X0Y16       BUFG (Prop_bufg_I_O)         0.096     3.602 r  clk_IBUF_BUFG_inst/O
                         net (fo=40, routed)          1.721     5.324    disp_inst/CLK
    SLICE_X1Y87          FDRE                                         r  disp_inst/clk_divider_reg[9]/C
  -------------------------------------------------------------------    -------------------
    SLICE_X1Y87          FDRE (Prop_fdre_C_Q)         0.456     5.780 f  disp_inst/clk_divider_reg[9]/Q
                         net (fo=2, routed)           0.868     6.647    disp_inst/clk_divider_reg[9]
    SLICE_X0Y86          LUT4 (Prop_lut4_I3_O)        0.124     6.771 f  disp_inst/digit_index[2]_i_5/O
                         net (fo=1, routed)           0.444     7.215    disp_inst/digit_index[2]_i_5_n_0
    SLICE_X0Y86          LUT5 (Prop_lut5_I4_O)        0.124     7.339 f  disp_inst/digit_index[2]_i_4/O
                         net (fo=1, routed)           0.647     7.987    disp_inst/digit_index[2]_i_4_n_0
    SLICE_X0Y87          LUT6 (Prop_lut6_I1_O)        0.124     8.111 r  disp_inst/digit_index[2]_i_1/O
                         net (fo=7, routed)           0.680     8.791    disp_inst/digit_index
    SLICE_X0Y87          LUT2 (Prop_lut2_I1_O)        0.124     8.915 r  disp_inst/clk_divider[0]_i_1/O
                         net (fo=18, routed)          0.602     9.516    disp_inst/clk_divider[0]_i_1_n_0
    SLICE_X1Y87          FDRE                                         r  disp_inst/clk_divider_reg[9]/R
  -------------------------------------------------------------------    -------------------

                         (clock sys_clk_pin rise edge)
                                                     20.000    20.000 r  
    E3                                                0.000    20.000 r  clk (IN)
                         net (fo=0)                   0.000    20.000    clk
    E3                   IBUF (Prop_ibuf_I_O)         1.411    21.411 r  clk_IBUF_inst/O
                         net (fo=1, routed)           1.920    23.331    clk_IBUF
    BUFGCTRL_X0Y16       BUFG (Prop_bufg_I_O)         0.091    23.422 r  clk_IBUF_BUFG_inst/O
                         net (fo=40, routed)          1.601    25.024    disp_inst/CLK
    SLICE_X1Y87          FDRE                                         r  disp_inst/clk_divider_reg[9]/C
                         clock pessimism              0.300    25.324    
                         clock uncertainty           -0.035    25.288    
    SLICE_X1Y87          FDRE (Setup_fdre_C_R)       -0.429    24.859    disp_inst/clk_divider_reg[9]
  -------------------------------------------------------------------
                         required time                         24.859    
                         arrival time                          -9.516    
  -------------------------------------------------------------------
                         slack                                 15.343    

Slack (MET) :             15.356ns  (required time - arrival time)
  Source:                 disp_inst/clk_divider_reg[9]/C
                            (rising edge-triggered cell FDRE clocked by sys_clk_pin  {rise@0.000ns fall@10.000ns period=20.000ns})
  Destination:            disp_inst/clk_divider_reg[0]/R
                            (rising edge-triggered cell FDRE clocked by sys_clk_pin  {rise@0.000ns fall@10.000ns period=20.000ns})
  Path Group:             sys_clk_pin
  Path Type:              Setup (Max at Slow Process Corner)
  Requirement:            20.000ns  (sys_clk_pin rise@20.000ns - sys_clk_pin rise@0.000ns)
  Data Path Delay:        4.154ns  (logic 0.952ns (22.920%)  route 3.202ns (77.080%))
  Logic Levels:           4  (LUT2=1 LUT4=1 LUT5=1 LUT6=1)
  Clock Path Skew:        -0.026ns (DCD - SCD + CPR)
    Destination Clock Delay (DCD):    5.023ns = ( 25.023 - 20.000 ) 
    Source Clock Delay      (SCD):    5.324ns
    Clock Pessimism Removal (CPR):    0.275ns
  Clock Uncertainty:      0.035ns  ((TSJ^2 + TIJ^2)^1/2 + DJ) / 2 + PE
    Total System Jitter     (TSJ):    0.071ns
    Total Input Jitter      (TIJ):    0.000ns
    Discrete Jitter          (DJ):    0.000ns
    Phase Error              (PE):    0.000ns

    Location             Delay type                Incr(ns)  Path(ns)    Netlist Resource(s)
  -------------------------------------------------------------------    -------------------
                         (clock sys_clk_pin rise edge)
                                                      0.000     0.000 r  
    E3                                                0.000     0.000 r  clk (IN)
                         net (fo=0)                   0.000     0.000    clk
    E3                   IBUF (Prop_ibuf_I_O)         1.482     1.482 r  clk_IBUF_inst/O
                         net (fo=1, routed)           2.025     3.506    clk_IBUF
    BUFGCTRL_X0Y16       BUFG (Prop_bufg_I_O)         0.096     3.602 r  clk_IBUF_BUFG_inst/O
                         net (fo=40, routed)          1.721     5.324    disp_inst/CLK
    SLICE_X1Y87          FDRE                                         r  disp_inst/clk_divider_reg[9]/C
  -------------------------------------------------------------------    -------------------
    SLICE_X1Y87          FDRE (Prop_fdre_C_Q)         0.456     5.780 f  disp_inst/clk_divider_reg[9]/Q
                         net (fo=2, routed)           0.868     6.647    disp_inst/clk_divider_reg[9]
    SLICE_X0Y86          LUT4 (Prop_lut4_I3_O)        0.124     6.771 f  disp_inst/digit_index[2]_i_5/O
                         net (fo=1, routed)           0.444     7.215    disp_inst/digit_index[2]_i_5_n_0
    SLICE_X0Y86          LUT5 (Prop_lut5_I4_O)        0.124     7.339 f  disp_inst/digit_index[2]_i_4/O
                         net (fo=1, routed)           0.647     7.987    disp_inst/digit_index[2]_i_4_n_0
    SLICE_X0Y87          LUT6 (Prop_lut6_I1_O)        0.124     8.111 r  disp_inst/digit_index[2]_i_1/O
                         net (fo=7, routed)           0.680     8.791    disp_inst/digit_index
    SLICE_X0Y87          LUT2 (Prop_lut2_I1_O)        0.124     8.915 r  disp_inst/clk_divider[0]_i_1/O
                         net (fo=18, routed)          0.562     9.477    disp_inst/clk_divider[0]_i_1_n_0
    SLICE_X1Y85          FDRE                                         r  disp_inst/clk_divider_reg[0]/R
  -------------------------------------------------------------------    -------------------

                         (clock sys_clk_pin rise edge)
                                                     20.000    20.000 r  
    E3                                                0.000    20.000 r  clk (IN)
                         net (fo=0)                   0.000    20.000    clk
    E3                   IBUF (Prop_ibuf_I_O)         1.411    21.411 r  clk_IBUF_inst/O
                         net (fo=1, routed)           1.920    23.331    clk_IBUF
    BUFGCTRL_X0Y16       BUFG (Prop_bufg_I_O)         0.091    23.422 r  clk_IBUF_BUFG_inst/O
                         net (fo=40, routed)          1.600    25.023    disp_inst/CLK
    SLICE_X1Y85          FDRE                                         r  disp_inst/clk_divider_reg[0]/C
                         clock pessimism              0.275    25.298    
                         clock uncertainty           -0.035    25.262    
    SLICE_X1Y85          FDRE (Setup_fdre_C_R)       -0.429    24.833    disp_inst/clk_divider_reg[0]
  -------------------------------------------------------------------
                         required time                         24.833    
                         arrival time                          -9.477    
  -------------------------------------------------------------------
                         slack                                 15.356    

Slack (MET) :             15.356ns  (required time - arrival time)
  Source:                 disp_inst/clk_divider_reg[9]/C
                            (rising edge-triggered cell FDRE clocked by sys_clk_pin  {rise@0.000ns fall@10.000ns period=20.000ns})
  Destination:            disp_inst/clk_divider_reg[1]/R
                            (rising edge-triggered cell FDRE clocked by sys_clk_pin  {rise@0.000ns fall@10.000ns period=20.000ns})
  Path Group:             sys_clk_pin
  Path Type:              Setup (Max at Slow Process Corner)
  Requirement:            20.000ns  (sys_clk_pin rise@20.000ns - sys_clk_pin rise@0.000ns)
  Data Path Delay:        4.154ns  (logic 0.952ns (22.920%)  route 3.202ns (77.080%))
  Logic Levels:           4  (LUT2=1 LUT4=1 LUT5=1 LUT6=1)
  Clock Path Skew:        -0.026ns (DCD - SCD + CPR)
    Destination Clock Delay (DCD):    5.023ns = ( 25.023 - 20.000 ) 
    Source Clock Delay      (SCD):    5.324ns
    Clock Pessimism Removal (CPR):    0.275ns
  Clock Uncertainty:      0.035ns  ((TSJ^2 + TIJ^2)^1/2 + DJ) / 2 + PE
    Total System Jitter     (TSJ):    0.071ns
    Total Input Jitter      (TIJ):    0.000ns
    Discrete Jitter          (DJ):    0.000ns
    Phase Error              (PE):    0.000ns

    Location             Delay type                Incr(ns)  Path(ns)    Netlist Resource(s)
  -------------------------------------------------------------------    -------------------
                         (clock sys_clk_pin rise edge)
                                                      0.000     0.000 r  
    E3                                                0.000     0.000 r  clk (IN)
                         net (fo=0)                   0.000     0.000    clk
    E3                   IBUF (Prop_ibuf_I_O)         1.482     1.482 r  clk_IBUF_inst/O
                         net (fo=1, routed)           2.025     3.506    clk_IBUF
    BUFGCTRL_X0Y16       BUFG (Prop_bufg_I_O)         0.096     3.602 r  clk_IBUF_BUFG_inst/O
                         net (fo=40, routed)          1.721     5.324    disp_inst/CLK
    SLICE_X1Y87          FDRE                                         r  disp_inst/clk_divider_reg[9]/C
  -------------------------------------------------------------------    -------------------
    SLICE_X1Y87          FDRE (Prop_fdre_C_Q)         0.456     5.780 f  disp_inst/clk_divider_reg[9]/Q
                         net (fo=2, routed)           0.868     6.647    disp_inst/clk_divider_reg[9]
    SLICE_X0Y86          LUT4 (Prop_lut4_I3_O)        0.124     6.771 f  disp_inst/digit_index[2]_i_5/O
                         net (fo=1, routed)           0.444     7.215    disp_inst/digit_index[2]_i_5_n_0
    SLICE_X0Y86          LUT5 (Prop_lut5_I4_O)        0.124     7.339 f  disp_inst/digit_index[2]_i_4/O
                         net (fo=1, routed)           0.647     7.987    disp_inst/digit_index[2]_i_4_n_0
    SLICE_X0Y87          LUT6 (Prop_lut6_I1_O)        0.124     8.111 r  disp_inst/digit_index[2]_i_1/O
                         net (fo=7, routed)           0.680     8.791    disp_inst/digit_index
    SLICE_X0Y87          LUT2 (Prop_lut2_I1_O)        0.124     8.915 r  disp_inst/clk_divider[0]_i_1/O
                         net (fo=18, routed)          0.562     9.477    disp_inst/clk_divider[0]_i_1_n_0
    SLICE_X1Y85          FDRE                                         r  disp_inst/clk_divider_reg[1]/R
  -------------------------------------------------------------------    -------------------

                         (clock sys_clk_pin rise edge)
                                                     20.000    20.000 r  
    E3                                                0.000    20.000 r  clk (IN)
                         net (fo=0)                   0.000    20.000    clk
    E3                   IBUF (Prop_ibuf_I_O)         1.411    21.411 r  clk_IBUF_inst/O
                         net (fo=1, routed)           1.920    23.331    clk_IBUF
    BUFGCTRL_X0Y16       BUFG (Prop_bufg_I_O)         0.091    23.422 r  clk_IBUF_BUFG_inst/O
                         net (fo=40, routed)          1.600    25.023    disp_inst/CLK
    SLICE_X1Y85          FDRE                                         r  disp_inst/clk_divider_reg[1]/C
                         clock pessimism              0.275    25.298    
                         clock uncertainty           -0.035    25.262    
    SLICE_X1Y85          FDRE (Setup_fdre_C_R)       -0.429    24.833    disp_inst/clk_divider_reg[1]
  -------------------------------------------------------------------
                         required time                         24.833    
                         arrival time                          -9.477    
  -------------------------------------------------------------------
                         slack                                 15.356    

Slack (MET) :             15.356ns  (required time - arrival time)
  Source:                 disp_inst/clk_divider_reg[9]/C
                            (rising edge-triggered cell FDRE clocked by sys_clk_pin  {rise@0.000ns fall@10.000ns period=20.000ns})
  Destination:            disp_inst/clk_divider_reg[2]/R
                            (rising edge-triggered cell FDRE clocked by sys_clk_pin  {rise@0.000ns fall@10.000ns period=20.000ns})
  Path Group:             sys_clk_pin
  Path Type:              Setup (Max at Slow Process Corner)
  Requirement:            20.000ns  (sys_clk_pin rise@20.000ns - sys_clk_pin rise@0.000ns)
  Data Path Delay:        4.154ns  (logic 0.952ns (22.920%)  route 3.202ns (77.080%))
  Logic Levels:           4  (LUT2=1 LUT4=1 LUT5=1 LUT6=1)
  Clock Path Skew:        -0.026ns (DCD - SCD + CPR)
    Destination Clock Delay (DCD):    5.023ns = ( 25.023 - 20.000 ) 
    Source Clock Delay      (SCD):    5.324ns
    Clock Pessimism Removal (CPR):    0.275ns
  Clock Uncertainty:      0.035ns  ((TSJ^2 + TIJ^2)^1/2 + DJ) / 2 + PE
    Total System Jitter     (TSJ):    0.071ns
    Total Input Jitter      (TIJ):    0.000ns
    Discrete Jitter          (DJ):    0.000ns
    Phase Error              (PE):    0.000ns

    Location             Delay type                Incr(ns)  Path(ns)    Netlist Resource(s)
  -------------------------------------------------------------------    -------------------
                         (clock sys_clk_pin rise edge)
                                                      0.000     0.000 r  
    E3                                                0.000     0.000 r  clk (IN)
                         net (fo=0)                   0.000     0.000    clk
    E3                   IBUF (Prop_ibuf_I_O)         1.482     1.482 r  clk_IBUF_inst/O
                         net (fo=1, routed)           2.025     3.506    clk_IBUF
    BUFGCTRL_X0Y16       BUFG (Prop_bufg_I_O)         0.096     3.602 r  clk_IBUF_BUFG_inst/O
                         net (fo=40, routed)          1.721     5.324    disp_inst/CLK
    SLICE_X1Y87          FDRE                                         r  disp_inst/clk_divider_reg[9]/C
  -------------------------------------------------------------------    -------------------
    SLICE_X1Y87          FDRE (Prop_fdre_C_Q)         0.456     5.780 f  disp_inst/clk_divider_reg[9]/Q
                         net (fo=2, routed)           0.868     6.647    disp_inst/clk_divider_reg[9]
    SLICE_X0Y86          LUT4 (Prop_lut4_I3_O)        0.124     6.771 f  disp_inst/digit_index[2]_i_5/O
                         net (fo=1, routed)           0.444     7.215    disp_inst/digit_index[2]_i_5_n_0
    SLICE_X0Y86          LUT5 (Prop_lut5_I4_O)        0.124     7.339 f  disp_inst/digit_index[2]_i_4/O
                         net (fo=1, routed)           0.647     7.987    disp_inst/digit_index[2]_i_4_n_0
    SLICE_X0Y87          LUT6 (Prop_lut6_I1_O)        0.124     8.111 r  disp_inst/digit_index[2]_i_1/O
                         net (fo=7, routed)           0.680     8.791    disp_inst/digit_index
    SLICE_X0Y87          LUT2 (Prop_lut2_I1_O)        0.124     8.915 r  disp_inst/clk_divider[0]_i_1/O
                         net (fo=18, routed)          0.562     9.477    disp_inst/clk_divider[0]_i_1_n_0
    SLICE_X1Y85          FDRE                                         r  disp_inst/clk_divider_reg[2]/R
  -------------------------------------------------------------------    -------------------

                         (clock sys_clk_pin rise edge)
                                                     20.000    20.000 r  
    E3                                                0.000    20.000 r  clk (IN)
                         net (fo=0)                   0.000    20.000    clk
    E3                   IBUF (Prop_ibuf_I_O)         1.411    21.411 r  clk_IBUF_inst/O
                         net (fo=1, routed)           1.920    23.331    clk_IBUF
    BUFGCTRL_X0Y16       BUFG (Prop_bufg_I_O)         0.091    23.422 r  clk_IBUF_BUFG_inst/O
                         net (fo=40, routed)          1.600    25.023    disp_inst/CLK
    SLICE_X1Y85          FDRE                                         r  disp_inst/clk_divider_reg[2]/C
                         clock pessimism              0.275    25.298    
                         clock uncertainty           -0.035    25.262    
    SLICE_X1Y85          FDRE (Setup_fdre_C_R)       -0.429    24.833    disp_inst/clk_divider_reg[2]
  -------------------------------------------------------------------
                         required time                         24.833    
                         arrival time                          -9.477    
  -------------------------------------------------------------------
                         slack                                 15.356    

Slack (MET) :             15.356ns  (required time - arrival time)
  Source:                 disp_inst/clk_divider_reg[9]/C
                            (rising edge-triggered cell FDRE clocked by sys_clk_pin  {rise@0.000ns fall@10.000ns period=20.000ns})
  Destination:            disp_inst/clk_divider_reg[3]/R
                            (rising edge-triggered cell FDRE clocked by sys_clk_pin  {rise@0.000ns fall@10.000ns period=20.000ns})
  Path Group:             sys_clk_pin
  Path Type:              Setup (Max at Slow Process Corner)
  Requirement:            20.000ns  (sys_clk_pin rise@20.000ns - sys_clk_pin rise@0.000ns)
  Data Path Delay:        4.154ns  (logic 0.952ns (22.920%)  route 3.202ns (77.080%))
  Logic Levels:           4  (LUT2=1 LUT4=1 LUT5=1 LUT6=1)
  Clock Path Skew:        -0.026ns (DCD - SCD + CPR)
    Destination Clock Delay (DCD):    5.023ns = ( 25.023 - 20.000 ) 
    Source Clock Delay      (SCD):    5.324ns
    Clock Pessimism Removal (CPR):    0.275ns
  Clock Uncertainty:      0.035ns  ((TSJ^2 + TIJ^2)^1/2 + DJ) / 2 + PE
    Total System Jitter     (TSJ):    0.071ns
    Total Input Jitter      (TIJ):    0.000ns
    Discrete Jitter          (DJ):    0.000ns
    Phase Error              (PE):    0.000ns

    Location             Delay type                Incr(ns)  Path(ns)    Netlist Resource(s)
  -------------------------------------------------------------------    -------------------
                         (clock sys_clk_pin rise edge)
                                                      0.000     0.000 r  
    E3                                                0.000     0.000 r  clk (IN)
                         net (fo=0)                   0.000     0.000    clk
    E3                   IBUF (Prop_ibuf_I_O)         1.482     1.482 r  clk_IBUF_inst/O
                         net (fo=1, routed)           2.025     3.506    clk_IBUF
    BUFGCTRL_X0Y16       BUFG (Prop_bufg_I_O)         0.096     3.602 r  clk_IBUF_BUFG_inst/O
                         net (fo=40, routed)          1.721     5.324    disp_inst/CLK
    SLICE_X1Y87          FDRE                                         r  disp_inst/clk_divider_reg[9]/C
  -------------------------------------------------------------------    -------------------
    SLICE_X1Y87          FDRE (Prop_fdre_C_Q)         0.456     5.780 f  disp_inst/clk_divider_reg[9]/Q
                         net (fo=2, routed)           0.868     6.647    disp_inst/clk_divider_reg[9]
    SLICE_X0Y86          LUT4 (Prop_lut4_I3_O)        0.124     6.771 f  disp_inst/digit_index[2]_i_5/O
                         net (fo=1, routed)           0.444     7.215    disp_inst/digit_index[2]_i_5_n_0
    SLICE_X0Y86          LUT5 (Prop_lut5_I4_O)        0.124     7.339 f  disp_inst/digit_index[2]_i_4/O
                         net (fo=1, routed)           0.647     7.987    disp_inst/digit_index[2]_i_4_n_0
    SLICE_X0Y87          LUT6 (Prop_lut6_I1_O)        0.124     8.111 r  disp_inst/digit_index[2]_i_1/O
                         net (fo=7, routed)           0.680     8.791    disp_inst/digit_index
    SLICE_X0Y87          LUT2 (Prop_lut2_I1_O)        0.124     8.915 r  disp_inst/clk_divider[0]_i_1/O
                         net (fo=18, routed)          0.562     9.477    disp_inst/clk_divider[0]_i_1_n_0
    SLICE_X1Y85          FDRE                                         r  disp_inst/clk_divider_reg[3]/R
  -------------------------------------------------------------------    -------------------

                         (clock sys_clk_pin rise edge)
                                                     20.000    20.000 r  
    E3                                                0.000    20.000 r  clk (IN)
                         net (fo=0)                   0.000    20.000    clk
    E3                   IBUF (Prop_ibuf_I_O)         1.411    21.411 r  clk_IBUF_inst/O
                         net (fo=1, routed)           1.920    23.331    clk_IBUF
    BUFGCTRL_X0Y16       BUFG (Prop_bufg_I_O)         0.091    23.422 r  clk_IBUF_BUFG_inst/O
                         net (fo=40, routed)          1.600    25.023    disp_inst/CLK
    SLICE_X1Y85          FDRE                                         r  disp_inst/clk_divider_reg[3]/C
                         clock pessimism              0.275    25.298    
                         clock uncertainty           -0.035    25.262    
    SLICE_X1Y85          FDRE (Setup_fdre_C_R)       -0.429    24.833    disp_inst/clk_divider_reg[3]
  -------------------------------------------------------------------
                         required time                         24.833    
                         arrival time                          -9.477    
  -------------------------------------------------------------------
                         slack                                 15.356    

Slack (MET) :             15.405ns  (required time - arrival time)
  Source:                 disp_inst/clk_divider_reg[9]/C
                            (rising edge-triggered cell FDRE clocked by sys_clk_pin  {rise@0.000ns fall@10.000ns period=20.000ns})
  Destination:            disp_inst/clk_divider_reg[4]/R
                            (rising edge-triggered cell FDRE clocked by sys_clk_pin  {rise@0.000ns fall@10.000ns period=20.000ns})
  Path Group:             sys_clk_pin
  Path Type:              Setup (Max at Slow Process Corner)
  Requirement:            20.000ns  (sys_clk_pin rise@20.000ns - sys_clk_pin rise@0.000ns)
  Data Path Delay:        4.105ns  (logic 0.952ns (23.194%)  route 3.153ns (76.806%))
  Logic Levels:           4  (LUT2=1 LUT4=1 LUT5=1 LUT6=1)
  Clock Path Skew:        -0.026ns (DCD - SCD + CPR)
    Destination Clock Delay (DCD):    5.023ns = ( 25.023 - 20.000 ) 
    Source Clock Delay      (SCD):    5.324ns
    Clock Pessimism Removal (CPR):    0.275ns
  Clock Uncertainty:      0.035ns  ((TSJ^2 + TIJ^2)^1/2 + DJ) / 2 + PE
    Total System Jitter     (TSJ):    0.071ns
    Total Input Jitter      (TIJ):    0.000ns
    Discrete Jitter          (DJ):    0.000ns
    Phase Error              (PE):    0.000ns

    Location             Delay type                Incr(ns)  Path(ns)    Netlist Resource(s)
  -------------------------------------------------------------------    -------------------
                         (clock sys_clk_pin rise edge)
                                                      0.000     0.000 r  
    E3                                                0.000     0.000 r  clk (IN)
                         net (fo=0)                   0.000     0.000    clk
    E3                   IBUF (Prop_ibuf_I_O)         1.482     1.482 r  clk_IBUF_inst/O
                         net (fo=1, routed)           2.025     3.506    clk_IBUF
    BUFGCTRL_X0Y16       BUFG (Prop_bufg_I_O)         0.096     3.602 r  clk_IBUF_BUFG_inst/O
                         net (fo=40, routed)          1.721     5.324    disp_inst/CLK
    SLICE_X1Y87          FDRE                                         r  disp_inst/clk_divider_reg[9]/C
  -------------------------------------------------------------------    -------------------
    SLICE_X1Y87          FDRE (Prop_fdre_C_Q)         0.456     5.780 f  disp_inst/clk_divider_reg[9]/Q
                         net (fo=2, routed)           0.868     6.647    disp_inst/clk_divider_reg[9]
    SLICE_X0Y86          LUT4 (Prop_lut4_I3_O)        0.124     6.771 f  disp_inst/digit_index[2]_i_5/O
                         net (fo=1, routed)           0.444     7.215    disp_inst/digit_index[2]_i_5_n_0
    SLICE_X0Y86          LUT5 (Prop_lut5_I4_O)        0.124     7.339 f  disp_inst/digit_index[2]_i_4/O
                         net (fo=1, routed)           0.647     7.987    disp_inst/digit_index[2]_i_4_n_0
    SLICE_X0Y87          LUT6 (Prop_lut6_I1_O)        0.124     8.111 r  disp_inst/digit_index[2]_i_1/O
                         net (fo=7, routed)           0.680     8.791    disp_inst/digit_index
    SLICE_X0Y87          LUT2 (Prop_lut2_I1_O)        0.124     8.915 r  disp_inst/clk_divider[0]_i_1/O
                         net (fo=18, routed)          0.513     9.428    disp_inst/clk_divider[0]_i_1_n_0
    SLICE_X1Y86          FDRE                                         r  disp_inst/clk_divider_reg[4]/R
  -------------------------------------------------------------------    -------------------

                         (clock sys_clk_pin rise edge)
                                                     20.000    20.000 r  
    E3                                                0.000    20.000 r  clk (IN)
                         net (fo=0)                   0.000    20.000    clk
    E3                   IBUF (Prop_ibuf_I_O)         1.411    21.411 r  clk_IBUF_inst/O
                         net (fo=1, routed)           1.920    23.331    clk_IBUF
    BUFGCTRL_X0Y16       BUFG (Prop_bufg_I_O)         0.091    23.422 r  clk_IBUF_BUFG_inst/O
                         net (fo=40, routed)          1.600    25.023    disp_inst/CLK
    SLICE_X1Y86          FDRE                                         r  disp_inst/clk_divider_reg[4]/C
                         clock pessimism              0.275    25.298    
                         clock uncertainty           -0.035    25.262    
    SLICE_X1Y86          FDRE (Setup_fdre_C_R)       -0.429    24.833    disp_inst/clk_divider_reg[4]
  -------------------------------------------------------------------
                         required time                         24.833    
                         arrival time                          -9.428    
  -------------------------------------------------------------------
                         slack                                 15.405    





Min Delay Paths
--------------------------------------------------------------------------------------
Slack (MET) :             0.179ns  (arrival time - required time)
  Source:                 coin_inst/prev_BTNU_reg/C
                            (rising edge-triggered cell FDRE clocked by sys_clk_pin  {rise@0.000ns fall@10.000ns period=20.000ns})
  Destination:            coin_inst/amount_reg[3]/D
                            (rising edge-triggered cell FDRE clocked by sys_clk_pin  {rise@0.000ns fall@10.000ns period=20.000ns})
  Path Group:             sys_clk_pin
  Path Type:              Hold (Min at Fast Process Corner)
  Requirement:            0.000ns  (sys_clk_pin rise@0.000ns - sys_clk_pin rise@0.000ns)
  Data Path Delay:        0.326ns  (logic 0.250ns (76.599%)  route 0.076ns (23.401%))
  Logic Levels:           2  (CARRY4=1 LUT3=1)
  Clock Path Skew:        0.013ns (DCD - SCD - CPR)
    Destination Clock Delay (DCD):    1.999ns
    Source Clock Delay      (SCD):    1.484ns
    Clock Pessimism Removal (CPR):    0.501ns

    Location             Delay type                Incr(ns)  Path(ns)    Netlist Resource(s)
  -------------------------------------------------------------------    -------------------
                         (clock sys_clk_pin rise edge)
                                                      0.000     0.000 r  
    E3                                                0.000     0.000 r  clk (IN)
                         net (fo=0)                   0.000     0.000    clk
    E3                   IBUF (Prop_ibuf_I_O)         0.250     0.250 r  clk_IBUF_inst/O
                         net (fo=1, routed)           0.644     0.894    clk_IBUF
    BUFGCTRL_X0Y16       BUFG (Prop_bufg_I_O)         0.026     0.920 r  clk_IBUF_BUFG_inst/O
                         net (fo=40, routed)          0.565     1.484    coin_inst/CLK
    SLICE_X11Y71         FDRE                                         r  coin_inst/prev_BTNU_reg/C
  -------------------------------------------------------------------    -------------------
    SLICE_X11Y71         FDRE (Prop_fdre_C_Q)         0.141     1.625 r  coin_inst/prev_BTNU_reg/Q
                         net (fo=4, routed)           0.076     1.702    coin_inst/prev_BTNU
    SLICE_X10Y71         LUT3 (Prop_lut3_I1_O)        0.045     1.747 r  coin_inst/plusOp_carry_i_1/O
                         net (fo=1, routed)           0.000     1.747    coin_inst/plusOp_carry_i_1_n_0
    SLICE_X10Y71         CARRY4 (Prop_carry4_S[3]_O[3])
                                                      0.064     1.811 r  coin_inst/plusOp_carry/O[3]
                         net (fo=1, routed)           0.000     1.811    coin_inst/amount[3]
    SLICE_X10Y71         FDRE                                         r  coin_inst/amount_reg[3]/D
  -------------------------------------------------------------------    -------------------

                         (clock sys_clk_pin rise edge)
                                                      0.000     0.000 r  
    E3                                                0.000     0.000 r  clk (IN)
                         net (fo=0)                   0.000     0.000    clk
    E3                   IBUF (Prop_ibuf_I_O)         0.438     0.438 r  clk_IBUF_inst/O
                         net (fo=1, routed)           0.699     1.136    clk_IBUF
    BUFGCTRL_X0Y16       BUFG (Prop_bufg_I_O)         0.029     1.165 r  clk_IBUF_BUFG_inst/O
                         net (fo=40, routed)          0.834     1.999    coin_inst/CLK
    SLICE_X10Y71         FDRE                                         r  coin_inst/amount_reg[3]/C
                         clock pessimism             -0.501     1.497    
    SLICE_X10Y71         FDRE (Hold_fdre_C_D)         0.134     1.631    coin_inst/amount_reg[3]
  -------------------------------------------------------------------
                         required time                         -1.631    
                         arrival time                           1.811    
  -------------------------------------------------------------------
                         slack                                  0.179    

Slack (MET) :             0.181ns  (arrival time - required time)
  Source:                 coin_inst/prev_BTNR_reg/C
                            (rising edge-triggered cell FDRE clocked by sys_clk_pin  {rise@0.000ns fall@10.000ns period=20.000ns})
  Destination:            coin_inst/amount_reg[6]/D
                            (rising edge-triggered cell FDRE clocked by sys_clk_pin  {rise@0.000ns fall@10.000ns period=20.000ns})
  Path Group:             sys_clk_pin
  Path Type:              Hold (Min at Fast Process Corner)
  Requirement:            0.000ns  (sys_clk_pin rise@0.000ns - sys_clk_pin rise@0.000ns)
  Data Path Delay:        0.328ns  (logic 0.251ns (76.445%)  route 0.077ns (23.555%))
  Logic Levels:           2  (CARRY4=1 LUT6=1)
  Clock Path Skew:        0.013ns (DCD - SCD - CPR)
    Destination Clock Delay (DCD):    1.998ns
    Source Clock Delay      (SCD):    1.484ns
    Clock Pessimism Removal (CPR):    0.500ns

    Location             Delay type                Incr(ns)  Path(ns)    Netlist Resource(s)
  -------------------------------------------------------------------    -------------------
                         (clock sys_clk_pin rise edge)
                                                      0.000     0.000 r  
    E3                                                0.000     0.000 r  clk (IN)
                         net (fo=0)                   0.000     0.000    clk
    E3                   IBUF (Prop_ibuf_I_O)         0.250     0.250 r  clk_IBUF_inst/O
                         net (fo=1, routed)           0.644     0.894    clk_IBUF
    BUFGCTRL_X0Y16       BUFG (Prop_bufg_I_O)         0.026     0.920 r  clk_IBUF_BUFG_inst/O
                         net (fo=40, routed)          0.565     1.484    coin_inst/CLK
    SLICE_X11Y72         FDRE                                         r  coin_inst/prev_BTNR_reg/C
  -------------------------------------------------------------------    -------------------
    SLICE_X11Y72         FDRE (Prop_fdre_C_Q)         0.141     1.625 r  coin_inst/prev_BTNR_reg/Q
                         net (fo=5, routed)           0.077     1.703    coin_inst/prev_BTNR
    SLICE_X10Y72         LUT6 (Prop_lut6_I3_O)        0.045     1.748 r  coin_inst/plusOp_carry__0_i_1/O
                         net (fo=1, routed)           0.000     1.748    coin_inst/plusOp_carry__0_i_1_n_0
    SLICE_X10Y72         CARRY4 (Prop_carry4_S[2]_O[2])
                                                      0.065     1.813 r  coin_inst/plusOp_carry__0/O[2]
                         net (fo=1, routed)           0.000     1.813    coin_inst/amount[6]
    SLICE_X10Y72         FDRE                                         r  coin_inst/amount_reg[6]/D
  -------------------------------------------------------------------    -------------------

                         (clock sys_clk_pin rise edge)
                                                      0.000     0.000 r  
    E3                                                0.000     0.000 r  clk (IN)
                         net (fo=0)                   0.000     0.000    clk
    E3                   IBUF (Prop_ibuf_I_O)         0.438     0.438 r  clk_IBUF_inst/O
                         net (fo=1, routed)           0.699     1.136    clk_IBUF
    BUFGCTRL_X0Y16       BUFG (Prop_bufg_I_O)         0.029     1.165 r  clk_IBUF_BUFG_inst/O
                         net (fo=40, routed)          0.833     1.998    coin_inst/CLK
    SLICE_X10Y72         FDRE                                         r  coin_inst/amount_reg[6]/C
                         clock pessimism             -0.500     1.497    
    SLICE_X10Y72         FDRE (Hold_fdre_C_D)         0.134     1.631    coin_inst/amount_reg[6]
  -------------------------------------------------------------------
                         required time                         -1.631    
                         arrival time                           1.813    
  -------------------------------------------------------------------
                         slack                                  0.181    

Slack (MET) :             0.193ns  (arrival time - required time)
  Source:                 disp_inst/digit_index_reg[0]/C
                            (rising edge-triggered cell FDRE clocked by sys_clk_pin  {rise@0.000ns fall@10.000ns period=20.000ns})
  Destination:            disp_inst/digit_index_reg[1]__0/D
                            (rising edge-triggered cell FDRE clocked by sys_clk_pin  {rise@0.000ns fall@10.000ns period=20.000ns})
  Path Group:             sys_clk_pin
  Path Type:              Hold (Min at Fast Process Corner)
  Requirement:            0.000ns  (sys_clk_pin rise@0.000ns - sys_clk_pin rise@0.000ns)
  Data Path Delay:        0.337ns  (logic 0.189ns (56.141%)  route 0.148ns (43.859%))
  Logic Levels:           1  (LUT2=1)
  Clock Path Skew:        0.013ns (DCD - SCD - CPR)
    Destination Clock Delay (DCD):    2.038ns
    Source Clock Delay      (SCD):    1.520ns
    Clock Pessimism Removal (CPR):    0.504ns

    Location             Delay type                Incr(ns)  Path(ns)    Netlist Resource(s)
  -------------------------------------------------------------------    -------------------
                         (clock sys_clk_pin rise edge)
                                                      0.000     0.000 r  
    E3                                                0.000     0.000 r  clk (IN)
                         net (fo=0)                   0.000     0.000    clk
    E3                   IBUF (Prop_ibuf_I_O)         0.250     0.250 r  clk_IBUF_inst/O
                         net (fo=1, routed)           0.644     0.894    clk_IBUF
    BUFGCTRL_X0Y16       BUFG (Prop_bufg_I_O)         0.026     0.920 r  clk_IBUF_BUFG_inst/O
                         net (fo=40, routed)          0.601     1.520    disp_inst/CLK
    SLICE_X3Y87          FDRE                                         r  disp_inst/digit_index_reg[0]/C
  -------------------------------------------------------------------    -------------------
    SLICE_X3Y87          FDRE (Prop_fdre_C_Q)         0.141     1.661 r  disp_inst/digit_index_reg[0]/Q
                         net (fo=15, routed)          0.148     1.809    disp_inst/digit_index_reg_n_0_[0]
    SLICE_X2Y87          LUT2 (Prop_lut2_I0_O)        0.048     1.857 r  disp_inst/digit_index[1]__0_i_1/O
                         net (fo=1, routed)           0.000     1.857    disp_inst/B[1]
    SLICE_X2Y87          FDRE                                         r  disp_inst/digit_index_reg[1]__0/D
  -------------------------------------------------------------------    -------------------

                         (clock sys_clk_pin rise edge)
                                                      0.000     0.000 r  
    E3                                                0.000     0.000 r  clk (IN)
                         net (fo=0)                   0.000     0.000    clk
    E3                   IBUF (Prop_ibuf_I_O)         0.438     0.438 r  clk_IBUF_inst/O
                         net (fo=1, routed)           0.699     1.136    clk_IBUF
    BUFGCTRL_X0Y16       BUFG (Prop_bufg_I_O)         0.029     1.165 r  clk_IBUF_BUFG_inst/O
                         net (fo=40, routed)          0.873     2.038    disp_inst/CLK
    SLICE_X2Y87          FDRE                                         r  disp_inst/digit_index_reg[1]__0/C
                         clock pessimism             -0.504     1.533    
    SLICE_X2Y87          FDRE (Hold_fdre_C_D)         0.131     1.664    disp_inst/digit_index_reg[1]__0
  -------------------------------------------------------------------
                         required time                         -1.664    
                         arrival time                           1.857    
  -------------------------------------------------------------------
                         slack                                  0.193    

Slack (MET) :             0.200ns  (arrival time - required time)
  Source:                 disp_inst/digit_index_reg[0]/C
                            (rising edge-triggered cell FDRE clocked by sys_clk_pin  {rise@0.000ns fall@10.000ns period=20.000ns})
  Destination:            disp_inst/digit_index_reg[1]/D
                            (rising edge-triggered cell FDRE clocked by sys_clk_pin  {rise@0.000ns fall@10.000ns period=20.000ns})
  Path Group:             sys_clk_pin
  Path Type:              Hold (Min at Fast Process Corner)
  Requirement:            0.000ns  (sys_clk_pin rise@0.000ns - sys_clk_pin rise@0.000ns)
  Data Path Delay:        0.334ns  (logic 0.186ns (55.746%)  route 0.148ns (44.254%))
  Logic Levels:           1  (LUT2=1)
  Clock Path Skew:        0.013ns (DCD - SCD - CPR)
    Destination Clock Delay (DCD):    2.038ns
    Source Clock Delay      (SCD):    1.520ns
    Clock Pessimism Removal (CPR):    0.504ns

    Location             Delay type                Incr(ns)  Path(ns)    Netlist Resource(s)
  -------------------------------------------------------------------    -------------------
                         (clock sys_clk_pin rise edge)
                                                      0.000     0.000 r  
    E3                                                0.000     0.000 r  clk (IN)
                         net (fo=0)                   0.000     0.000    clk
    E3                   IBUF (Prop_ibuf_I_O)         0.250     0.250 r  clk_IBUF_inst/O
                         net (fo=1, routed)           0.644     0.894    clk_IBUF
    BUFGCTRL_X0Y16       BUFG (Prop_bufg_I_O)         0.026     0.920 r  clk_IBUF_BUFG_inst/O
                         net (fo=40, routed)          0.601     1.520    disp_inst/CLK
    SLICE_X3Y87          FDRE                                         r  disp_inst/digit_index_reg[0]/C
  -------------------------------------------------------------------    -------------------
    SLICE_X3Y87          FDRE (Prop_fdre_C_Q)         0.141     1.661 r  disp_inst/digit_index_reg[0]/Q
                         net (fo=15, routed)          0.148     1.809    disp_inst/digit_index_reg_n_0_[0]
    SLICE_X2Y87          LUT2 (Prop_lut2_I1_O)        0.045     1.854 r  disp_inst/digit_index[1]_i_1/O
                         net (fo=1, routed)           0.000     1.854    disp_inst/digit_index[1]_i_1_n_0
    SLICE_X2Y87          FDRE                                         r  disp_inst/digit_index_reg[1]/D
  -------------------------------------------------------------------    -------------------

                         (clock sys_clk_pin rise edge)
                                                      0.000     0.000 r  
    E3                                                0.000     0.000 r  clk (IN)
                         net (fo=0)                   0.000     0.000    clk
    E3                   IBUF (Prop_ibuf_I_O)         0.438     0.438 r  clk_IBUF_inst/O
                         net (fo=1, routed)           0.699     1.136    clk_IBUF
    BUFGCTRL_X0Y16       BUFG (Prop_bufg_I_O)         0.029     1.165 r  clk_IBUF_BUFG_inst/O
                         net (fo=40, routed)          0.873     2.038    disp_inst/CLK
    SLICE_X2Y87          FDRE                                         r  disp_inst/digit_index_reg[1]/C
                         clock pessimism             -0.504     1.533    
    SLICE_X2Y87          FDRE (Hold_fdre_C_D)         0.121     1.654    disp_inst/digit_index_reg[1]
  -------------------------------------------------------------------
                         required time                         -1.654    
                         arrival time                           1.854    
  -------------------------------------------------------------------
                         slack                                  0.200    

Slack (MET) :             0.217ns  (arrival time - required time)
  Source:                 coin_inst/prev_BTNR_reg/C
                            (rising edge-triggered cell FDRE clocked by sys_clk_pin  {rise@0.000ns fall@10.000ns period=20.000ns})
  Destination:            coin_inst/amount_reg[7]/D
                            (rising edge-triggered cell FDRE clocked by sys_clk_pin  {rise@0.000ns fall@10.000ns period=20.000ns})
  Path Group:             sys_clk_pin
  Path Type:              Hold (Min at Fast Process Corner)
  Requirement:            0.000ns  (sys_clk_pin rise@0.000ns - sys_clk_pin rise@0.000ns)
  Data Path Delay:        0.364ns  (logic 0.287ns (78.772%)  route 0.077ns (21.228%))
  Logic Levels:           2  (CARRY4=1 LUT6=1)
  Clock Path Skew:        0.013ns (DCD - SCD - CPR)
    Destination Clock Delay (DCD):    1.998ns
    Source Clock Delay      (SCD):    1.484ns
    Clock Pessimism Removal (CPR):    0.500ns

    Location             Delay type                Incr(ns)  Path(ns)    Netlist Resource(s)
  -------------------------------------------------------------------    -------------------
                         (clock sys_clk_pin rise edge)
                                                      0.000     0.000 r  
    E3                                                0.000     0.000 r  clk (IN)
                         net (fo=0)                   0.000     0.000    clk
    E3                   IBUF (Prop_ibuf_I_O)         0.250     0.250 r  clk_IBUF_inst/O
                         net (fo=1, routed)           0.644     0.894    clk_IBUF
    BUFGCTRL_X0Y16       BUFG (Prop_bufg_I_O)         0.026     0.920 r  clk_IBUF_BUFG_inst/O
                         net (fo=40, routed)          0.565     1.484    coin_inst/CLK
    SLICE_X11Y72         FDRE                                         r  coin_inst/prev_BTNR_reg/C
  -------------------------------------------------------------------    -------------------
    SLICE_X11Y72         FDRE (Prop_fdre_C_Q)         0.141     1.625 r  coin_inst/prev_BTNR_reg/Q
                         net (fo=5, routed)           0.077     1.703    coin_inst/prev_BTNR
    SLICE_X10Y72         LUT6 (Prop_lut6_I3_O)        0.045     1.748 r  coin_inst/plusOp_carry__0_i_1/O
                         net (fo=1, routed)           0.000     1.748    coin_inst/plusOp_carry__0_i_1_n_0
    SLICE_X10Y72         CARRY4 (Prop_carry4_S[2]_O[3])
                                                      0.101     1.849 r  coin_inst/plusOp_carry__0/O[3]
                         net (fo=1, routed)           0.000     1.849    coin_inst/amount[7]
    SLICE_X10Y72         FDRE                                         r  coin_inst/amount_reg[7]/D
  -------------------------------------------------------------------    -------------------

                         (clock sys_clk_pin rise edge)
                                                      0.000     0.000 r  
    E3                                                0.000     0.000 r  clk (IN)
                         net (fo=0)                   0.000     0.000    clk
    E3                   IBUF (Prop_ibuf_I_O)         0.438     0.438 r  clk_IBUF_inst/O
                         net (fo=1, routed)           0.699     1.136    clk_IBUF
    BUFGCTRL_X0Y16       BUFG (Prop_bufg_I_O)         0.029     1.165 r  clk_IBUF_BUFG_inst/O
                         net (fo=40, routed)          0.833     1.998    coin_inst/CLK
    SLICE_X10Y72         FDRE                                         r  coin_inst/amount_reg[7]/C
                         clock pessimism             -0.500     1.497    
    SLICE_X10Y72         FDRE (Hold_fdre_C_D)         0.134     1.631    coin_inst/amount_reg[7]
  -------------------------------------------------------------------
                         required time                         -1.631    
                         arrival time                           1.849    
  -------------------------------------------------------------------
                         slack                                  0.217    

Slack (MET) :             0.230ns  (arrival time - required time)
  Source:                 coin_inst/prev_BTNL_reg/C
                            (rising edge-triggered cell FDRE clocked by sys_clk_pin  {rise@0.000ns fall@10.000ns period=20.000ns})
  Destination:            coin_inst/amount_reg[4]/D
                            (rising edge-triggered cell FDRE clocked by sys_clk_pin  {rise@0.000ns fall@10.000ns period=20.000ns})
  Path Group:             sys_clk_pin
  Path Type:              Hold (Min at Fast Process Corner)
  Requirement:            0.000ns  (sys_clk_pin rise@0.000ns - sys_clk_pin rise@0.000ns)
  Data Path Delay:        0.377ns  (logic 0.256ns (67.824%)  route 0.121ns (32.176%))
  Logic Levels:           2  (CARRY4=1 LUT6=1)
  Clock Path Skew:        0.013ns (DCD - SCD - CPR)
    Destination Clock Delay (DCD):    1.998ns
    Source Clock Delay      (SCD):    1.484ns
    Clock Pessimism Removal (CPR):    0.500ns

    Location             Delay type                Incr(ns)  Path(ns)    Netlist Resource(s)
  -------------------------------------------------------------------    -------------------
                         (clock sys_clk_pin rise edge)
                                                      0.000     0.000 r  
    E3                                                0.000     0.000 r  clk (IN)
                         net (fo=0)                   0.000     0.000    clk
    E3                   IBUF (Prop_ibuf_I_O)         0.250     0.250 r  clk_IBUF_inst/O
                         net (fo=1, routed)           0.644     0.894    clk_IBUF
    BUFGCTRL_X0Y16       BUFG (Prop_bufg_I_O)         0.026     0.920 r  clk_IBUF_BUFG_inst/O
                         net (fo=40, routed)          0.565     1.484    coin_inst/CLK
    SLICE_X11Y72         FDRE                                         r  coin_inst/prev_BTNL_reg/C
  -------------------------------------------------------------------    -------------------
    SLICE_X11Y72         FDRE (Prop_fdre_C_Q)         0.141     1.625 r  coin_inst/prev_BTNL_reg/Q
                         net (fo=6, routed)           0.121     1.747    coin_inst/prev_BTNL
    SLICE_X10Y72         LUT6 (Prop_lut6_I2_O)        0.045     1.792 r  coin_inst/plusOp_carry__0_i_3/O
                         net (fo=1, routed)           0.000     1.792    coin_inst/plusOp_carry__0_i_3_n_0
    SLICE_X10Y72         CARRY4 (Prop_carry4_S[0]_O[0])
                                                      0.070     1.862 r  coin_inst/plusOp_carry__0/O[0]
                         net (fo=1, routed)           0.000     1.862    coin_inst/amount[4]
    SLICE_X10Y72         FDRE                                         r  coin_inst/amount_reg[4]/D
  -------------------------------------------------------------------    -------------------

                         (clock sys_clk_pin rise edge)
                                                      0.000     0.000 r  
    E3                                                0.000     0.000 r  clk (IN)
                         net (fo=0)                   0.000     0.000    clk
    E3                   IBUF (Prop_ibuf_I_O)         0.438     0.438 r  clk_IBUF_inst/O
                         net (fo=1, routed)           0.699     1.136    clk_IBUF
    BUFGCTRL_X0Y16       BUFG (Prop_bufg_I_O)         0.029     1.165 r  clk_IBUF_BUFG_inst/O
                         net (fo=40, routed)          0.833     1.998    coin_inst/CLK
    SLICE_X10Y72         FDRE                                         r  coin_inst/amount_reg[4]/C
                         clock pessimism             -0.500     1.497    
    SLICE_X10Y72         FDRE (Hold_fdre_C_D)         0.134     1.631    coin_inst/amount_reg[4]
  -------------------------------------------------------------------
                         required time                         -1.631    
                         arrival time                           1.862    
  -------------------------------------------------------------------
                         slack                                  0.230    

Slack (MET) :             0.230ns  (arrival time - required time)
  Source:                 coin_inst/prev_BTNL_reg/C
                            (rising edge-triggered cell FDRE clocked by sys_clk_pin  {rise@0.000ns fall@10.000ns period=20.000ns})
  Destination:            coin_inst/amount_reg[5]/D
                            (rising edge-triggered cell FDRE clocked by sys_clk_pin  {rise@0.000ns fall@10.000ns period=20.000ns})
  Path Group:             sys_clk_pin
  Path Type:              Hold (Min at Fast Process Corner)
  Requirement:            0.000ns  (sys_clk_pin rise@0.000ns - sys_clk_pin rise@0.000ns)
  Data Path Delay:        0.377ns  (logic 0.252ns (66.764%)  route 0.125ns (33.236%))
  Logic Levels:           2  (CARRY4=1 LUT5=1)
  Clock Path Skew:        0.013ns (DCD - SCD - CPR)
    Destination Clock Delay (DCD):    1.998ns
    Source Clock Delay      (SCD):    1.484ns
    Clock Pessimism Removal (CPR):    0.500ns

    Location             Delay type                Incr(ns)  Path(ns)    Netlist Resource(s)
  -------------------------------------------------------------------    -------------------
                         (clock sys_clk_pin rise edge)
                                                      0.000     0.000 r  
    E3                                                0.000     0.000 r  clk (IN)
                         net (fo=0)                   0.000     0.000    clk
    E3                   IBUF (Prop_ibuf_I_O)         0.250     0.250 r  clk_IBUF_inst/O
                         net (fo=1, routed)           0.644     0.894    clk_IBUF
    BUFGCTRL_X0Y16       BUFG (Prop_bufg_I_O)         0.026     0.920 r  clk_IBUF_BUFG_inst/O
                         net (fo=40, routed)          0.565     1.484    coin_inst/CLK
    SLICE_X11Y72         FDRE                                         r  coin_inst/prev_BTNL_reg/C
  -------------------------------------------------------------------    -------------------
    SLICE_X11Y72         FDRE (Prop_fdre_C_Q)         0.141     1.625 r  coin_inst/prev_BTNL_reg/Q
                         net (fo=6, routed)           0.125     1.751    coin_inst/prev_BTNL
    SLICE_X10Y72         LUT5 (Prop_lut5_I2_O)        0.045     1.796 r  coin_inst/plusOp_carry__0_i_2/O
                         net (fo=1, routed)           0.000     1.796    coin_inst/plusOp_carry__0_i_2_n_0
    SLICE_X10Y72         CARRY4 (Prop_carry4_S[1]_O[1])
                                                      0.066     1.862 r  coin_inst/plusOp_carry__0/O[1]
                         net (fo=1, routed)           0.000     1.862    coin_inst/amount[5]
    SLICE_X10Y72         FDRE                                         r  coin_inst/amount_reg[5]/D
  -------------------------------------------------------------------    -------------------

                         (clock sys_clk_pin rise edge)
                                                      0.000     0.000 r  
    E3                                                0.000     0.000 r  clk (IN)
                         net (fo=0)                   0.000     0.000    clk
    E3                   IBUF (Prop_ibuf_I_O)         0.438     0.438 r  clk_IBUF_inst/O
                         net (fo=1, routed)           0.699     1.136    clk_IBUF
    BUFGCTRL_X0Y16       BUFG (Prop_bufg_I_O)         0.029     1.165 r  clk_IBUF_BUFG_inst/O
                         net (fo=40, routed)          0.833     1.998    coin_inst/CLK
    SLICE_X10Y72         FDRE                                         r  coin_inst/amount_reg[5]/C
                         clock pessimism             -0.500     1.497    
    SLICE_X10Y72         FDRE (Hold_fdre_C_D)         0.134     1.631    coin_inst/amount_reg[5]
  -------------------------------------------------------------------
                         required time                         -1.631    
                         arrival time                           1.862    
  -------------------------------------------------------------------
                         slack                                  0.230    

Slack (MET) :             0.258ns  (arrival time - required time)
  Source:                 coin_inst/amount_reg[1]/C
                            (rising edge-triggered cell FDRE clocked by sys_clk_pin  {rise@0.000ns fall@10.000ns period=20.000ns})
  Destination:            coin_inst/amount_reg[2]/D
                            (rising edge-triggered cell FDRE clocked by sys_clk_pin  {rise@0.000ns fall@10.000ns period=20.000ns})
  Path Group:             sys_clk_pin
  Path Type:              Hold (Min at Fast Process Corner)
  Requirement:            0.000ns  (sys_clk_pin rise@0.000ns - sys_clk_pin rise@0.000ns)
  Data Path Delay:        0.392ns  (logic 0.313ns (79.806%)  route 0.079ns (20.194%))
  Logic Levels:           1  (CARRY4=1)
  Clock Path Skew:        0.000ns (DCD - SCD - CPR)
    Destination Clock Delay (DCD):    1.999ns
    Source Clock Delay      (SCD):    1.484ns
    Clock Pessimism Removal (CPR):    0.514ns

    Location             Delay type                Incr(ns)  Path(ns)    Netlist Resource(s)
  -------------------------------------------------------------------    -------------------
                         (clock sys_clk_pin rise edge)
                                                      0.000     0.000 r  
    E3                                                0.000     0.000 r  clk (IN)
                         net (fo=0)                   0.000     0.000    clk
    E3                   IBUF (Prop_ibuf_I_O)         0.250     0.250 r  clk_IBUF_inst/O
                         net (fo=1, routed)           0.644     0.894    clk_IBUF
    BUFGCTRL_X0Y16       BUFG (Prop_bufg_I_O)         0.026     0.920 r  clk_IBUF_BUFG_inst/O
                         net (fo=40, routed)          0.565     1.484    coin_inst/CLK
    SLICE_X10Y71         FDRE                                         r  coin_inst/amount_reg[1]/C
  -------------------------------------------------------------------    -------------------
    SLICE_X10Y71         FDRE (Prop_fdre_C_Q)         0.164     1.648 r  coin_inst/amount_reg[1]/Q
                         net (fo=23, routed)          0.079     1.728    coin_inst/out[0]
    SLICE_X10Y71         CARRY4 (Prop_carry4_DI[1]_O[2])
                                                      0.149     1.877 r  coin_inst/plusOp_carry/O[2]
                         net (fo=1, routed)           0.000     1.877    coin_inst/amount[2]
    SLICE_X10Y71         FDRE                                         r  coin_inst/amount_reg[2]/D
  -------------------------------------------------------------------    -------------------

                         (clock sys_clk_pin rise edge)
                                                      0.000     0.000 r  
    E3                                                0.000     0.000 r  clk (IN)
                         net (fo=0)                   0.000     0.000    clk
    E3                   IBUF (Prop_ibuf_I_O)         0.438     0.438 r  clk_IBUF_inst/O
                         net (fo=1, routed)           0.699     1.136    clk_IBUF
    BUFGCTRL_X0Y16       BUFG (Prop_bufg_I_O)         0.029     1.165 r  clk_IBUF_BUFG_inst/O
                         net (fo=40, routed)          0.834     1.999    coin_inst/CLK
    SLICE_X10Y71         FDRE                                         r  coin_inst/amount_reg[2]/C
                         clock pessimism             -0.514     1.484    
    SLICE_X10Y71         FDRE (Hold_fdre_C_D)         0.134     1.618    coin_inst/amount_reg[2]
  -------------------------------------------------------------------
                         required time                         -1.618    
                         arrival time                           1.877    
  -------------------------------------------------------------------
                         slack                                  0.258    

Slack (MET) :             0.263ns  (arrival time - required time)
  Source:                 disp_inst/clk_divider_reg[11]/C
                            (rising edge-triggered cell FDRE clocked by sys_clk_pin  {rise@0.000ns fall@10.000ns period=20.000ns})
  Destination:            disp_inst/clk_divider_reg[11]/D
                            (rising edge-triggered cell FDRE clocked by sys_clk_pin  {rise@0.000ns fall@10.000ns period=20.000ns})
  Path Group:             sys_clk_pin
  Path Type:              Hold (Min at Fast Process Corner)
  Requirement:            0.000ns  (sys_clk_pin rise@0.000ns - sys_clk_pin rise@0.000ns)
  Data Path Delay:        0.368ns  (logic 0.249ns (67.612%)  route 0.119ns (32.388%))
  Logic Levels:           1  (CARRY4=1)
  Clock Path Skew:        0.000ns (DCD - SCD - CPR)
    Destination Clock Delay (DCD):    2.038ns
    Source Clock Delay      (SCD):    1.520ns
    Clock Pessimism Removal (CPR):    0.517ns

    Location             Delay type                Incr(ns)  Path(ns)    Netlist Resource(s)
  -------------------------------------------------------------------    -------------------
                         (clock sys_clk_pin rise edge)
                                                      0.000     0.000 r  
    E3                                                0.000     0.000 r  clk (IN)
                         net (fo=0)                   0.000     0.000    clk
    E3                   IBUF (Prop_ibuf_I_O)         0.250     0.250 r  clk_IBUF_inst/O
                         net (fo=1, routed)           0.644     0.894    clk_IBUF
    BUFGCTRL_X0Y16       BUFG (Prop_bufg_I_O)         0.026     0.920 r  clk_IBUF_BUFG_inst/O
                         net (fo=40, routed)          0.601     1.520    disp_inst/CLK
    SLICE_X1Y87          FDRE                                         r  disp_inst/clk_divider_reg[11]/C
  -------------------------------------------------------------------    -------------------
    SLICE_X1Y87          FDRE (Prop_fdre_C_Q)         0.141     1.661 r  disp_inst/clk_divider_reg[11]/Q
                         net (fo=2, routed)           0.119     1.781    disp_inst/clk_divider_reg[11]
    SLICE_X1Y87          CARRY4 (Prop_carry4_S[3]_O[3])
                                                      0.108     1.889 r  disp_inst/clk_divider_reg[8]_i_1/O[3]
                         net (fo=1, routed)           0.000     1.889    disp_inst/clk_divider_reg[8]_i_1_n_4
    SLICE_X1Y87          FDRE                                         r  disp_inst/clk_divider_reg[11]/D
  -------------------------------------------------------------------    -------------------

                         (clock sys_clk_pin rise edge)
                                                      0.000     0.000 r  
    E3                                                0.000     0.000 r  clk (IN)
                         net (fo=0)                   0.000     0.000    clk
    E3                   IBUF (Prop_ibuf_I_O)         0.438     0.438 r  clk_IBUF_inst/O
                         net (fo=1, routed)           0.699     1.136    clk_IBUF
    BUFGCTRL_X0Y16       BUFG (Prop_bufg_I_O)         0.029     1.165 r  clk_IBUF_BUFG_inst/O
                         net (fo=40, routed)          0.873     2.038    disp_inst/CLK
    SLICE_X1Y87          FDRE                                         r  disp_inst/clk_divider_reg[11]/C
                         clock pessimism             -0.517     1.520    
    SLICE_X1Y87          FDRE (Hold_fdre_C_D)         0.105     1.625    disp_inst/clk_divider_reg[11]
  -------------------------------------------------------------------
                         required time                         -1.625    
                         arrival time                           1.889    
  -------------------------------------------------------------------
                         slack                                  0.263    

Slack (MET) :             0.264ns  (arrival time - required time)
  Source:                 disp_inst/clk_divider_reg[3]/C
                            (rising edge-triggered cell FDRE clocked by sys_clk_pin  {rise@0.000ns fall@10.000ns period=20.000ns})
  Destination:            disp_inst/clk_divider_reg[3]/D
                            (rising edge-triggered cell FDRE clocked by sys_clk_pin  {rise@0.000ns fall@10.000ns period=20.000ns})
  Path Group:             sys_clk_pin
  Path Type:              Hold (Min at Fast Process Corner)
  Requirement:            0.000ns  (sys_clk_pin rise@0.000ns - sys_clk_pin rise@0.000ns)
  Data Path Delay:        0.369ns  (logic 0.249ns (67.424%)  route 0.120ns (32.576%))
  Logic Levels:           1  (CARRY4=1)
  Clock Path Skew:        0.000ns (DCD - SCD - CPR)
    Destination Clock Delay (DCD):    2.037ns
    Source Clock Delay      (SCD):    1.519ns
    Clock Pessimism Removal (CPR):    0.517ns

    Location             Delay type                Incr(ns)  Path(ns)    Netlist Resource(s)
  -------------------------------------------------------------------    -------------------
                         (clock sys_clk_pin rise edge)
                                                      0.000     0.000 r  
    E3                                                0.000     0.000 r  clk (IN)
                         net (fo=0)                   0.000     0.000    clk
    E3                   IBUF (Prop_ibuf_I_O)         0.250     0.250 r  clk_IBUF_inst/O
                         net (fo=1, routed)           0.644     0.894    clk_IBUF
    BUFGCTRL_X0Y16       BUFG (Prop_bufg_I_O)         0.026     0.920 r  clk_IBUF_BUFG_inst/O
                         net (fo=40, routed)          0.600     1.519    disp_inst/CLK
    SLICE_X1Y85          FDRE                                         r  disp_inst/clk_divider_reg[3]/C
  -------------------------------------------------------------------    -------------------
    SLICE_X1Y85          FDRE (Prop_fdre_C_Q)         0.141     1.660 r  disp_inst/clk_divider_reg[3]/Q
                         net (fo=2, routed)           0.120     1.781    disp_inst/clk_divider_reg[3]
    SLICE_X1Y85          CARRY4 (Prop_carry4_S[3]_O[3])
                                                      0.108     1.889 r  disp_inst/clk_divider_reg[0]_i_2/O[3]
                         net (fo=1, routed)           0.000     1.889    disp_inst/clk_divider_reg[0]_i_2_n_4
    SLICE_X1Y85          FDRE                                         r  disp_inst/clk_divider_reg[3]/D
  -------------------------------------------------------------------    -------------------

                         (clock sys_clk_pin rise edge)
                                                      0.000     0.000 r  
    E3                                                0.000     0.000 r  clk (IN)
                         net (fo=0)                   0.000     0.000    clk
    E3                   IBUF (Prop_ibuf_I_O)         0.438     0.438 r  clk_IBUF_inst/O
                         net (fo=1, routed)           0.699     1.136    clk_IBUF
    BUFGCTRL_X0Y16       BUFG (Prop_bufg_I_O)         0.029     1.165 r  clk_IBUF_BUFG_inst/O
                         net (fo=40, routed)          0.872     2.037    disp_inst/CLK
    SLICE_X1Y85          FDRE                                         r  disp_inst/clk_divider_reg[3]/C
                         clock pessimism             -0.517     1.519    
    SLICE_X1Y85          FDRE (Hold_fdre_C_D)         0.105     1.624    disp_inst/clk_divider_reg[3]
  -------------------------------------------------------------------
                         required time                         -1.624    
                         arrival time                           1.889    
  -------------------------------------------------------------------
                         slack                                  0.264    





Pulse Width Checks
--------------------------------------------------------------------------------------
Clock Name:         sys_clk_pin
Waveform(ns):       { 0.000 10.000 }
Period(ns):         20.000
Sources:            { clk }

Check Type        Corner  Lib Pin  Reference Pin  Required(ns)  Actual(ns)  Slack(ns)  Location        Pin
Min Period        n/a     BUFG/I   n/a            2.155         20.000      17.845     BUFGCTRL_X0Y16  clk_IBUF_BUFG_inst/I
Min Period        n/a     FDRE/C   n/a            1.000         20.000      19.000     SLICE_X10Y71    coin_inst/amount_reg[1]/C
Min Period        n/a     FDRE/C   n/a            1.000         20.000      19.000     SLICE_X10Y71    coin_inst/amount_reg[2]/C
Min Period        n/a     FDRE/C   n/a            1.000         20.000      19.000     SLICE_X10Y71    coin_inst/amount_reg[3]/C
Min Period        n/a     FDRE/C   n/a            1.000         20.000      19.000     SLICE_X10Y72    coin_inst/amount_reg[4]/C
Min Period        n/a     FDRE/C   n/a            1.000         20.000      19.000     SLICE_X10Y72    coin_inst/amount_reg[5]/C
Min Period        n/a     FDRE/C   n/a            1.000         20.000      19.000     SLICE_X10Y72    coin_inst/amount_reg[6]/C
Min Period        n/a     FDRE/C   n/a            1.000         20.000      19.000     SLICE_X10Y72    coin_inst/amount_reg[7]/C
Min Period        n/a     FDRE/C   n/a            1.000         20.000      19.000     SLICE_X10Y73    coin_inst/amount_reg[8]/C
Min Period        n/a     FDRE/C   n/a            1.000         20.000      19.000     SLICE_X10Y73    coin_inst/amount_reg[9]/C
Low Pulse Width   Slow    FDRE/C   n/a            0.500         10.000      9.500      SLICE_X10Y71    coin_inst/amount_reg[1]/C
Low Pulse Width   Fast    FDRE/C   n/a            0.500         10.000      9.500      SLICE_X10Y71    coin_inst/amount_reg[1]/C
Low Pulse Width   Slow    FDRE/C   n/a            0.500         10.000      9.500      SLICE_X10Y71    coin_inst/amount_reg[2]/C
Low Pulse Width   Fast    FDRE/C   n/a            0.500         10.000      9.500      SLICE_X10Y71    coin_inst/amount_reg[2]/C
Low Pulse Width   Slow    FDRE/C   n/a            0.500         10.000      9.500      SLICE_X10Y71    coin_inst/amount_reg[3]/C
Low Pulse Width   Fast    FDRE/C   n/a            0.500         10.000      9.500      SLICE_X10Y71    coin_inst/amount_reg[3]/C
Low Pulse Width   Slow    FDRE/C   n/a            0.500         10.000      9.500      SLICE_X10Y72    coin_inst/amount_reg[4]/C
Low Pulse Width   Fast    FDRE/C   n/a            0.500         10.000      9.500      SLICE_X10Y72    coin_inst/amount_reg[4]/C
Low Pulse Width   Slow    FDRE/C   n/a            0.500         10.000      9.500      SLICE_X10Y72    coin_inst/amount_reg[5]/C
Low Pulse Width   Fast    FDRE/C   n/a            0.500         10.000      9.500      SLICE_X10Y72    coin_inst/amount_reg[5]/C
High Pulse Width  Slow    FDRE/C   n/a            0.500         10.000      9.500      SLICE_X10Y71    coin_inst/amount_reg[1]/C
High Pulse Width  Fast    FDRE/C   n/a            0.500         10.000      9.500      SLICE_X10Y71    coin_inst/amount_reg[1]/C
High Pulse Width  Slow    FDRE/C   n/a            0.500         10.000      9.500      SLICE_X10Y71    coin_inst/amount_reg[2]/C
High Pulse Width  Fast    FDRE/C   n/a            0.500         10.000      9.500      SLICE_X10Y71    coin_inst/amount_reg[2]/C
High Pulse Width  Slow    FDRE/C   n/a            0.500         10.000      9.500      SLICE_X10Y71    coin_inst/amount_reg[3]/C
High Pulse Width  Fast    FDRE/C   n/a            0.500         10.000      9.500      SLICE_X10Y71    coin_inst/amount_reg[3]/C
High Pulse Width  Slow    FDRE/C   n/a            0.500         10.000      9.500      SLICE_X10Y72    coin_inst/amount_reg[4]/C
High Pulse Width  Fast    FDRE/C   n/a            0.500         10.000      9.500      SLICE_X10Y72    coin_inst/amount_reg[4]/C
High Pulse Width  Slow    FDRE/C   n/a            0.500         10.000      9.500      SLICE_X10Y72    coin_inst/amount_reg[5]/C
High Pulse Width  Fast    FDRE/C   n/a            0.500         10.000      9.500      SLICE_X10Y72    coin_inst/amount_reg[5]/C



--------------------------------------------------------------------------------------
Path Group:  (none)
From Clock:  
  To Clock:  

Max Delay            12 Endpoints
Min Delay            12 Endpoints
--------------------------------------------------------------------------------------


Max Delay Paths
--------------------------------------------------------------------------------------
Slack:                    inf
  Source:                 fsm_inst/selected_price_reg[6]/G
                            (positive level-sensitive latch)
  Destination:            SEG[6]
                            (output port)
  Path Group:             (none)
  Path Type:              Max at Slow Process Corner
  Data Path Delay:        29.292ns  (logic 11.016ns (37.608%)  route 18.276ns (62.392%))
  Logic Levels:           25  (CARRY4=9 LDCE=1 LUT4=5 LUT5=3 LUT6=6 OBUF=1)

    Location             Delay type                Incr(ns)  Path(ns)    Netlist Resource(s)
  -------------------------------------------------------------------    -------------------
    SLICE_X4Y81          LDCE                         0.000     0.000 r  fsm_inst/selected_price_reg[6]/G
    SLICE_X4Y81          LDCE (EnToQ_ldce_G_Q)        0.761     0.761 r  fsm_inst/selected_price_reg[6]/Q
                         net (fo=37, routed)          1.767     2.528    coin_inst/Q[3]
    SLICE_X4Y76          LUT4 (Prop_lut4_I1_O)        0.124     2.652 r  coin_inst/FSM_sequential_current_state[0]_i_14/O
                         net (fo=1, routed)           0.000     2.652    coin_inst/FSM_sequential_current_state[0]_i_14_n_0
    SLICE_X4Y76          CARRY4 (Prop_carry4_S[1]_CO[3])
                                                      0.550     3.202 r  coin_inst/FSM_sequential_current_state_reg[0]_i_5/CO[3]
                         net (fo=1, routed)           0.000     3.202    coin_inst/FSM_sequential_current_state_reg[0]_i_5_n_0
    SLICE_X4Y77          CARRY4 (Prop_carry4_CI_CO[0])
                                                      0.271     3.473 r  coin_inst/FSM_sequential_current_state_reg[0]_i_2/CO[0]
                         net (fo=120, routed)         1.802     5.275    coin_inst/CO[0]
    SLICE_X8Y79          LUT4 (Prop_lut4_I2_O)        0.399     5.674 f  coin_inst/SEG_OBUF[6]_inst_i_349/O
                         net (fo=2, routed)           0.483     6.157    coin_inst/SEG_OBUF[6]_inst_i_349_n_0
    SLICE_X8Y79          LUT6 (Prop_lut6_I0_O)        0.328     6.485 r  coin_inst/SEG_OBUF[6]_inst_i_243/O
                         net (fo=2, routed)           0.887     7.372    coin_inst/SEG_OBUF[6]_inst_i_243_n_0
    SLICE_X9Y79          LUT6 (Prop_lut6_I0_O)        0.124     7.496 r  coin_inst/SEG_OBUF[6]_inst_i_247/O
                         net (fo=1, routed)           0.000     7.496    coin_inst/SEG_OBUF[6]_inst_i_247_n_0
    SLICE_X9Y79          CARRY4 (Prop_carry4_S[1]_CO[3])
                                                      0.550     8.046 r  coin_inst/SEG_OBUF[6]_inst_i_157/CO[3]
                         net (fo=1, routed)           0.000     8.046    coin_inst/SEG_OBUF[6]_inst_i_157_n_0
    SLICE_X9Y80          CARRY4 (Prop_carry4_CI_CO[3])
                                                      0.114     8.160 r  coin_inst/SEG_OBUF[6]_inst_i_93/CO[3]
                         net (fo=1, routed)           0.000     8.160    coin_inst/SEG_OBUF[6]_inst_i_93_n_0
    SLICE_X9Y81          CARRY4 (Prop_carry4_CI_CO[2])
                                                      0.228     8.388 r  coin_inst/SEG_OBUF[6]_inst_i_189/CO[2]
                         net (fo=11, routed)          0.532     8.920    coin_inst/SEG_OBUF[6]_inst_i_189_n_1
    SLICE_X8Y84          CARRY4 (Prop_carry4_CYINIT_O[1])
                                                      0.819     9.739 r  coin_inst/SEG_OBUF[6]_inst_i_269/O[1]
                         net (fo=9, routed)           1.389    11.128    coin_inst/SEG_OBUF[6]_inst_i_269_n_6
    SLICE_X7Y82          LUT4 (Prop_lut4_I2_O)        0.306    11.434 r  coin_inst/SEG_OBUF[6]_inst_i_288/O
                         net (fo=1, routed)           0.000    11.434    coin_inst/SEG_OBUF[6]_inst_i_288_n_0
    SLICE_X7Y82          CARRY4 (Prop_carry4_S[3]_CO[3])
                                                      0.401    11.835 r  coin_inst/SEG_OBUF[6]_inst_i_199/CO[3]
                         net (fo=1, routed)           0.000    11.835    coin_inst/SEG_OBUF[6]_inst_i_199_n_0
    SLICE_X7Y83          CARRY4 (Prop_carry4_CI_O[0])
                                                      0.222    12.057 r  coin_inst/SEG_OBUF[6]_inst_i_111/O[0]
                         net (fo=7, routed)           1.089    13.146    coin_inst/SEG_OBUF[6]_inst_i_111_n_7
    SLICE_X8Y82          LUT4 (Prop_lut4_I3_O)        0.299    13.445 r  coin_inst/SEG_OBUF[6]_inst_i_196/O
                         net (fo=1, routed)           0.000    13.445    coin_inst/SEG_OBUF[6]_inst_i_196_n_0
    SLICE_X8Y82          CARRY4 (Prop_carry4_S[2]_CO[2])
                                                      0.318    13.763 r  coin_inst/SEG_OBUF[6]_inst_i_110/CO[2]
                         net (fo=6, routed)           1.025    14.787    coin_inst/SEG_OBUF[6]_inst_i_110_n_1
    SLICE_X6Y83          LUT5 (Prop_lut5_I3_O)        0.303    15.090 r  coin_inst/SEG_OBUF[6]_inst_i_106/O
                         net (fo=5, routed)           0.700    15.790    coin_inst/SEG_OBUF[6]_inst_i_106_n_0
    SLICE_X6Y83          LUT4 (Prop_lut4_I3_O)        0.374    16.164 r  coin_inst/SEG_OBUF[6]_inst_i_185/O
                         net (fo=1, routed)           0.538    16.702    coin_inst/SEG_OBUF[6]_inst_i_185_n_0
    SLICE_X8Y83          LUT5 (Prop_lut5_I0_O)        0.328    17.030 r  coin_inst/SEG_OBUF[6]_inst_i_107/O
                         net (fo=4, routed)           1.250    18.280    coin_inst/SEG_OBUF[6]_inst_i_107_n_0
    SLICE_X6Y82          LUT6 (Prop_lut6_I5_O)        0.124    18.404 f  coin_inst/SEG_OBUF[6]_inst_i_66/O
                         net (fo=1, routed)           0.639    19.043    coin_inst/SEG_OBUF[6]_inst_i_66_n_0
    SLICE_X4Y82          LUT6 (Prop_lut6_I1_O)        0.124    19.167 f  coin_inst/SEG_OBUF[6]_inst_i_24/O
                         net (fo=1, routed)           0.820    19.986    fsm_inst/SEG_OBUF[1]_inst_i_2_2
    SLICE_X3Y82          LUT5 (Prop_lut5_I3_O)        0.124    20.110 r  fsm_inst/SEG_OBUF[6]_inst_i_9/O
                         net (fo=15, routed)          1.462    21.573    fsm_inst/SEG_OBUF[6]_inst_i_9_n_0
    SLICE_X9Y88          LUT6 (Prop_lut6_I2_O)        0.124    21.697 r  fsm_inst/SEG_OBUF[6]_inst_i_2/O
                         net (fo=1, routed)           0.845    22.541    fsm_inst/SEG_OBUF[6]_inst_i_2_n_0
    SLICE_X9Y88          LUT6 (Prop_lut6_I0_O)        0.124    22.665 r  fsm_inst/SEG_OBUF[6]_inst_i_1/O
                         net (fo=1, routed)           3.050    25.715    SEG_OBUF[6]
    T10                  OBUF (Prop_obuf_I_O)         3.577    29.292 r  SEG_OBUF[6]_inst/O
                         net (fo=0)                   0.000    29.292    SEG[6]
    T10                                                               r  SEG[6] (OUT)
  -------------------------------------------------------------------    -------------------

Slack:                    inf
  Source:                 fsm_inst/selected_price_reg[6]/G
                            (positive level-sensitive latch)
  Destination:            SEG[3]
                            (output port)
  Path Group:             (none)
  Path Type:              Max at Slow Process Corner
  Data Path Delay:        29.227ns  (logic 10.989ns (37.600%)  route 18.238ns (62.400%))
  Logic Levels:           25  (CARRY4=9 LDCE=1 LUT4=5 LUT5=3 LUT6=6 OBUF=1)

    Location             Delay type                Incr(ns)  Path(ns)    Netlist Resource(s)
  -------------------------------------------------------------------    -------------------
    SLICE_X4Y81          LDCE                         0.000     0.000 r  fsm_inst/selected_price_reg[6]/G
    SLICE_X4Y81          LDCE (EnToQ_ldce_G_Q)        0.761     0.761 r  fsm_inst/selected_price_reg[6]/Q
                         net (fo=37, routed)          1.767     2.528    coin_inst/Q[3]
    SLICE_X4Y76          LUT4 (Prop_lut4_I1_O)        0.124     2.652 r  coin_inst/FSM_sequential_current_state[0]_i_14/O
                         net (fo=1, routed)           0.000     2.652    coin_inst/FSM_sequential_current_state[0]_i_14_n_0
    SLICE_X4Y76          CARRY4 (Prop_carry4_S[1]_CO[3])
                                                      0.550     3.202 r  coin_inst/FSM_sequential_current_state_reg[0]_i_5/CO[3]
                         net (fo=1, routed)           0.000     3.202    coin_inst/FSM_sequential_current_state_reg[0]_i_5_n_0
    SLICE_X4Y77          CARRY4 (Prop_carry4_CI_CO[0])
                                                      0.271     3.473 r  coin_inst/FSM_sequential_current_state_reg[0]_i_2/CO[0]
                         net (fo=120, routed)         1.802     5.275    coin_inst/CO[0]
    SLICE_X8Y79          LUT4 (Prop_lut4_I2_O)        0.399     5.674 f  coin_inst/SEG_OBUF[6]_inst_i_349/O
                         net (fo=2, routed)           0.483     6.157    coin_inst/SEG_OBUF[6]_inst_i_349_n_0
    SLICE_X8Y79          LUT6 (Prop_lut6_I0_O)        0.328     6.485 r  coin_inst/SEG_OBUF[6]_inst_i_243/O
                         net (fo=2, routed)           0.887     7.372    coin_inst/SEG_OBUF[6]_inst_i_243_n_0
    SLICE_X9Y79          LUT6 (Prop_lut6_I0_O)        0.124     7.496 r  coin_inst/SEG_OBUF[6]_inst_i_247/O
                         net (fo=1, routed)           0.000     7.496    coin_inst/SEG_OBUF[6]_inst_i_247_n_0
    SLICE_X9Y79          CARRY4 (Prop_carry4_S[1]_CO[3])
                                                      0.550     8.046 r  coin_inst/SEG_OBUF[6]_inst_i_157/CO[3]
                         net (fo=1, routed)           0.000     8.046    coin_inst/SEG_OBUF[6]_inst_i_157_n_0
    SLICE_X9Y80          CARRY4 (Prop_carry4_CI_CO[3])
                                                      0.114     8.160 r  coin_inst/SEG_OBUF[6]_inst_i_93/CO[3]
                         net (fo=1, routed)           0.000     8.160    coin_inst/SEG_OBUF[6]_inst_i_93_n_0
    SLICE_X9Y81          CARRY4 (Prop_carry4_CI_CO[2])
                                                      0.228     8.388 r  coin_inst/SEG_OBUF[6]_inst_i_189/CO[2]
                         net (fo=11, routed)          0.532     8.920    coin_inst/SEG_OBUF[6]_inst_i_189_n_1
    SLICE_X8Y84          CARRY4 (Prop_carry4_CYINIT_O[1])
                                                      0.819     9.739 r  coin_inst/SEG_OBUF[6]_inst_i_269/O[1]
                         net (fo=9, routed)           1.389    11.128    coin_inst/SEG_OBUF[6]_inst_i_269_n_6
    SLICE_X7Y82          LUT4 (Prop_lut4_I2_O)        0.306    11.434 r  coin_inst/SEG_OBUF[6]_inst_i_288/O
                         net (fo=1, routed)           0.000    11.434    coin_inst/SEG_OBUF[6]_inst_i_288_n_0
    SLICE_X7Y82          CARRY4 (Prop_carry4_S[3]_CO[3])
                                                      0.401    11.835 r  coin_inst/SEG_OBUF[6]_inst_i_199/CO[3]
                         net (fo=1, routed)           0.000    11.835    coin_inst/SEG_OBUF[6]_inst_i_199_n_0
    SLICE_X7Y83          CARRY4 (Prop_carry4_CI_O[0])
                                                      0.222    12.057 r  coin_inst/SEG_OBUF[6]_inst_i_111/O[0]
                         net (fo=7, routed)           1.089    13.146    coin_inst/SEG_OBUF[6]_inst_i_111_n_7
    SLICE_X8Y82          LUT4 (Prop_lut4_I3_O)        0.299    13.445 r  coin_inst/SEG_OBUF[6]_inst_i_196/O
                         net (fo=1, routed)           0.000    13.445    coin_inst/SEG_OBUF[6]_inst_i_196_n_0
    SLICE_X8Y82          CARRY4 (Prop_carry4_S[2]_CO[2])
                                                      0.318    13.763 r  coin_inst/SEG_OBUF[6]_inst_i_110/CO[2]
                         net (fo=6, routed)           1.025    14.787    coin_inst/SEG_OBUF[6]_inst_i_110_n_1
    SLICE_X6Y83          LUT5 (Prop_lut5_I3_O)        0.303    15.090 r  coin_inst/SEG_OBUF[6]_inst_i_106/O
                         net (fo=5, routed)           0.700    15.790    coin_inst/SEG_OBUF[6]_inst_i_106_n_0
    SLICE_X6Y83          LUT4 (Prop_lut4_I3_O)        0.374    16.164 f  coin_inst/SEG_OBUF[6]_inst_i_185/O
                         net (fo=1, routed)           0.538    16.702    coin_inst/SEG_OBUF[6]_inst_i_185_n_0
    SLICE_X8Y83          LUT5 (Prop_lut5_I0_O)        0.328    17.030 f  coin_inst/SEG_OBUF[6]_inst_i_107/O
                         net (fo=4, routed)           1.258    18.288    coin_inst/SEG_OBUF[6]_inst_i_107_n_0
    SLICE_X6Y82          LUT6 (Prop_lut6_I3_O)        0.124    18.412 r  coin_inst/SEG_OBUF[6]_inst_i_47/O
                         net (fo=2, routed)           0.802    19.214    coin_inst/SEG_OBUF[6]_inst_i_47_n_0
    SLICE_X5Y82          LUT6 (Prop_lut6_I2_O)        0.124    19.338 f  coin_inst/SEG_OBUF[6]_inst_i_17/O
                         net (fo=1, routed)           0.583    19.921    disp_inst/SEG_OBUF[0]_inst_i_2
    SLICE_X5Y81          LUT5 (Prop_lut5_I1_O)        0.124    20.045 r  disp_inst/SEG_OBUF[6]_inst_i_8/O
                         net (fo=19, routed)          1.442    21.486    fsm_inst/SEG_OBUF[0]_inst_i_1_0
    SLICE_X9Y86          LUT6 (Prop_lut6_I2_O)        0.124    21.610 r  fsm_inst/SEG_OBUF[3]_inst_i_3/O
                         net (fo=1, routed)           1.024    22.634    fsm_inst/SEG_OBUF[3]_inst_i_3_n_0
    SLICE_X9Y87          LUT6 (Prop_lut6_I1_O)        0.124    22.758 r  fsm_inst/SEG_OBUF[3]_inst_i_1/O
                         net (fo=1, routed)           2.918    25.677    SEG_OBUF[3]
    K13                  OBUF (Prop_obuf_I_O)         3.550    29.227 r  SEG_OBUF[3]_inst/O
                         net (fo=0)                   0.000    29.227    SEG[3]
    K13                                                               r  SEG[3] (OUT)
  -------------------------------------------------------------------    -------------------

Slack:                    inf
  Source:                 fsm_inst/selected_price_reg[6]/G
                            (positive level-sensitive latch)
  Destination:            SEG[5]
                            (output port)
  Path Group:             (none)
  Path Type:              Max at Slow Process Corner
  Data Path Delay:        28.928ns  (logic 10.994ns (38.006%)  route 17.933ns (61.994%))
  Logic Levels:           25  (CARRY4=9 LDCE=1 LUT2=1 LUT4=5 LUT5=3 LUT6=5 OBUF=1)

    Location             Delay type                Incr(ns)  Path(ns)    Netlist Resource(s)
  -------------------------------------------------------------------    -------------------
    SLICE_X4Y81          LDCE                         0.000     0.000 r  fsm_inst/selected_price_reg[6]/G
    SLICE_X4Y81          LDCE (EnToQ_ldce_G_Q)        0.761     0.761 r  fsm_inst/selected_price_reg[6]/Q
                         net (fo=37, routed)          1.767     2.528    coin_inst/Q[3]
    SLICE_X4Y76          LUT4 (Prop_lut4_I1_O)        0.124     2.652 r  coin_inst/FSM_sequential_current_state[0]_i_14/O
                         net (fo=1, routed)           0.000     2.652    coin_inst/FSM_sequential_current_state[0]_i_14_n_0
    SLICE_X4Y76          CARRY4 (Prop_carry4_S[1]_CO[3])
                                                      0.550     3.202 r  coin_inst/FSM_sequential_current_state_reg[0]_i_5/CO[3]
                         net (fo=1, routed)           0.000     3.202    coin_inst/FSM_sequential_current_state_reg[0]_i_5_n_0
    SLICE_X4Y77          CARRY4 (Prop_carry4_CI_CO[0])
                                                      0.271     3.473 r  coin_inst/FSM_sequential_current_state_reg[0]_i_2/CO[0]
                         net (fo=120, routed)         1.802     5.275    coin_inst/CO[0]
    SLICE_X8Y79          LUT4 (Prop_lut4_I2_O)        0.399     5.674 f  coin_inst/SEG_OBUF[6]_inst_i_349/O
                         net (fo=2, routed)           0.483     6.157    coin_inst/SEG_OBUF[6]_inst_i_349_n_0
    SLICE_X8Y79          LUT6 (Prop_lut6_I0_O)        0.328     6.485 r  coin_inst/SEG_OBUF[6]_inst_i_243/O
                         net (fo=2, routed)           0.887     7.372    coin_inst/SEG_OBUF[6]_inst_i_243_n_0
    SLICE_X9Y79          LUT6 (Prop_lut6_I0_O)        0.124     7.496 r  coin_inst/SEG_OBUF[6]_inst_i_247/O
                         net (fo=1, routed)           0.000     7.496    coin_inst/SEG_OBUF[6]_inst_i_247_n_0
    SLICE_X9Y79          CARRY4 (Prop_carry4_S[1]_CO[3])
                                                      0.550     8.046 r  coin_inst/SEG_OBUF[6]_inst_i_157/CO[3]
                         net (fo=1, routed)           0.000     8.046    coin_inst/SEG_OBUF[6]_inst_i_157_n_0
    SLICE_X9Y80          CARRY4 (Prop_carry4_CI_CO[3])
                                                      0.114     8.160 r  coin_inst/SEG_OBUF[6]_inst_i_93/CO[3]
                         net (fo=1, routed)           0.000     8.160    coin_inst/SEG_OBUF[6]_inst_i_93_n_0
    SLICE_X9Y81          CARRY4 (Prop_carry4_CI_CO[2])
                                                      0.228     8.388 r  coin_inst/SEG_OBUF[6]_inst_i_189/CO[2]
                         net (fo=11, routed)          0.532     8.920    coin_inst/SEG_OBUF[6]_inst_i_189_n_1
    SLICE_X8Y84          CARRY4 (Prop_carry4_CYINIT_O[1])
                                                      0.819     9.739 r  coin_inst/SEG_OBUF[6]_inst_i_269/O[1]
                         net (fo=9, routed)           1.389    11.128    coin_inst/SEG_OBUF[6]_inst_i_269_n_6
    SLICE_X7Y82          LUT4 (Prop_lut4_I2_O)        0.306    11.434 r  coin_inst/SEG_OBUF[6]_inst_i_288/O
                         net (fo=1, routed)           0.000    11.434    coin_inst/SEG_OBUF[6]_inst_i_288_n_0
    SLICE_X7Y82          CARRY4 (Prop_carry4_S[3]_CO[3])
                                                      0.401    11.835 r  coin_inst/SEG_OBUF[6]_inst_i_199/CO[3]
                         net (fo=1, routed)           0.000    11.835    coin_inst/SEG_OBUF[6]_inst_i_199_n_0
    SLICE_X7Y83          CARRY4 (Prop_carry4_CI_O[0])
                                                      0.222    12.057 r  coin_inst/SEG_OBUF[6]_inst_i_111/O[0]
                         net (fo=7, routed)           1.089    13.146    coin_inst/SEG_OBUF[6]_inst_i_111_n_7
    SLICE_X8Y82          LUT4 (Prop_lut4_I3_O)        0.299    13.445 r  coin_inst/SEG_OBUF[6]_inst_i_196/O
                         net (fo=1, routed)           0.000    13.445    coin_inst/SEG_OBUF[6]_inst_i_196_n_0
    SLICE_X8Y82          CARRY4 (Prop_carry4_S[2]_CO[2])
                                                      0.318    13.763 r  coin_inst/SEG_OBUF[6]_inst_i_110/CO[2]
                         net (fo=6, routed)           1.025    14.787    coin_inst/SEG_OBUF[6]_inst_i_110_n_1
    SLICE_X6Y83          LUT5 (Prop_lut5_I3_O)        0.303    15.090 r  coin_inst/SEG_OBUF[6]_inst_i_106/O
                         net (fo=5, routed)           0.700    15.790    coin_inst/SEG_OBUF[6]_inst_i_106_n_0
    SLICE_X6Y83          LUT4 (Prop_lut4_I3_O)        0.374    16.164 r  coin_inst/SEG_OBUF[6]_inst_i_185/O
                         net (fo=1, routed)           0.538    16.702    coin_inst/SEG_OBUF[6]_inst_i_185_n_0
    SLICE_X8Y83          LUT5 (Prop_lut5_I0_O)        0.328    17.030 r  coin_inst/SEG_OBUF[6]_inst_i_107/O
                         net (fo=4, routed)           1.250    18.280    coin_inst/SEG_OBUF[6]_inst_i_107_n_0
    SLICE_X6Y82          LUT6 (Prop_lut6_I5_O)        0.124    18.404 f  coin_inst/SEG_OBUF[6]_inst_i_66/O
                         net (fo=1, routed)           0.639    19.043    coin_inst/SEG_OBUF[6]_inst_i_66_n_0
    SLICE_X4Y82          LUT6 (Prop_lut6_I1_O)        0.124    19.167 f  coin_inst/SEG_OBUF[6]_inst_i_24/O
                         net (fo=1, routed)           0.820    19.986    fsm_inst/SEG_OBUF[1]_inst_i_2_2
    SLICE_X3Y82          LUT5 (Prop_lut5_I3_O)        0.124    20.110 r  fsm_inst/SEG_OBUF[6]_inst_i_9/O
                         net (fo=15, routed)          1.026    21.136    fsm_inst/SEG_OBUF[6]_inst_i_9_n_0
    SLICE_X7Y87          LUT6 (Prop_lut6_I5_O)        0.124    21.260 r  fsm_inst/SEG_OBUF[5]_inst_i_3/O
                         net (fo=1, routed)           0.881    22.142    fsm_inst/SEG_OBUF[5]_inst_i_3_n_0
    SLICE_X6Y87          LUT2 (Prop_lut2_I1_O)        0.124    22.266 r  fsm_inst/SEG_OBUF[5]_inst_i_1/O
                         net (fo=1, routed)           3.107    25.372    SEG_OBUF[5]
    R10                  OBUF (Prop_obuf_I_O)         3.555    28.928 r  SEG_OBUF[5]_inst/O
                         net (fo=0)                   0.000    28.928    SEG[5]
    R10                                                               r  SEG[5] (OUT)
  -------------------------------------------------------------------    -------------------

Slack:                    inf
  Source:                 fsm_inst/selected_price_reg[6]/G
                            (positive level-sensitive latch)
  Destination:            SEG[1]
                            (output port)
  Path Group:             (none)
  Path Type:              Max at Slow Process Corner
  Data Path Delay:        28.739ns  (logic 11.230ns (39.074%)  route 17.510ns (60.926%))
  Logic Levels:           25  (CARRY4=9 LDCE=1 LUT4=5 LUT5=4 LUT6=5 OBUF=1)

    Location             Delay type                Incr(ns)  Path(ns)    Netlist Resource(s)
  -------------------------------------------------------------------    -------------------
    SLICE_X4Y81          LDCE                         0.000     0.000 r  fsm_inst/selected_price_reg[6]/G
    SLICE_X4Y81          LDCE (EnToQ_ldce_G_Q)        0.761     0.761 r  fsm_inst/selected_price_reg[6]/Q
                         net (fo=37, routed)          1.767     2.528    coin_inst/Q[3]
    SLICE_X4Y76          LUT4 (Prop_lut4_I1_O)        0.124     2.652 r  coin_inst/FSM_sequential_current_state[0]_i_14/O
                         net (fo=1, routed)           0.000     2.652    coin_inst/FSM_sequential_current_state[0]_i_14_n_0
    SLICE_X4Y76          CARRY4 (Prop_carry4_S[1]_CO[3])
                                                      0.550     3.202 r  coin_inst/FSM_sequential_current_state_reg[0]_i_5/CO[3]
                         net (fo=1, routed)           0.000     3.202    coin_inst/FSM_sequential_current_state_reg[0]_i_5_n_0
    SLICE_X4Y77          CARRY4 (Prop_carry4_CI_CO[0])
                                                      0.271     3.473 r  coin_inst/FSM_sequential_current_state_reg[0]_i_2/CO[0]
                         net (fo=120, routed)         1.802     5.275    coin_inst/CO[0]
    SLICE_X8Y79          LUT4 (Prop_lut4_I2_O)        0.399     5.674 f  coin_inst/SEG_OBUF[6]_inst_i_349/O
                         net (fo=2, routed)           0.483     6.157    coin_inst/SEG_OBUF[6]_inst_i_349_n_0
    SLICE_X8Y79          LUT6 (Prop_lut6_I0_O)        0.328     6.485 r  coin_inst/SEG_OBUF[6]_inst_i_243/O
                         net (fo=2, routed)           0.887     7.372    coin_inst/SEG_OBUF[6]_inst_i_243_n_0
    SLICE_X9Y79          LUT6 (Prop_lut6_I0_O)        0.124     7.496 r  coin_inst/SEG_OBUF[6]_inst_i_247/O
                         net (fo=1, routed)           0.000     7.496    coin_inst/SEG_OBUF[6]_inst_i_247_n_0
    SLICE_X9Y79          CARRY4 (Prop_carry4_S[1]_CO[3])
                                                      0.550     8.046 r  coin_inst/SEG_OBUF[6]_inst_i_157/CO[3]
                         net (fo=1, routed)           0.000     8.046    coin_inst/SEG_OBUF[6]_inst_i_157_n_0
    SLICE_X9Y80          CARRY4 (Prop_carry4_CI_CO[3])
                                                      0.114     8.160 r  coin_inst/SEG_OBUF[6]_inst_i_93/CO[3]
                         net (fo=1, routed)           0.000     8.160    coin_inst/SEG_OBUF[6]_inst_i_93_n_0
    SLICE_X9Y81          CARRY4 (Prop_carry4_CI_CO[2])
                                                      0.228     8.388 r  coin_inst/SEG_OBUF[6]_inst_i_189/CO[2]
                         net (fo=11, routed)          0.532     8.920    coin_inst/SEG_OBUF[6]_inst_i_189_n_1
    SLICE_X8Y84          CARRY4 (Prop_carry4_CYINIT_O[1])
                                                      0.819     9.739 r  coin_inst/SEG_OBUF[6]_inst_i_269/O[1]
                         net (fo=9, routed)           1.389    11.128    coin_inst/SEG_OBUF[6]_inst_i_269_n_6
    SLICE_X7Y82          LUT4 (Prop_lut4_I2_O)        0.306    11.434 r  coin_inst/SEG_OBUF[6]_inst_i_288/O
                         net (fo=1, routed)           0.000    11.434    coin_inst/SEG_OBUF[6]_inst_i_288_n_0
    SLICE_X7Y82          CARRY4 (Prop_carry4_S[3]_CO[3])
                                                      0.401    11.835 r  coin_inst/SEG_OBUF[6]_inst_i_199/CO[3]
                         net (fo=1, routed)           0.000    11.835    coin_inst/SEG_OBUF[6]_inst_i_199_n_0
    SLICE_X7Y83          CARRY4 (Prop_carry4_CI_O[0])
                                                      0.222    12.057 r  coin_inst/SEG_OBUF[6]_inst_i_111/O[0]
                         net (fo=7, routed)           1.089    13.146    coin_inst/SEG_OBUF[6]_inst_i_111_n_7
    SLICE_X8Y82          LUT4 (Prop_lut4_I3_O)        0.299    13.445 r  coin_inst/SEG_OBUF[6]_inst_i_196/O
                         net (fo=1, routed)           0.000    13.445    coin_inst/SEG_OBUF[6]_inst_i_196_n_0
    SLICE_X8Y82          CARRY4 (Prop_carry4_S[2]_CO[2])
                                                      0.318    13.763 r  coin_inst/SEG_OBUF[6]_inst_i_110/CO[2]
                         net (fo=6, routed)           1.025    14.787    coin_inst/SEG_OBUF[6]_inst_i_110_n_1
    SLICE_X6Y83          LUT5 (Prop_lut5_I3_O)        0.303    15.090 r  coin_inst/SEG_OBUF[6]_inst_i_106/O
                         net (fo=5, routed)           0.700    15.790    coin_inst/SEG_OBUF[6]_inst_i_106_n_0
    SLICE_X6Y83          LUT4 (Prop_lut4_I3_O)        0.374    16.164 r  coin_inst/SEG_OBUF[6]_inst_i_185/O
                         net (fo=1, routed)           0.538    16.702    coin_inst/SEG_OBUF[6]_inst_i_185_n_0
    SLICE_X8Y83          LUT5 (Prop_lut5_I0_O)        0.328    17.030 r  coin_inst/SEG_OBUF[6]_inst_i_107/O
                         net (fo=4, routed)           1.250    18.280    coin_inst/SEG_OBUF[6]_inst_i_107_n_0
    SLICE_X6Y82          LUT6 (Prop_lut6_I5_O)        0.124    18.404 f  coin_inst/SEG_OBUF[6]_inst_i_66/O
                         net (fo=1, routed)           0.639    19.043    coin_inst/SEG_OBUF[6]_inst_i_66_n_0
    SLICE_X4Y82          LUT6 (Prop_lut6_I1_O)        0.124    19.167 f  coin_inst/SEG_OBUF[6]_inst_i_24/O
                         net (fo=1, routed)           0.820    19.986    fsm_inst/SEG_OBUF[1]_inst_i_2_2
    SLICE_X3Y82          LUT5 (Prop_lut5_I3_O)        0.124    20.110 r  fsm_inst/SEG_OBUF[6]_inst_i_9/O
                         net (fo=15, routed)          1.319    21.429    fsm_inst/SEG_OBUF[6]_inst_i_9_n_0
    SLICE_X8Y87          LUT5 (Prop_lut5_I4_O)        0.150    21.579 r  fsm_inst/SEG_OBUF[1]_inst_i_7/O
                         net (fo=1, routed)           0.469    22.049    fsm_inst/SEG_OBUF[1]_inst_i_7_n_0
    SLICE_X8Y87          LUT6 (Prop_lut6_I5_O)        0.328    22.377 r  fsm_inst/SEG_OBUF[1]_inst_i_1/O
                         net (fo=1, routed)           2.802    25.179    SEG_OBUF[1]
    T11                  OBUF (Prop_obuf_I_O)         3.561    28.739 r  SEG_OBUF[1]_inst/O
                         net (fo=0)                   0.000    28.739    SEG[1]
    T11                                                               r  SEG[1] (OUT)
  -------------------------------------------------------------------    -------------------

Slack:                    inf
  Source:                 fsm_inst/selected_price_reg[6]/G
                            (positive level-sensitive latch)
  Destination:            SEG[2]
                            (output port)
  Path Group:             (none)
  Path Type:              Max at Slow Process Corner
  Data Path Delay:        28.473ns  (logic 10.973ns (38.536%)  route 17.501ns (61.464%))
  Logic Levels:           25  (CARRY4=9 LDCE=1 LUT3=1 LUT4=5 LUT5=3 LUT6=5 OBUF=1)

    Location             Delay type                Incr(ns)  Path(ns)    Netlist Resource(s)
  -------------------------------------------------------------------    -------------------
    SLICE_X4Y81          LDCE                         0.000     0.000 r  fsm_inst/selected_price_reg[6]/G
    SLICE_X4Y81          LDCE (EnToQ_ldce_G_Q)        0.761     0.761 r  fsm_inst/selected_price_reg[6]/Q
                         net (fo=37, routed)          1.767     2.528    coin_inst/Q[3]
    SLICE_X4Y76          LUT4 (Prop_lut4_I1_O)        0.124     2.652 r  coin_inst/FSM_sequential_current_state[0]_i_14/O
                         net (fo=1, routed)           0.000     2.652    coin_inst/FSM_sequential_current_state[0]_i_14_n_0
    SLICE_X4Y76          CARRY4 (Prop_carry4_S[1]_CO[3])
                                                      0.550     3.202 r  coin_inst/FSM_sequential_current_state_reg[0]_i_5/CO[3]
                         net (fo=1, routed)           0.000     3.202    coin_inst/FSM_sequential_current_state_reg[0]_i_5_n_0
    SLICE_X4Y77          CARRY4 (Prop_carry4_CI_CO[0])
                                                      0.271     3.473 r  coin_inst/FSM_sequential_current_state_reg[0]_i_2/CO[0]
                         net (fo=120, routed)         1.802     5.275    coin_inst/CO[0]
    SLICE_X8Y79          LUT4 (Prop_lut4_I2_O)        0.399     5.674 f  coin_inst/SEG_OBUF[6]_inst_i_349/O
                         net (fo=2, routed)           0.483     6.157    coin_inst/SEG_OBUF[6]_inst_i_349_n_0
    SLICE_X8Y79          LUT6 (Prop_lut6_I0_O)        0.328     6.485 r  coin_inst/SEG_OBUF[6]_inst_i_243/O
                         net (fo=2, routed)           0.887     7.372    coin_inst/SEG_OBUF[6]_inst_i_243_n_0
    SLICE_X9Y79          LUT6 (Prop_lut6_I0_O)        0.124     7.496 r  coin_inst/SEG_OBUF[6]_inst_i_247/O
                         net (fo=1, routed)           0.000     7.496    coin_inst/SEG_OBUF[6]_inst_i_247_n_0
    SLICE_X9Y79          CARRY4 (Prop_carry4_S[1]_CO[3])
                                                      0.550     8.046 r  coin_inst/SEG_OBUF[6]_inst_i_157/CO[3]
                         net (fo=1, routed)           0.000     8.046    coin_inst/SEG_OBUF[6]_inst_i_157_n_0
    SLICE_X9Y80          CARRY4 (Prop_carry4_CI_CO[3])
                                                      0.114     8.160 r  coin_inst/SEG_OBUF[6]_inst_i_93/CO[3]
                         net (fo=1, routed)           0.000     8.160    coin_inst/SEG_OBUF[6]_inst_i_93_n_0
    SLICE_X9Y81          CARRY4 (Prop_carry4_CI_CO[2])
                                                      0.228     8.388 r  coin_inst/SEG_OBUF[6]_inst_i_189/CO[2]
                         net (fo=11, routed)          0.532     8.920    coin_inst/SEG_OBUF[6]_inst_i_189_n_1
    SLICE_X8Y84          CARRY4 (Prop_carry4_CYINIT_O[1])
                                                      0.819     9.739 r  coin_inst/SEG_OBUF[6]_inst_i_269/O[1]
                         net (fo=9, routed)           1.389    11.128    coin_inst/SEG_OBUF[6]_inst_i_269_n_6
    SLICE_X7Y82          LUT4 (Prop_lut4_I2_O)        0.306    11.434 r  coin_inst/SEG_OBUF[6]_inst_i_288/O
                         net (fo=1, routed)           0.000    11.434    coin_inst/SEG_OBUF[6]_inst_i_288_n_0
    SLICE_X7Y82          CARRY4 (Prop_carry4_S[3]_CO[3])
                                                      0.401    11.835 r  coin_inst/SEG_OBUF[6]_inst_i_199/CO[3]
                         net (fo=1, routed)           0.000    11.835    coin_inst/SEG_OBUF[6]_inst_i_199_n_0
    SLICE_X7Y83          CARRY4 (Prop_carry4_CI_O[0])
                                                      0.222    12.057 r  coin_inst/SEG_OBUF[6]_inst_i_111/O[0]
                         net (fo=7, routed)           1.089    13.146    coin_inst/SEG_OBUF[6]_inst_i_111_n_7
    SLICE_X8Y82          LUT4 (Prop_lut4_I3_O)        0.299    13.445 r  coin_inst/SEG_OBUF[6]_inst_i_196/O
                         net (fo=1, routed)           0.000    13.445    coin_inst/SEG_OBUF[6]_inst_i_196_n_0
    SLICE_X8Y82          CARRY4 (Prop_carry4_S[2]_CO[2])
                                                      0.318    13.763 r  coin_inst/SEG_OBUF[6]_inst_i_110/CO[2]
                         net (fo=6, routed)           1.025    14.787    coin_inst/SEG_OBUF[6]_inst_i_110_n_1
    SLICE_X6Y83          LUT5 (Prop_lut5_I3_O)        0.303    15.090 r  coin_inst/SEG_OBUF[6]_inst_i_106/O
                         net (fo=5, routed)           0.700    15.790    coin_inst/SEG_OBUF[6]_inst_i_106_n_0
    SLICE_X6Y83          LUT4 (Prop_lut4_I3_O)        0.374    16.164 f  coin_inst/SEG_OBUF[6]_inst_i_185/O
                         net (fo=1, routed)           0.538    16.702    coin_inst/SEG_OBUF[6]_inst_i_185_n_0
    SLICE_X8Y83          LUT5 (Prop_lut5_I0_O)        0.328    17.030 f  coin_inst/SEG_OBUF[6]_inst_i_107/O
                         net (fo=4, routed)           1.258    18.288    coin_inst/SEG_OBUF[6]_inst_i_107_n_0
    SLICE_X6Y82          LUT6 (Prop_lut6_I3_O)        0.124    18.412 r  coin_inst/SEG_OBUF[6]_inst_i_47/O
                         net (fo=2, routed)           0.802    19.214    coin_inst/SEG_OBUF[6]_inst_i_47_n_0
    SLICE_X5Y82          LUT6 (Prop_lut6_I2_O)        0.124    19.338 f  coin_inst/SEG_OBUF[6]_inst_i_17/O
                         net (fo=1, routed)           0.583    19.921    disp_inst/SEG_OBUF[0]_inst_i_2
    SLICE_X5Y81          LUT5 (Prop_lut5_I1_O)        0.124    20.045 r  disp_inst/SEG_OBUF[6]_inst_i_8/O
                         net (fo=19, routed)          1.627    21.671    fsm_inst/SEG_OBUF[0]_inst_i_1_0
    SLICE_X8Y88          LUT6 (Prop_lut6_I2_O)        0.124    21.795 r  fsm_inst/SEG_OBUF[2]_inst_i_4/O
                         net (fo=1, routed)           0.466    22.261    fsm_inst/SEG_OBUF[2]_inst_i_4_n_0
    SLICE_X8Y88          LUT3 (Prop_lut3_I2_O)        0.124    22.385 r  fsm_inst/SEG_OBUF[2]_inst_i_1/O
                         net (fo=1, routed)           2.555    24.940    SEG_OBUF[2]
    P15                  OBUF (Prop_obuf_I_O)         3.534    28.473 r  SEG_OBUF[2]_inst/O
                         net (fo=0)                   0.000    28.473    SEG[2]
    P15                                                               r  SEG[2] (OUT)
  -------------------------------------------------------------------    -------------------

Slack:                    inf
  Source:                 fsm_inst/selected_price_reg[6]/G
                            (positive level-sensitive latch)
  Destination:            SEG[0]
                            (output port)
  Path Group:             (none)
  Path Type:              Max at Slow Process Corner
  Data Path Delay:        28.203ns  (logic 11.206ns (39.735%)  route 16.996ns (60.265%))
  Logic Levels:           25  (CARRY4=9 LDCE=1 LUT2=1 LUT4=5 LUT5=3 LUT6=5 OBUF=1)

    Location             Delay type                Incr(ns)  Path(ns)    Netlist Resource(s)
  -------------------------------------------------------------------    -------------------
    SLICE_X4Y81          LDCE                         0.000     0.000 r  fsm_inst/selected_price_reg[6]/G
    SLICE_X4Y81          LDCE (EnToQ_ldce_G_Q)        0.761     0.761 r  fsm_inst/selected_price_reg[6]/Q
                         net (fo=37, routed)          1.767     2.528    coin_inst/Q[3]
    SLICE_X4Y76          LUT4 (Prop_lut4_I1_O)        0.124     2.652 r  coin_inst/FSM_sequential_current_state[0]_i_14/O
                         net (fo=1, routed)           0.000     2.652    coin_inst/FSM_sequential_current_state[0]_i_14_n_0
    SLICE_X4Y76          CARRY4 (Prop_carry4_S[1]_CO[3])
                                                      0.550     3.202 r  coin_inst/FSM_sequential_current_state_reg[0]_i_5/CO[3]
                         net (fo=1, routed)           0.000     3.202    coin_inst/FSM_sequential_current_state_reg[0]_i_5_n_0
    SLICE_X4Y77          CARRY4 (Prop_carry4_CI_CO[0])
                                                      0.271     3.473 r  coin_inst/FSM_sequential_current_state_reg[0]_i_2/CO[0]
                         net (fo=120, routed)         1.802     5.275    coin_inst/CO[0]
    SLICE_X8Y79          LUT4 (Prop_lut4_I2_O)        0.399     5.674 f  coin_inst/SEG_OBUF[6]_inst_i_349/O
                         net (fo=2, routed)           0.483     6.157    coin_inst/SEG_OBUF[6]_inst_i_349_n_0
    SLICE_X8Y79          LUT6 (Prop_lut6_I0_O)        0.328     6.485 r  coin_inst/SEG_OBUF[6]_inst_i_243/O
                         net (fo=2, routed)           0.887     7.372    coin_inst/SEG_OBUF[6]_inst_i_243_n_0
    SLICE_X9Y79          LUT6 (Prop_lut6_I0_O)        0.124     7.496 r  coin_inst/SEG_OBUF[6]_inst_i_247/O
                         net (fo=1, routed)           0.000     7.496    coin_inst/SEG_OBUF[6]_inst_i_247_n_0
    SLICE_X9Y79          CARRY4 (Prop_carry4_S[1]_CO[3])
                                                      0.550     8.046 r  coin_inst/SEG_OBUF[6]_inst_i_157/CO[3]
                         net (fo=1, routed)           0.000     8.046    coin_inst/SEG_OBUF[6]_inst_i_157_n_0
    SLICE_X9Y80          CARRY4 (Prop_carry4_CI_CO[3])
                                                      0.114     8.160 r  coin_inst/SEG_OBUF[6]_inst_i_93/CO[3]
                         net (fo=1, routed)           0.000     8.160    coin_inst/SEG_OBUF[6]_inst_i_93_n_0
    SLICE_X9Y81          CARRY4 (Prop_carry4_CI_CO[2])
                                                      0.228     8.388 r  coin_inst/SEG_OBUF[6]_inst_i_189/CO[2]
                         net (fo=11, routed)          0.532     8.920    coin_inst/SEG_OBUF[6]_inst_i_189_n_1
    SLICE_X8Y84          CARRY4 (Prop_carry4_CYINIT_O[1])
                                                      0.819     9.739 r  coin_inst/SEG_OBUF[6]_inst_i_269/O[1]
                         net (fo=9, routed)           1.389    11.128    coin_inst/SEG_OBUF[6]_inst_i_269_n_6
    SLICE_X7Y82          LUT4 (Prop_lut4_I2_O)        0.306    11.434 r  coin_inst/SEG_OBUF[6]_inst_i_288/O
                         net (fo=1, routed)           0.000    11.434    coin_inst/SEG_OBUF[6]_inst_i_288_n_0
    SLICE_X7Y82          CARRY4 (Prop_carry4_S[3]_CO[3])
                                                      0.401    11.835 r  coin_inst/SEG_OBUF[6]_inst_i_199/CO[3]
                         net (fo=1, routed)           0.000    11.835    coin_inst/SEG_OBUF[6]_inst_i_199_n_0
    SLICE_X7Y83          CARRY4 (Prop_carry4_CI_O[0])
                                                      0.222    12.057 r  coin_inst/SEG_OBUF[6]_inst_i_111/O[0]
                         net (fo=7, routed)           1.089    13.146    coin_inst/SEG_OBUF[6]_inst_i_111_n_7
    SLICE_X8Y82          LUT4 (Prop_lut4_I3_O)        0.299    13.445 r  coin_inst/SEG_OBUF[6]_inst_i_196/O
                         net (fo=1, routed)           0.000    13.445    coin_inst/SEG_OBUF[6]_inst_i_196_n_0
    SLICE_X8Y82          CARRY4 (Prop_carry4_S[2]_CO[2])
                                                      0.318    13.763 r  coin_inst/SEG_OBUF[6]_inst_i_110/CO[2]
                         net (fo=6, routed)           1.025    14.787    coin_inst/SEG_OBUF[6]_inst_i_110_n_1
    SLICE_X6Y83          LUT5 (Prop_lut5_I3_O)        0.303    15.090 r  coin_inst/SEG_OBUF[6]_inst_i_106/O
                         net (fo=5, routed)           0.700    15.790    coin_inst/SEG_OBUF[6]_inst_i_106_n_0
    SLICE_X6Y83          LUT4 (Prop_lut4_I3_O)        0.374    16.164 f  coin_inst/SEG_OBUF[6]_inst_i_185/O
                         net (fo=1, routed)           0.538    16.702    coin_inst/SEG_OBUF[6]_inst_i_185_n_0
    SLICE_X8Y83          LUT5 (Prop_lut5_I0_O)        0.328    17.030 f  coin_inst/SEG_OBUF[6]_inst_i_107/O
                         net (fo=4, routed)           1.258    18.288    coin_inst/SEG_OBUF[6]_inst_i_107_n_0
    SLICE_X6Y82          LUT6 (Prop_lut6_I3_O)        0.124    18.412 r  coin_inst/SEG_OBUF[6]_inst_i_47/O
                         net (fo=2, routed)           0.429    18.841    coin_inst/SEG_OBUF[6]_inst_i_47_n_0
    SLICE_X6Y81          LUT6 (Prop_lut6_I2_O)        0.124    18.965 r  coin_inst/SEG_OBUF[6]_inst_i_29/O
                         net (fo=1, routed)           0.950    19.914    fsm_inst/SEG_OBUF[1]_inst_i_6_1
    SLICE_X6Y81          LUT5 (Prop_lut5_I3_O)        0.124    20.038 f  fsm_inst/SEG_OBUF[6]_inst_i_10/O
                         net (fo=18, routed)          1.332    21.370    fsm_inst/digit_index_reg[1]__0
    SLICE_X8Y88          LUT2 (Prop_lut2_I0_O)        0.150    21.520 r  fsm_inst/SEG_OBUF[6]_inst_i_6/O
                         net (fo=2, routed)           0.833    22.353    fsm_inst/SEG_OBUF[6]_inst_i_6_n_0
    SLICE_X8Y87          LUT6 (Prop_lut6_I2_O)        0.328    22.681 r  fsm_inst/SEG_OBUF[0]_inst_i_1/O
                         net (fo=1, routed)           1.985    24.665    SEG_OBUF[0]
    L18                  OBUF (Prop_obuf_I_O)         3.537    28.203 r  SEG_OBUF[0]_inst/O
                         net (fo=0)                   0.000    28.203    SEG[0]
    L18                                                               r  SEG[0] (OUT)
  -------------------------------------------------------------------    -------------------

Slack:                    inf
  Source:                 fsm_inst/selected_price_reg[6]/G
                            (positive level-sensitive latch)
  Destination:            SEG[4]
                            (output port)
  Path Group:             (none)
  Path Type:              Max at Slow Process Corner
  Data Path Delay:        27.633ns  (logic 10.932ns (39.561%)  route 16.701ns (60.439%))
  Logic Levels:           25  (CARRY4=9 LDCE=1 LUT2=1 LUT4=5 LUT5=3 LUT6=5 OBUF=1)

    Location             Delay type                Incr(ns)  Path(ns)    Netlist Resource(s)
  -------------------------------------------------------------------    -------------------
    SLICE_X4Y81          LDCE                         0.000     0.000 r  fsm_inst/selected_price_reg[6]/G
    SLICE_X4Y81          LDCE (EnToQ_ldce_G_Q)        0.761     0.761 r  fsm_inst/selected_price_reg[6]/Q
                         net (fo=37, routed)          1.767     2.528    coin_inst/Q[3]
    SLICE_X4Y76          LUT4 (Prop_lut4_I1_O)        0.124     2.652 r  coin_inst/FSM_sequential_current_state[0]_i_14/O
                         net (fo=1, routed)           0.000     2.652    coin_inst/FSM_sequential_current_state[0]_i_14_n_0
    SLICE_X4Y76          CARRY4 (Prop_carry4_S[1]_CO[3])
                                                      0.550     3.202 r  coin_inst/FSM_sequential_current_state_reg[0]_i_5/CO[3]
                         net (fo=1, routed)           0.000     3.202    coin_inst/FSM_sequential_current_state_reg[0]_i_5_n_0
    SLICE_X4Y77          CARRY4 (Prop_carry4_CI_CO[0])
                                                      0.271     3.473 r  coin_inst/FSM_sequential_current_state_reg[0]_i_2/CO[0]
                         net (fo=120, routed)         1.802     5.275    coin_inst/CO[0]
    SLICE_X8Y79          LUT4 (Prop_lut4_I2_O)        0.399     5.674 f  coin_inst/SEG_OBUF[6]_inst_i_349/O
                         net (fo=2, routed)           0.483     6.157    coin_inst/SEG_OBUF[6]_inst_i_349_n_0
    SLICE_X8Y79          LUT6 (Prop_lut6_I0_O)        0.328     6.485 r  coin_inst/SEG_OBUF[6]_inst_i_243/O
                         net (fo=2, routed)           0.887     7.372    coin_inst/SEG_OBUF[6]_inst_i_243_n_0
    SLICE_X9Y79          LUT6 (Prop_lut6_I0_O)        0.124     7.496 r  coin_inst/SEG_OBUF[6]_inst_i_247/O
                         net (fo=1, routed)           0.000     7.496    coin_inst/SEG_OBUF[6]_inst_i_247_n_0
    SLICE_X9Y79          CARRY4 (Prop_carry4_S[1]_CO[3])
                                                      0.550     8.046 r  coin_inst/SEG_OBUF[6]_inst_i_157/CO[3]
                         net (fo=1, routed)           0.000     8.046    coin_inst/SEG_OBUF[6]_inst_i_157_n_0
    SLICE_X9Y80          CARRY4 (Prop_carry4_CI_CO[3])
                                                      0.114     8.160 r  coin_inst/SEG_OBUF[6]_inst_i_93/CO[3]
                         net (fo=1, routed)           0.000     8.160    coin_inst/SEG_OBUF[6]_inst_i_93_n_0
    SLICE_X9Y81          CARRY4 (Prop_carry4_CI_CO[2])
                                                      0.228     8.388 r  coin_inst/SEG_OBUF[6]_inst_i_189/CO[2]
                         net (fo=11, routed)          0.532     8.920    coin_inst/SEG_OBUF[6]_inst_i_189_n_1
    SLICE_X8Y84          CARRY4 (Prop_carry4_CYINIT_O[1])
                                                      0.819     9.739 r  coin_inst/SEG_OBUF[6]_inst_i_269/O[1]
                         net (fo=9, routed)           1.389    11.128    coin_inst/SEG_OBUF[6]_inst_i_269_n_6
    SLICE_X7Y82          LUT4 (Prop_lut4_I2_O)        0.306    11.434 r  coin_inst/SEG_OBUF[6]_inst_i_288/O
                         net (fo=1, routed)           0.000    11.434    coin_inst/SEG_OBUF[6]_inst_i_288_n_0
    SLICE_X7Y82          CARRY4 (Prop_carry4_S[3]_CO[3])
                                                      0.401    11.835 r  coin_inst/SEG_OBUF[6]_inst_i_199/CO[3]
                         net (fo=1, routed)           0.000    11.835    coin_inst/SEG_OBUF[6]_inst_i_199_n_0
    SLICE_X7Y83          CARRY4 (Prop_carry4_CI_O[0])
                                                      0.222    12.057 r  coin_inst/SEG_OBUF[6]_inst_i_111/O[0]
                         net (fo=7, routed)           1.089    13.146    coin_inst/SEG_OBUF[6]_inst_i_111_n_7
    SLICE_X8Y82          LUT4 (Prop_lut4_I3_O)        0.299    13.445 r  coin_inst/SEG_OBUF[6]_inst_i_196/O
                         net (fo=1, routed)           0.000    13.445    coin_inst/SEG_OBUF[6]_inst_i_196_n_0
    SLICE_X8Y82          CARRY4 (Prop_carry4_S[2]_CO[2])
                                                      0.318    13.763 r  coin_inst/SEG_OBUF[6]_inst_i_110/CO[2]
                         net (fo=6, routed)           1.025    14.787    coin_inst/SEG_OBUF[6]_inst_i_110_n_1
    SLICE_X6Y83          LUT5 (Prop_lut5_I3_O)        0.303    15.090 r  coin_inst/SEG_OBUF[6]_inst_i_106/O
                         net (fo=5, routed)           0.700    15.790    coin_inst/SEG_OBUF[6]_inst_i_106_n_0
    SLICE_X6Y83          LUT4 (Prop_lut4_I3_O)        0.374    16.164 r  coin_inst/SEG_OBUF[6]_inst_i_185/O
                         net (fo=1, routed)           0.538    16.702    coin_inst/SEG_OBUF[6]_inst_i_185_n_0
    SLICE_X8Y83          LUT5 (Prop_lut5_I0_O)        0.328    17.030 r  coin_inst/SEG_OBUF[6]_inst_i_107/O
                         net (fo=4, routed)           1.250    18.280    coin_inst/SEG_OBUF[6]_inst_i_107_n_0
    SLICE_X6Y82          LUT6 (Prop_lut6_I5_O)        0.124    18.404 f  coin_inst/SEG_OBUF[6]_inst_i_66/O
                         net (fo=1, routed)           0.639    19.043    coin_inst/SEG_OBUF[6]_inst_i_66_n_0
    SLICE_X4Y82          LUT6 (Prop_lut6_I1_O)        0.124    19.167 f  coin_inst/SEG_OBUF[6]_inst_i_24/O
                         net (fo=1, routed)           0.820    19.986    fsm_inst/SEG_OBUF[1]_inst_i_2_2
    SLICE_X3Y82          LUT5 (Prop_lut5_I3_O)        0.124    20.110 r  fsm_inst/SEG_OBUF[6]_inst_i_9/O
                         net (fo=15, routed)          1.040    21.150    fsm_inst/SEG_OBUF[6]_inst_i_9_n_0
    SLICE_X6Y87          LUT6 (Prop_lut6_I4_O)        0.124    21.274 r  fsm_inst/SEG_OBUF[4]_inst_i_3/O
                         net (fo=1, routed)           0.655    21.929    fsm_inst/SEG_OBUF[4]_inst_i_3_n_0
    SLICE_X7Y87          LUT2 (Prop_lut2_I1_O)        0.124    22.053 r  fsm_inst/SEG_OBUF[4]_inst_i_1/O
                         net (fo=1, routed)           2.087    24.140    SEG_OBUF[4]
    K16                  OBUF (Prop_obuf_I_O)         3.493    27.633 r  SEG_OBUF[4]_inst/O
                         net (fo=0)                   0.000    27.633    SEG[4]
    K16                                                               r  SEG[4] (OUT)
  -------------------------------------------------------------------    -------------------

Slack:                    inf
  Source:                 SW[0]
                            (input port)
  Destination:            fsm_inst/selected_price_reg[6]/D
  Path Group:             (none)
  Path Type:              Max at Slow Process Corner
  Data Path Delay:        4.558ns  (logic 1.627ns (35.684%)  route 2.932ns (64.316%))
  Logic Levels:           2  (IBUF=1 LUT4=1)

    Location             Delay type                Incr(ns)  Path(ns)    Netlist Resource(s)
  -------------------------------------------------------------------    -------------------
    J15                                               0.000     0.000 f  SW[0] (IN)
                         net (fo=0)                   0.000     0.000    SW[0]
    J15                  IBUF (Prop_ibuf_I_O)         1.478     1.478 f  SW_IBUF[0]_inst/O
                         net (fo=27, routed)          2.358     3.835    fsm_inst/SW_IBUF[0]
    SLICE_X4Y81          LUT4 (Prop_lut4_I1_O)        0.149     3.984 r  fsm_inst/selected_price_reg[6]_i_1/O
                         net (fo=1, routed)           0.574     4.558    fsm_inst/selected_price_reg[6]_i_1_n_0
    SLICE_X4Y81          LDCE                                         r  fsm_inst/selected_price_reg[6]/D
  -------------------------------------------------------------------    -------------------

Slack:                    inf
  Source:                 SW[0]
                            (input port)
  Destination:            fsm_inst/selected_price_reg[1]/D
  Path Group:             (none)
  Path Type:              Max at Slow Process Corner
  Data Path Delay:        4.538ns  (logic 1.602ns (35.292%)  route 2.937ns (64.708%))
  Logic Levels:           2  (IBUF=1 LUT4=1)

    Location             Delay type                Incr(ns)  Path(ns)    Netlist Resource(s)
  -------------------------------------------------------------------    -------------------
    J15                                               0.000     0.000 r  SW[0] (IN)
                         net (fo=0)                   0.000     0.000    SW[0]
    J15                  IBUF (Prop_ibuf_I_O)         1.478     1.478 r  SW_IBUF[0]_inst/O
                         net (fo=27, routed)          2.362     3.840    fsm_inst/SW_IBUF[0]
    SLICE_X4Y81          LUT4 (Prop_lut4_I0_O)        0.124     3.964 r  fsm_inst/selected_price_reg[1]_i_1/O
                         net (fo=1, routed)           0.574     4.538    fsm_inst/selected_price_reg[1]_i_1_n_0
    SLICE_X4Y81          LDCE                                         r  fsm_inst/selected_price_reg[1]/D
  -------------------------------------------------------------------    -------------------

Slack:                    inf
  Source:                 SW[0]
                            (input port)
  Destination:            fsm_inst/selected_price_reg[7]/D
  Path Group:             (none)
  Path Type:              Max at Slow Process Corner
  Data Path Delay:        4.330ns  (logic 1.631ns (37.658%)  route 2.699ns (62.342%))
  Logic Levels:           2  (IBUF=1 LUT4=1)

    Location             Delay type                Incr(ns)  Path(ns)    Netlist Resource(s)
  -------------------------------------------------------------------    -------------------
    J15                                               0.000     0.000 r  SW[0] (IN)
                         net (fo=0)                   0.000     0.000    SW[0]
    J15                  IBUF (Prop_ibuf_I_O)         1.478     1.478 r  SW_IBUF[0]_inst/O
                         net (fo=27, routed)          2.362     3.840    fsm_inst/SW_IBUF[0]
    SLICE_X4Y81          LUT4 (Prop_lut4_I1_O)        0.153     3.993 r  fsm_inst/selected_price_reg[7]_i_1/O
                         net (fo=1, routed)           0.337     4.330    fsm_inst/selected_price_reg[7]_i_1_n_0
    SLICE_X4Y81          LDCE                                         r  fsm_inst/selected_price_reg[7]/D
  -------------------------------------------------------------------    -------------------





Min Delay Paths
--------------------------------------------------------------------------------------
Slack:                    inf
  Source:                 SW[2]
                            (input port)
  Destination:            fsm_inst/selected_price_reg[7]/D
  Path Group:             (none)
  Path Type:              Min at Fast Process Corner
  Data Path Delay:        1.064ns  (logic 0.295ns (27.725%)  route 0.769ns (72.275%))
  Logic Levels:           2  (IBUF=1 LUT4=1)

    Location             Delay type                Incr(ns)  Path(ns)    Netlist Resource(s)
  -------------------------------------------------------------------    -------------------
    M13                                               0.000     0.000 f  SW[2] (IN)
                         net (fo=0)                   0.000     0.000    SW[2]
    M13                  IBUF (Prop_ibuf_I_O)         0.253     0.253 f  SW_IBUF[2]_inst/O
                         net (fo=27, routed)          0.653     0.905    fsm_inst/SW_IBUF[2]
    SLICE_X4Y81          LUT4 (Prop_lut4_I3_O)        0.042     0.947 r  fsm_inst/selected_price_reg[7]_i_1/O
                         net (fo=1, routed)           0.116     1.064    fsm_inst/selected_price_reg[7]_i_1_n_0
    SLICE_X4Y81          LDCE                                         r  fsm_inst/selected_price_reg[7]/D
  -------------------------------------------------------------------    -------------------

Slack:                    inf
  Source:                 SW[2]
                            (input port)
  Destination:            fsm_inst/selected_price_reg[2]/D
  Path Group:             (none)
  Path Type:              Min at Fast Process Corner
  Data Path Delay:        1.075ns  (logic 0.296ns (27.531%)  route 0.779ns (72.469%))
  Logic Levels:           2  (IBUF=1 LUT4=1)

    Location             Delay type                Incr(ns)  Path(ns)    Netlist Resource(s)
  -------------------------------------------------------------------    -------------------
    M13                                               0.000     0.000 f  SW[2] (IN)
                         net (fo=0)                   0.000     0.000    SW[2]
    M13                  IBUF (Prop_ibuf_I_O)         0.253     0.253 f  SW_IBUF[2]_inst/O
                         net (fo=27, routed)          0.630     0.883    fsm_inst/SW_IBUF[2]
    SLICE_X3Y81          LUT4 (Prop_lut4_I1_O)        0.043     0.926 r  fsm_inst/selected_price_reg[2]_i_1/O
                         net (fo=1, routed)           0.149     1.075    fsm_inst/selected_price_reg[2]_i_1_n_0
    SLICE_X3Y81          LDCE                                         r  fsm_inst/selected_price_reg[2]/D
  -------------------------------------------------------------------    -------------------

Slack:                    inf
  Source:                 SW[2]
                            (input port)
  Destination:            fsm_inst/selected_price_reg[4]/D
  Path Group:             (none)
  Path Type:              Min at Fast Process Corner
  Data Path Delay:        1.121ns  (logic 0.298ns (26.567%)  route 0.824ns (73.433%))
  Logic Levels:           2  (IBUF=1 LUT4=1)

    Location             Delay type                Incr(ns)  Path(ns)    Netlist Resource(s)
  -------------------------------------------------------------------    -------------------
    M13                                               0.000     0.000 r  SW[2] (IN)
                         net (fo=0)                   0.000     0.000    SW[2]
    M13                  IBUF (Prop_ibuf_I_O)         0.253     0.253 r  SW_IBUF[2]_inst/O
                         net (fo=27, routed)          0.712     0.965    fsm_inst/SW_IBUF[2]
    SLICE_X4Y81          LUT4 (Prop_lut4_I2_O)        0.045     1.010 r  fsm_inst/selected_price_reg[4]_i_1/O
                         net (fo=1, routed)           0.112     1.121    fsm_inst/selected_price_reg[4]_i_1_n_0
    SLICE_X4Y81          LDCE                                         r  fsm_inst/selected_price_reg[4]/D
  -------------------------------------------------------------------    -------------------

Slack:                    inf
  Source:                 SW[2]
                            (input port)
  Destination:            fsm_inst/selected_price_reg[1]/D
  Path Group:             (none)
  Path Type:              Min at Fast Process Corner
  Data Path Delay:        1.133ns  (logic 0.298ns (26.297%)  route 0.835ns (73.703%))
  Logic Levels:           2  (IBUF=1 LUT4=1)

    Location             Delay type                Incr(ns)  Path(ns)    Netlist Resource(s)
  -------------------------------------------------------------------    -------------------
    M13                                               0.000     0.000 r  SW[2] (IN)
                         net (fo=0)                   0.000     0.000    SW[2]
    M13                  IBUF (Prop_ibuf_I_O)         0.253     0.253 r  SW_IBUF[2]_inst/O
                         net (fo=27, routed)          0.653     0.905    fsm_inst/SW_IBUF[2]
    SLICE_X4Y81          LUT4 (Prop_lut4_I2_O)        0.045     0.950 r  fsm_inst/selected_price_reg[1]_i_1/O
                         net (fo=1, routed)           0.182     1.133    fsm_inst/selected_price_reg[1]_i_1_n_0
    SLICE_X4Y81          LDCE                                         r  fsm_inst/selected_price_reg[1]/D
  -------------------------------------------------------------------    -------------------

Slack:                    inf
  Source:                 SW[2]
                            (input port)
  Destination:            fsm_inst/selected_price_reg[6]/D
  Path Group:             (none)
  Path Type:              Min at Fast Process Corner
  Data Path Delay:        1.190ns  (logic 0.296ns (24.875%)  route 0.894ns (75.125%))
  Logic Levels:           2  (IBUF=1 LUT4=1)

    Location             Delay type                Incr(ns)  Path(ns)    Netlist Resource(s)
  -------------------------------------------------------------------    -------------------
    M13                                               0.000     0.000 r  SW[2] (IN)
                         net (fo=0)                   0.000     0.000    SW[2]
    M13                  IBUF (Prop_ibuf_I_O)         0.253     0.253 r  SW_IBUF[2]_inst/O
                         net (fo=27, routed)          0.712     0.965    fsm_inst/SW_IBUF[2]
    SLICE_X4Y81          LUT4 (Prop_lut4_I3_O)        0.043     1.008 r  fsm_inst/selected_price_reg[6]_i_1/O
                         net (fo=1, routed)           0.182     1.190    fsm_inst/selected_price_reg[6]_i_1_n_0
    SLICE_X4Y81          LDCE                                         r  fsm_inst/selected_price_reg[6]/D
  -------------------------------------------------------------------    -------------------

Slack:                    inf
  Source:                 fsm_inst/selected_price_reg[6]/G
                            (positive level-sensitive latch)
  Destination:            SEG[4]
                            (output port)
  Path Group:             (none)
  Path Type:              Min at Fast Process Corner
  Data Path Delay:        2.947ns  (logic 1.639ns (55.634%)  route 1.307ns (44.366%))
  Logic Levels:           7  (LDCE=1 LUT2=1 LUT5=2 LUT6=2 OBUF=1)

    Location             Delay type                Incr(ns)  Path(ns)    Netlist Resource(s)
  -------------------------------------------------------------------    -------------------
    SLICE_X4Y81          LDCE                         0.000     0.000 r  fsm_inst/selected_price_reg[6]/G
    SLICE_X4Y81          LDCE (EnToQ_ldce_G_Q)        0.220     0.220 r  fsm_inst/selected_price_reg[6]/Q
                         net (fo=37, routed)          0.077     0.297    fsm_inst/Q[3]
    SLICE_X5Y81          LUT6 (Prop_lut6_I3_O)        0.045     0.342 f  fsm_inst/SEG_OBUF[6]_inst_i_50/O
                         net (fo=1, routed)           0.135     0.477    disp_inst/SEG_OBUF[6]_inst_i_8_3
    SLICE_X5Y81          LUT5 (Prop_lut5_I1_O)        0.045     0.522 f  disp_inst/SEG_OBUF[6]_inst_i_18/O
                         net (fo=1, routed)           0.222     0.745    disp_inst/SEG_OBUF[6]_inst_i_18_n_0
    SLICE_X5Y81          LUT5 (Prop_lut5_I2_O)        0.045     0.790 r  disp_inst/SEG_OBUF[6]_inst_i_8/O
                         net (fo=19, routed)          0.222     1.012    fsm_inst/SEG_OBUF[0]_inst_i_1_0
    SLICE_X6Y87          LUT6 (Prop_lut6_I3_O)        0.045     1.057 r  fsm_inst/SEG_OBUF[4]_inst_i_2/O
                         net (fo=1, routed)           0.158     1.215    fsm_inst/SEG_OBUF[4]_inst_i_2_n_0
    SLICE_X7Y87          LUT2 (Prop_lut2_I0_O)        0.045     1.260 r  fsm_inst/SEG_OBUF[4]_inst_i_1/O
                         net (fo=1, routed)           0.492     1.752    SEG_OBUF[4]
    K16                  OBUF (Prop_obuf_I_O)         1.194     2.947 r  SEG_OBUF[4]_inst/O
                         net (fo=0)                   0.000     2.947    SEG[4]
    K16                                                               r  SEG[4] (OUT)
  -------------------------------------------------------------------    -------------------

Slack:                    inf
  Source:                 fsm_inst/selected_price_reg[6]/G
                            (positive level-sensitive latch)
  Destination:            SEG[0]
                            (output port)
  Path Group:             (none)
  Path Type:              Min at Fast Process Corner
  Data Path Delay:        3.308ns  (logic 1.683ns (50.887%)  route 1.624ns (49.113%))
  Logic Levels:           7  (LDCE=1 LUT5=2 LUT6=3 OBUF=1)

    Location             Delay type                Incr(ns)  Path(ns)    Netlist Resource(s)
  -------------------------------------------------------------------    -------------------
    SLICE_X4Y81          LDCE                         0.000     0.000 r  fsm_inst/selected_price_reg[6]/G
    SLICE_X4Y81          LDCE (EnToQ_ldce_G_Q)        0.220     0.220 r  fsm_inst/selected_price_reg[6]/Q
                         net (fo=37, routed)          0.077     0.297    fsm_inst/Q[3]
    SLICE_X5Y81          LUT6 (Prop_lut6_I3_O)        0.045     0.342 f  fsm_inst/SEG_OBUF[6]_inst_i_50/O
                         net (fo=1, routed)           0.135     0.477    disp_inst/SEG_OBUF[6]_inst_i_8_3
    SLICE_X5Y81          LUT5 (Prop_lut5_I1_O)        0.045     0.522 f  disp_inst/SEG_OBUF[6]_inst_i_18/O
                         net (fo=1, routed)           0.222     0.745    disp_inst/SEG_OBUF[6]_inst_i_18_n_0
    SLICE_X5Y81          LUT5 (Prop_lut5_I2_O)        0.045     0.790 r  disp_inst/SEG_OBUF[6]_inst_i_8/O
                         net (fo=19, routed)          0.633     1.423    fsm_inst/SEG_OBUF[0]_inst_i_1_0
    SLICE_X8Y87          LUT6 (Prop_lut6_I4_O)        0.045     1.468 r  fsm_inst/SEG_OBUF[0]_inst_i_3/O
                         net (fo=1, routed)           0.054     1.522    fsm_inst/SEG_OBUF[0]_inst_i_3_n_0
    SLICE_X8Y87          LUT6 (Prop_lut6_I1_O)        0.045     1.567 r  fsm_inst/SEG_OBUF[0]_inst_i_1/O
                         net (fo=1, routed)           0.503     2.069    SEG_OBUF[0]
    L18                  OBUF (Prop_obuf_I_O)         1.238     3.308 r  SEG_OBUF[0]_inst/O
                         net (fo=0)                   0.000     3.308    SEG[0]
    L18                                                               r  SEG[0] (OUT)
  -------------------------------------------------------------------    -------------------

Slack:                    inf
  Source:                 fsm_inst/selected_price_reg[6]/G
                            (positive level-sensitive latch)
  Destination:            SEG[5]
                            (output port)
  Path Group:             (none)
  Path Type:              Min at Fast Process Corner
  Data Path Delay:        3.439ns  (logic 1.701ns (49.466%)  route 1.738ns (50.534%))
  Logic Levels:           7  (LDCE=1 LUT2=1 LUT5=2 LUT6=2 OBUF=1)

    Location             Delay type                Incr(ns)  Path(ns)    Netlist Resource(s)
  -------------------------------------------------------------------    -------------------
    SLICE_X4Y81          LDCE                         0.000     0.000 r  fsm_inst/selected_price_reg[6]/G
    SLICE_X4Y81          LDCE (EnToQ_ldce_G_Q)        0.220     0.220 r  fsm_inst/selected_price_reg[6]/Q
                         net (fo=37, routed)          0.077     0.297    fsm_inst/Q[3]
    SLICE_X5Y81          LUT6 (Prop_lut6_I3_O)        0.045     0.342 f  fsm_inst/SEG_OBUF[6]_inst_i_50/O
                         net (fo=1, routed)           0.135     0.477    disp_inst/SEG_OBUF[6]_inst_i_8_3
    SLICE_X5Y81          LUT5 (Prop_lut5_I1_O)        0.045     0.522 f  disp_inst/SEG_OBUF[6]_inst_i_18/O
                         net (fo=1, routed)           0.222     0.745    disp_inst/SEG_OBUF[6]_inst_i_18_n_0
    SLICE_X5Y81          LUT5 (Prop_lut5_I2_O)        0.045     0.790 r  disp_inst/SEG_OBUF[6]_inst_i_8/O
                         net (fo=19, routed)          0.220     1.010    fsm_inst/SEG_OBUF[0]_inst_i_1_0
    SLICE_X6Y87          LUT6 (Prop_lut6_I4_O)        0.045     1.055 r  fsm_inst/SEG_OBUF[5]_inst_i_2/O
                         net (fo=1, routed)           0.122     1.177    fsm_inst/SEG_OBUF[5]_inst_i_2_n_0
    SLICE_X6Y87          LUT2 (Prop_lut2_I0_O)        0.045     1.222 r  fsm_inst/SEG_OBUF[5]_inst_i_1/O
                         net (fo=1, routed)           0.961     2.183    SEG_OBUF[5]
    R10                  OBUF (Prop_obuf_I_O)         1.256     3.439 r  SEG_OBUF[5]_inst/O
                         net (fo=0)                   0.000     3.439    SEG[5]
    R10                                                               r  SEG[5] (OUT)
  -------------------------------------------------------------------    -------------------

Slack:                    inf
  Source:                 fsm_inst/selected_price_reg[6]/G
                            (positive level-sensitive latch)
  Destination:            SEG[2]
                            (output port)
  Path Group:             (none)
  Path Type:              Min at Fast Process Corner
  Data Path Delay:        3.557ns  (logic 1.679ns (47.219%)  route 1.877ns (52.781%))
  Logic Levels:           7  (LDCE=1 LUT3=1 LUT5=2 LUT6=2 OBUF=1)

    Location             Delay type                Incr(ns)  Path(ns)    Netlist Resource(s)
  -------------------------------------------------------------------    -------------------
    SLICE_X4Y81          LDCE                         0.000     0.000 r  fsm_inst/selected_price_reg[6]/G
    SLICE_X4Y81          LDCE (EnToQ_ldce_G_Q)        0.220     0.220 r  fsm_inst/selected_price_reg[6]/Q
                         net (fo=37, routed)          0.077     0.297    fsm_inst/Q[3]
    SLICE_X5Y81          LUT6 (Prop_lut6_I3_O)        0.045     0.342 f  fsm_inst/SEG_OBUF[6]_inst_i_50/O
                         net (fo=1, routed)           0.135     0.477    disp_inst/SEG_OBUF[6]_inst_i_8_3
    SLICE_X5Y81          LUT5 (Prop_lut5_I1_O)        0.045     0.522 f  disp_inst/SEG_OBUF[6]_inst_i_18/O
                         net (fo=1, routed)           0.222     0.745    disp_inst/SEG_OBUF[6]_inst_i_18_n_0
    SLICE_X5Y81          LUT5 (Prop_lut5_I2_O)        0.045     0.790 r  disp_inst/SEG_OBUF[6]_inst_i_8/O
                         net (fo=19, routed)          0.609     1.399    fsm_inst/SEG_OBUF[0]_inst_i_1_0
    SLICE_X8Y88          LUT6 (Prop_lut6_I4_O)        0.045     1.444 r  fsm_inst/SEG_OBUF[2]_inst_i_2/O
                         net (fo=1, routed)           0.052     1.496    fsm_inst/SEG_OBUF[2]_inst_i_2_n_0
    SLICE_X8Y88          LUT3 (Prop_lut3_I0_O)        0.045     1.541 r  fsm_inst/SEG_OBUF[2]_inst_i_1/O
                         net (fo=1, routed)           0.782     2.322    SEG_OBUF[2]
    P15                  OBUF (Prop_obuf_I_O)         1.234     3.557 r  SEG_OBUF[2]_inst/O
                         net (fo=0)                   0.000     3.557    SEG[2]
    P15                                                               r  SEG[2] (OUT)
  -------------------------------------------------------------------    -------------------

Slack:                    inf
  Source:                 fsm_inst/selected_price_reg[6]/G
                            (positive level-sensitive latch)
  Destination:            SEG[3]
                            (output port)
  Path Group:             (none)
  Path Type:              Min at Fast Process Corner
  Data Path Delay:        3.746ns  (logic 1.761ns (47.011%)  route 1.985ns (52.989%))
  Logic Levels:           7  (LDCE=1 LUT5=3 LUT6=2 OBUF=1)

    Location             Delay type                Incr(ns)  Path(ns)    Netlist Resource(s)
  -------------------------------------------------------------------    -------------------
    SLICE_X4Y81          LDCE                         0.000     0.000 r  fsm_inst/selected_price_reg[6]/G
    SLICE_X4Y81          LDCE (EnToQ_ldce_G_Q)        0.220     0.220 r  fsm_inst/selected_price_reg[6]/Q
                         net (fo=37, routed)          0.077     0.297    fsm_inst/Q[3]
    SLICE_X5Y81          LUT6 (Prop_lut6_I3_O)        0.045     0.342 f  fsm_inst/SEG_OBUF[6]_inst_i_50/O
                         net (fo=1, routed)           0.135     0.477    disp_inst/SEG_OBUF[6]_inst_i_8_3
    SLICE_X5Y81          LUT5 (Prop_lut5_I1_O)        0.045     0.522 f  disp_inst/SEG_OBUF[6]_inst_i_18/O
                         net (fo=1, routed)           0.222     0.745    disp_inst/SEG_OBUF[6]_inst_i_18_n_0
    SLICE_X5Y81          LUT5 (Prop_lut5_I2_O)        0.045     0.790 r  disp_inst/SEG_OBUF[6]_inst_i_8/O
                         net (fo=19, routed)          0.566     1.356    fsm_inst/SEG_OBUF[0]_inst_i_1_0
    SLICE_X9Y87          LUT5 (Prop_lut5_I3_O)        0.043     1.399 r  fsm_inst/SEG_OBUF[3]_inst_i_2/O
                         net (fo=1, routed)           0.086     1.485    fsm_inst/SEG_OBUF[3]_inst_i_2_n_0
    SLICE_X9Y87          LUT6 (Prop_lut6_I0_O)        0.112     1.597 r  fsm_inst/SEG_OBUF[3]_inst_i_1/O
                         net (fo=1, routed)           0.898     2.495    SEG_OBUF[3]
    K13                  OBUF (Prop_obuf_I_O)         1.251     3.746 r  SEG_OBUF[3]_inst/O
                         net (fo=0)                   0.000     3.746    SEG[3]
    K13                                                               r  SEG[3] (OUT)
  -------------------------------------------------------------------    -------------------





--------------------------------------------------------------------------------------
Path Group:  (none)
From Clock:  sys_clk_pin
  To Clock:  

Max Delay            25 Endpoints
Min Delay            25 Endpoints
--------------------------------------------------------------------------------------


Max Delay Paths
--------------------------------------------------------------------------------------
Slack:                    inf
  Source:                 coin_inst/amount_reg[9]/C
                            (rising edge-triggered cell FDRE clocked by sys_clk_pin  {rise@0.000ns fall@10.000ns period=20.000ns})
  Destination:            SEG[6]
                            (output port)
  Path Group:             (none)
  Path Type:              Max at Slow Process Corner
  Data Path Delay:        39.310ns  (logic 13.799ns (35.103%)  route 25.511ns (64.897%))
  Logic Levels:           36  (CARRY4=15 LUT2=4 LUT3=4 LUT4=2 LUT5=3 LUT6=7 OBUF=1)
  Clock Uncertainty:      0.025ns  ((TSJ^2 + TIJ^2)^1/2 + DJ) / 2 + PE
    Total System Jitter     (TSJ):    0.050ns
    Total Input Jitter      (TIJ):    0.000ns
    Discrete Jitter          (DJ):    0.000ns
    Phase Error              (PE):    0.000ns

    Location             Delay type                Incr(ns)  Path(ns)    Netlist Resource(s)
  -------------------------------------------------------------------    -------------------
                         (clock sys_clk_pin rise edge)
                                                      0.000     0.000 r  
    E3                                                0.000     0.000 r  clk (IN)
                         net (fo=0)                   0.000     0.000    clk
    E3                   IBUF (Prop_ibuf_I_O)         1.482     1.482 r  clk_IBUF_inst/O
                         net (fo=1, routed)           2.025     3.506    clk_IBUF
    BUFGCTRL_X0Y16       BUFG (Prop_bufg_I_O)         0.096     3.602 r  clk_IBUF_BUFG_inst/O
                         net (fo=40, routed)          1.629     5.232    coin_inst/CLK
    SLICE_X10Y73         FDRE                                         r  coin_inst/amount_reg[9]/C
  -------------------------------------------------------------------    -------------------
    SLICE_X10Y73         FDRE (Prop_fdre_C_Q)         0.518     5.750 r  coin_inst/amount_reg[9]/Q
                         net (fo=78, routed)          3.044     8.794    coin_inst/inserted_amount_sig[9]
    SLICE_X9Y66          LUT3 (Prop_lut3_I1_O)        0.124     8.918 f  coin_inst/SEG_OBUF[6]_inst_i_609/O
                         net (fo=2, routed)           0.830     9.748    coin_inst/SEG_OBUF[6]_inst_i_609_n_0
    SLICE_X10Y69         LUT5 (Prop_lut5_I4_O)        0.124     9.872 r  coin_inst/SEG_OBUF[6]_inst_i_477/O
                         net (fo=2, routed)           0.762    10.634    coin_inst/SEG_OBUF[6]_inst_i_477_n_0
    SLICE_X11Y70         LUT6 (Prop_lut6_I0_O)        0.124    10.758 r  coin_inst/SEG_OBUF[6]_inst_i_481/O
                         net (fo=1, routed)           0.000    10.758    coin_inst/SEG_OBUF[6]_inst_i_481_n_0
    SLICE_X11Y70         CARRY4 (Prop_carry4_S[0]_CO[3])
                                                      0.532    11.290 r  coin_inst/SEG_OBUF[6]_inst_i_358/CO[3]
                         net (fo=1, routed)           0.000    11.290    coin_inst/SEG_OBUF[6]_inst_i_358_n_0
    SLICE_X11Y71         CARRY4 (Prop_carry4_CI_O[2])
                                                      0.239    11.529 f  coin_inst/SEG_OBUF[6]_inst_i_250/O[2]
                         net (fo=24, routed)          1.325    12.855    coin_inst/SEG_OBUF[6]_inst_i_250_n_5
    SLICE_X12Y74         LUT3 (Prop_lut3_I0_O)        0.328    13.183 r  coin_inst/SEG_OBUF[6]_inst_i_611/O
                         net (fo=2, routed)           0.707    13.890    coin_inst/SEG_OBUF[6]_inst_i_611_n_0
    SLICE_X10Y74         LUT4 (Prop_lut4_I3_O)        0.328    14.218 r  coin_inst/SEG_OBUF[6]_inst_i_614/O
                         net (fo=1, routed)           0.000    14.218    coin_inst/SEG_OBUF[6]_inst_i_614_n_0
    SLICE_X10Y74         CARRY4 (Prop_carry4_S[3]_CO[3])
                                                      0.376    14.594 r  coin_inst/SEG_OBUF[6]_inst_i_482/CO[3]
                         net (fo=1, routed)           0.009    14.603    coin_inst/SEG_OBUF[6]_inst_i_482_n_0
    SLICE_X10Y75         CARRY4 (Prop_carry4_CI_O[0])
                                                      0.219    14.822 r  coin_inst/SEG_OBUF[6]_inst_i_367/O[0]
                         net (fo=3, routed)           0.840    15.661    coin_inst/SEG_OBUF[6]_inst_i_367_n_7
    SLICE_X11Y74         LUT3 (Prop_lut3_I1_O)        0.295    15.956 r  coin_inst/SEG_OBUF[6]_inst_i_497/O
                         net (fo=1, routed)           0.000    15.956    coin_inst/SEG_OBUF[6]_inst_i_497_n_0
    SLICE_X11Y74         CARRY4 (Prop_carry4_S[3]_CO[3])
                                                      0.401    16.357 r  coin_inst/SEG_OBUF[6]_inst_i_369/CO[3]
                         net (fo=1, routed)           0.009    16.366    coin_inst/SEG_OBUF[6]_inst_i_369_n_0
    SLICE_X11Y75         CARRY4 (Prop_carry4_CI_CO[2])
                                                      0.228    16.594 f  coin_inst/SEG_OBUF[6]_inst_i_252/CO[2]
                         net (fo=45, routed)          1.039    17.634    coin_inst/SEG_OBUF[6]_inst_i_252_n_1
    SLICE_X15Y76         LUT6 (Prop_lut6_I2_O)        0.313    17.947 r  coin_inst/SEG_OBUF[6]_inst_i_398/O
                         net (fo=48, routed)          1.805    19.752    coin_inst/SEG_OBUF[6]_inst_i_398_n_0
    SLICE_X14Y84         LUT2 (Prop_lut2_I1_O)        0.150    19.902 r  coin_inst/SEG_OBUF[6]_inst_i_267/O
                         net (fo=13, routed)          1.802    21.703    coin_inst/SEG_OBUF[6]_inst_i_267_n_0
    SLICE_X12Y76         LUT5 (Prop_lut5_I0_O)        0.328    22.031 r  coin_inst/SEG_OBUF[6]_inst_i_901/O
                         net (fo=1, routed)           0.000    22.031    coin_inst/SEG_OBUF[6]_inst_i_901_n_0
    SLICE_X12Y76         CARRY4 (Prop_carry4_S[0]_CO[3])
                                                      0.513    22.544 r  coin_inst/SEG_OBUF[6]_inst_i_845/CO[3]
                         net (fo=1, routed)           0.000    22.544    coin_inst/SEG_OBUF[6]_inst_i_845_n_0
    SLICE_X12Y77         CARRY4 (Prop_carry4_CI_CO[3])
                                                      0.117    22.661 r  coin_inst/SEG_OBUF[6]_inst_i_766/CO[3]
                         net (fo=1, routed)           0.000    22.661    coin_inst/SEG_OBUF[6]_inst_i_766_n_0
    SLICE_X12Y78         CARRY4 (Prop_carry4_CI_CO[1])
                                                      0.157    22.818 f  coin_inst/SEG_OBUF[6]_inst_i_641/CO[1]
                         net (fo=47, routed)          1.461    24.279    coin_inst/SEG_OBUF[6]_inst_i_641_n_2
    SLICE_X15Y83         LUT6 (Prop_lut6_I5_O)        0.332    24.611 r  coin_inst/SEG_OBUF[6]_inst_i_664/O
                         net (fo=2, routed)           0.814    25.425    coin_inst/SEG_OBUF[6]_inst_i_664_n_0
    SLICE_X13Y83         LUT4 (Prop_lut4_I3_O)        0.124    25.549 r  coin_inst/SEG_OBUF[6]_inst_i_667/O
                         net (fo=1, routed)           0.000    25.549    coin_inst/SEG_OBUF[6]_inst_i_667_n_0
    SLICE_X13Y83         CARRY4 (Prop_carry4_S[3]_CO[3])
                                                      0.401    25.950 r  coin_inst/SEG_OBUF[6]_inst_i_519/CO[3]
                         net (fo=1, routed)           0.000    25.950    coin_inst/SEG_OBUF[6]_inst_i_519_n_0
    SLICE_X13Y84         CARRY4 (Prop_carry4_CI_O[1])
                                                      0.334    26.284 r  coin_inst/SEG_OBUF[6]_inst_i_517/O[1]
                         net (fo=4, routed)           1.023    27.307    coin_inst/SEG_OBUF[6]_inst_i_517_n_6
    SLICE_X14Y82         LUT3 (Prop_lut3_I0_O)        0.303    27.610 r  coin_inst/SEG_OBUF[6]_inst_i_522/O
                         net (fo=1, routed)           0.819    28.428    coin_inst/SEG_OBUF[6]_inst_i_522_n_0
    SLICE_X13Y81         LUT6 (Prop_lut6_I2_O)        0.124    28.552 r  coin_inst/SEG_OBUF[6]_inst_i_381/O
                         net (fo=1, routed)           0.000    28.552    coin_inst/SEG_OBUF[6]_inst_i_381_n_0
    SLICE_X13Y81         CARRY4 (Prop_carry4_S[3]_CO[3])
                                                      0.401    28.953 r  coin_inst/SEG_OBUF[6]_inst_i_254/CO[3]
                         net (fo=1, routed)           0.000    28.953    coin_inst/SEG_OBUF[6]_inst_i_254_n_0
    SLICE_X13Y82         CARRY4 (Prop_carry4_CI_O[1])
                                                      0.334    29.287 r  coin_inst/SEG_OBUF[6]_inst_i_373/O[1]
                         net (fo=2, routed)           0.673    29.960    coin_inst/SEG_OBUF[6]_inst_i_373_n_6
    SLICE_X14Y83         LUT2 (Prop_lut2_I0_O)        0.303    30.263 r  coin_inst/SEG_OBUF[6]_inst_i_375/O
                         net (fo=1, routed)           0.000    30.263    coin_inst/SEG_OBUF[6]_inst_i_375_n_0
    SLICE_X14Y83         CARRY4 (Prop_carry4_S[1]_O[2])
                                                      0.578    30.841 r  coin_inst/SEG_OBUF[6]_inst_i_253/O[2]
                         net (fo=1, routed)           0.841    31.682    coin_inst/SEG_OBUF[6]_inst_i_253_n_5
    SLICE_X10Y84         LUT2 (Prop_lut2_I0_O)        0.301    31.983 r  coin_inst/SEG_OBUF[6]_inst_i_184/O
                         net (fo=1, routed)           0.000    31.983    coin_inst/SEG_OBUF[6]_inst_i_184_n_0
    SLICE_X10Y84         CARRY4 (Prop_carry4_S[0]_O[0])
                                                      0.252    32.235 r  coin_inst/SEG_OBUF[6]_inst_i_105/O[0]
                         net (fo=3, routed)           0.671    32.906    coin_inst/SEG_OBUF[6]_inst_i_105_n_7
    SLICE_X10Y82         LUT6 (Prop_lut6_I2_O)        0.295    33.201 f  coin_inst/SEG_OBUF[6]_inst_i_77/O
                         net (fo=1, routed)           1.046    34.247    coin_inst/SEG_OBUF[6]_inst_i_77_n_0
    SLICE_X6Y81          LUT6 (Prop_lut6_I4_O)        0.124    34.371 r  coin_inst/SEG_OBUF[6]_inst_i_29/O
                         net (fo=1, routed)           0.950    35.320    fsm_inst/SEG_OBUF[1]_inst_i_6_1
    SLICE_X6Y81          LUT5 (Prop_lut5_I3_O)        0.124    35.444 f  fsm_inst/SEG_OBUF[6]_inst_i_10/O
                         net (fo=18, routed)          1.332    36.776    fsm_inst/digit_index_reg[1]__0
    SLICE_X8Y88          LUT2 (Prop_lut2_I0_O)        0.150    36.926 r  fsm_inst/SEG_OBUF[6]_inst_i_6/O
                         net (fo=2, routed)           0.661    37.587    fsm_inst/SEG_OBUF[6]_inst_i_6_n_0
    SLICE_X9Y88          LUT6 (Prop_lut6_I4_O)        0.328    37.915 r  fsm_inst/SEG_OBUF[6]_inst_i_1/O
                         net (fo=1, routed)           3.050    40.964    SEG_OBUF[6]
    T10                  OBUF (Prop_obuf_I_O)         3.577    44.541 r  SEG_OBUF[6]_inst/O
                         net (fo=0)                   0.000    44.541    SEG[6]
    T10                                                               r  SEG[6] (OUT)
  -------------------------------------------------------------------    -------------------

Slack:                    inf
  Source:                 coin_inst/amount_reg[9]/C
                            (rising edge-triggered cell FDRE clocked by sys_clk_pin  {rise@0.000ns fall@10.000ns period=20.000ns})
  Destination:            SEG[3]
                            (output port)
  Path Group:             (none)
  Path Type:              Max at Slow Process Corner
  Data Path Delay:        39.170ns  (logic 13.542ns (34.573%)  route 25.628ns (65.427%))
  Logic Levels:           36  (CARRY4=15 LUT2=3 LUT3=4 LUT4=2 LUT5=3 LUT6=8 OBUF=1)
  Clock Uncertainty:      0.025ns  ((TSJ^2 + TIJ^2)^1/2 + DJ) / 2 + PE
    Total System Jitter     (TSJ):    0.050ns
    Total Input Jitter      (TIJ):    0.000ns
    Discrete Jitter          (DJ):    0.000ns
    Phase Error              (PE):    0.000ns

    Location             Delay type                Incr(ns)  Path(ns)    Netlist Resource(s)
  -------------------------------------------------------------------    -------------------
                         (clock sys_clk_pin rise edge)
                                                      0.000     0.000 r  
    E3                                                0.000     0.000 r  clk (IN)
                         net (fo=0)                   0.000     0.000    clk
    E3                   IBUF (Prop_ibuf_I_O)         1.482     1.482 r  clk_IBUF_inst/O
                         net (fo=1, routed)           2.025     3.506    clk_IBUF
    BUFGCTRL_X0Y16       BUFG (Prop_bufg_I_O)         0.096     3.602 r  clk_IBUF_BUFG_inst/O
                         net (fo=40, routed)          1.629     5.232    coin_inst/CLK
    SLICE_X10Y73         FDRE                                         r  coin_inst/amount_reg[9]/C
  -------------------------------------------------------------------    -------------------
    SLICE_X10Y73         FDRE (Prop_fdre_C_Q)         0.518     5.750 r  coin_inst/amount_reg[9]/Q
                         net (fo=78, routed)          3.044     8.794    coin_inst/inserted_amount_sig[9]
    SLICE_X9Y66          LUT3 (Prop_lut3_I1_O)        0.124     8.918 f  coin_inst/SEG_OBUF[6]_inst_i_609/O
                         net (fo=2, routed)           0.830     9.748    coin_inst/SEG_OBUF[6]_inst_i_609_n_0
    SLICE_X10Y69         LUT5 (Prop_lut5_I4_O)        0.124     9.872 r  coin_inst/SEG_OBUF[6]_inst_i_477/O
                         net (fo=2, routed)           0.762    10.634    coin_inst/SEG_OBUF[6]_inst_i_477_n_0
    SLICE_X11Y70         LUT6 (Prop_lut6_I0_O)        0.124    10.758 r  coin_inst/SEG_OBUF[6]_inst_i_481/O
                         net (fo=1, routed)           0.000    10.758    coin_inst/SEG_OBUF[6]_inst_i_481_n_0
    SLICE_X11Y70         CARRY4 (Prop_carry4_S[0]_CO[3])
                                                      0.532    11.290 r  coin_inst/SEG_OBUF[6]_inst_i_358/CO[3]
                         net (fo=1, routed)           0.000    11.290    coin_inst/SEG_OBUF[6]_inst_i_358_n_0
    SLICE_X11Y71         CARRY4 (Prop_carry4_CI_O[2])
                                                      0.239    11.529 f  coin_inst/SEG_OBUF[6]_inst_i_250/O[2]
                         net (fo=24, routed)          1.325    12.855    coin_inst/SEG_OBUF[6]_inst_i_250_n_5
    SLICE_X12Y74         LUT3 (Prop_lut3_I0_O)        0.328    13.183 r  coin_inst/SEG_OBUF[6]_inst_i_611/O
                         net (fo=2, routed)           0.707    13.890    coin_inst/SEG_OBUF[6]_inst_i_611_n_0
    SLICE_X10Y74         LUT4 (Prop_lut4_I3_O)        0.328    14.218 r  coin_inst/SEG_OBUF[6]_inst_i_614/O
                         net (fo=1, routed)           0.000    14.218    coin_inst/SEG_OBUF[6]_inst_i_614_n_0
    SLICE_X10Y74         CARRY4 (Prop_carry4_S[3]_CO[3])
                                                      0.376    14.594 r  coin_inst/SEG_OBUF[6]_inst_i_482/CO[3]
                         net (fo=1, routed)           0.009    14.603    coin_inst/SEG_OBUF[6]_inst_i_482_n_0
    SLICE_X10Y75         CARRY4 (Prop_carry4_CI_O[0])
                                                      0.219    14.822 r  coin_inst/SEG_OBUF[6]_inst_i_367/O[0]
                         net (fo=3, routed)           0.840    15.661    coin_inst/SEG_OBUF[6]_inst_i_367_n_7
    SLICE_X11Y74         LUT3 (Prop_lut3_I1_O)        0.295    15.956 r  coin_inst/SEG_OBUF[6]_inst_i_497/O
                         net (fo=1, routed)           0.000    15.956    coin_inst/SEG_OBUF[6]_inst_i_497_n_0
    SLICE_X11Y74         CARRY4 (Prop_carry4_S[3]_CO[3])
                                                      0.401    16.357 r  coin_inst/SEG_OBUF[6]_inst_i_369/CO[3]
                         net (fo=1, routed)           0.009    16.366    coin_inst/SEG_OBUF[6]_inst_i_369_n_0
    SLICE_X11Y75         CARRY4 (Prop_carry4_CI_CO[2])
                                                      0.228    16.594 f  coin_inst/SEG_OBUF[6]_inst_i_252/CO[2]
                         net (fo=45, routed)          1.039    17.634    coin_inst/SEG_OBUF[6]_inst_i_252_n_1
    SLICE_X15Y76         LUT6 (Prop_lut6_I2_O)        0.313    17.947 r  coin_inst/SEG_OBUF[6]_inst_i_398/O
                         net (fo=48, routed)          1.805    19.752    coin_inst/SEG_OBUF[6]_inst_i_398_n_0
    SLICE_X14Y84         LUT2 (Prop_lut2_I1_O)        0.150    19.902 r  coin_inst/SEG_OBUF[6]_inst_i_267/O
                         net (fo=13, routed)          1.802    21.703    coin_inst/SEG_OBUF[6]_inst_i_267_n_0
    SLICE_X12Y76         LUT5 (Prop_lut5_I0_O)        0.328    22.031 r  coin_inst/SEG_OBUF[6]_inst_i_901/O
                         net (fo=1, routed)           0.000    22.031    coin_inst/SEG_OBUF[6]_inst_i_901_n_0
    SLICE_X12Y76         CARRY4 (Prop_carry4_S[0]_CO[3])
                                                      0.513    22.544 r  coin_inst/SEG_OBUF[6]_inst_i_845/CO[3]
                         net (fo=1, routed)           0.000    22.544    coin_inst/SEG_OBUF[6]_inst_i_845_n_0
    SLICE_X12Y77         CARRY4 (Prop_carry4_CI_CO[3])
                                                      0.117    22.661 r  coin_inst/SEG_OBUF[6]_inst_i_766/CO[3]
                         net (fo=1, routed)           0.000    22.661    coin_inst/SEG_OBUF[6]_inst_i_766_n_0
    SLICE_X12Y78         CARRY4 (Prop_carry4_CI_CO[1])
                                                      0.157    22.818 f  coin_inst/SEG_OBUF[6]_inst_i_641/CO[1]
                         net (fo=47, routed)          1.461    24.279    coin_inst/SEG_OBUF[6]_inst_i_641_n_2
    SLICE_X15Y83         LUT6 (Prop_lut6_I5_O)        0.332    24.611 r  coin_inst/SEG_OBUF[6]_inst_i_664/O
                         net (fo=2, routed)           0.814    25.425    coin_inst/SEG_OBUF[6]_inst_i_664_n_0
    SLICE_X13Y83         LUT4 (Prop_lut4_I3_O)        0.124    25.549 r  coin_inst/SEG_OBUF[6]_inst_i_667/O
                         net (fo=1, routed)           0.000    25.549    coin_inst/SEG_OBUF[6]_inst_i_667_n_0
    SLICE_X13Y83         CARRY4 (Prop_carry4_S[3]_CO[3])
                                                      0.401    25.950 r  coin_inst/SEG_OBUF[6]_inst_i_519/CO[3]
                         net (fo=1, routed)           0.000    25.950    coin_inst/SEG_OBUF[6]_inst_i_519_n_0
    SLICE_X13Y84         CARRY4 (Prop_carry4_CI_O[1])
                                                      0.334    26.284 r  coin_inst/SEG_OBUF[6]_inst_i_517/O[1]
                         net (fo=4, routed)           1.023    27.307    coin_inst/SEG_OBUF[6]_inst_i_517_n_6
    SLICE_X14Y82         LUT3 (Prop_lut3_I0_O)        0.303    27.610 r  coin_inst/SEG_OBUF[6]_inst_i_522/O
                         net (fo=1, routed)           0.819    28.428    coin_inst/SEG_OBUF[6]_inst_i_522_n_0
    SLICE_X13Y81         LUT6 (Prop_lut6_I2_O)        0.124    28.552 r  coin_inst/SEG_OBUF[6]_inst_i_381/O
                         net (fo=1, routed)           0.000    28.552    coin_inst/SEG_OBUF[6]_inst_i_381_n_0
    SLICE_X13Y81         CARRY4 (Prop_carry4_S[3]_CO[3])
                                                      0.401    28.953 r  coin_inst/SEG_OBUF[6]_inst_i_254/CO[3]
                         net (fo=1, routed)           0.000    28.953    coin_inst/SEG_OBUF[6]_inst_i_254_n_0
    SLICE_X13Y82         CARRY4 (Prop_carry4_CI_O[1])
                                                      0.334    29.287 r  coin_inst/SEG_OBUF[6]_inst_i_373/O[1]
                         net (fo=2, routed)           0.673    29.960    coin_inst/SEG_OBUF[6]_inst_i_373_n_6
    SLICE_X14Y83         LUT2 (Prop_lut2_I0_O)        0.303    30.263 r  coin_inst/SEG_OBUF[6]_inst_i_375/O
                         net (fo=1, routed)           0.000    30.263    coin_inst/SEG_OBUF[6]_inst_i_375_n_0
    SLICE_X14Y83         CARRY4 (Prop_carry4_S[1]_O[2])
                                                      0.578    30.841 r  coin_inst/SEG_OBUF[6]_inst_i_253/O[2]
                         net (fo=1, routed)           0.841    31.682    coin_inst/SEG_OBUF[6]_inst_i_253_n_5
    SLICE_X10Y84         LUT2 (Prop_lut2_I0_O)        0.301    31.983 r  coin_inst/SEG_OBUF[6]_inst_i_184/O
                         net (fo=1, routed)           0.000    31.983    coin_inst/SEG_OBUF[6]_inst_i_184_n_0
    SLICE_X10Y84         CARRY4 (Prop_carry4_S[0]_O[0])
                                                      0.252    32.235 r  coin_inst/SEG_OBUF[6]_inst_i_105/O[0]
                         net (fo=3, routed)           0.671    32.906    coin_inst/SEG_OBUF[6]_inst_i_105_n_7
    SLICE_X10Y82         LUT6 (Prop_lut6_I2_O)        0.295    33.201 r  coin_inst/SEG_OBUF[6]_inst_i_77/O
                         net (fo=1, routed)           1.046    34.247    coin_inst/SEG_OBUF[6]_inst_i_77_n_0
    SLICE_X6Y81          LUT6 (Prop_lut6_I4_O)        0.124    34.371 f  coin_inst/SEG_OBUF[6]_inst_i_29/O
                         net (fo=1, routed)           0.950    35.320    fsm_inst/SEG_OBUF[1]_inst_i_6_1
    SLICE_X6Y81          LUT5 (Prop_lut5_I3_O)        0.124    35.444 r  fsm_inst/SEG_OBUF[6]_inst_i_10/O
                         net (fo=18, routed)          1.217    36.662    fsm_inst/digit_index_reg[1]__0
    SLICE_X9Y86          LUT6 (Prop_lut6_I3_O)        0.124    36.786 r  fsm_inst/SEG_OBUF[3]_inst_i_3/O
                         net (fo=1, routed)           1.024    37.809    fsm_inst/SEG_OBUF[3]_inst_i_3_n_0
    SLICE_X9Y87          LUT6 (Prop_lut6_I1_O)        0.124    37.933 r  fsm_inst/SEG_OBUF[3]_inst_i_1/O
                         net (fo=1, routed)           2.918    40.852    SEG_OBUF[3]
    K13                  OBUF (Prop_obuf_I_O)         3.550    44.402 r  SEG_OBUF[3]_inst/O
                         net (fo=0)                   0.000    44.402    SEG[3]
    K13                                                               r  SEG[3] (OUT)
  -------------------------------------------------------------------    -------------------

Slack:                    inf
  Source:                 coin_inst/amount_reg[9]/C
                            (rising edge-triggered cell FDRE clocked by sys_clk_pin  {rise@0.000ns fall@10.000ns period=20.000ns})
  Destination:            SEG[5]
                            (output port)
  Path Group:             (none)
  Path Type:              Max at Slow Process Corner
  Data Path Delay:        38.891ns  (logic 13.547ns (34.835%)  route 25.343ns (65.165%))
  Logic Levels:           36  (CARRY4=15 LUT2=4 LUT3=4 LUT4=2 LUT5=3 LUT6=7 OBUF=1)
  Clock Uncertainty:      0.025ns  ((TSJ^2 + TIJ^2)^1/2 + DJ) / 2 + PE
    Total System Jitter     (TSJ):    0.050ns
    Total Input Jitter      (TIJ):    0.000ns
    Discrete Jitter          (DJ):    0.000ns
    Phase Error              (PE):    0.000ns

    Location             Delay type                Incr(ns)  Path(ns)    Netlist Resource(s)
  -------------------------------------------------------------------    -------------------
                         (clock sys_clk_pin rise edge)
                                                      0.000     0.000 r  
    E3                                                0.000     0.000 r  clk (IN)
                         net (fo=0)                   0.000     0.000    clk
    E3                   IBUF (Prop_ibuf_I_O)         1.482     1.482 r  clk_IBUF_inst/O
                         net (fo=1, routed)           2.025     3.506    clk_IBUF
    BUFGCTRL_X0Y16       BUFG (Prop_bufg_I_O)         0.096     3.602 r  clk_IBUF_BUFG_inst/O
                         net (fo=40, routed)          1.629     5.232    coin_inst/CLK
    SLICE_X10Y73         FDRE                                         r  coin_inst/amount_reg[9]/C
  -------------------------------------------------------------------    -------------------
    SLICE_X10Y73         FDRE (Prop_fdre_C_Q)         0.518     5.750 r  coin_inst/amount_reg[9]/Q
                         net (fo=78, routed)          3.044     8.794    coin_inst/inserted_amount_sig[9]
    SLICE_X9Y66          LUT3 (Prop_lut3_I1_O)        0.124     8.918 f  coin_inst/SEG_OBUF[6]_inst_i_609/O
                         net (fo=2, routed)           0.830     9.748    coin_inst/SEG_OBUF[6]_inst_i_609_n_0
    SLICE_X10Y69         LUT5 (Prop_lut5_I4_O)        0.124     9.872 r  coin_inst/SEG_OBUF[6]_inst_i_477/O
                         net (fo=2, routed)           0.762    10.634    coin_inst/SEG_OBUF[6]_inst_i_477_n_0
    SLICE_X11Y70         LUT6 (Prop_lut6_I0_O)        0.124    10.758 r  coin_inst/SEG_OBUF[6]_inst_i_481/O
                         net (fo=1, routed)           0.000    10.758    coin_inst/SEG_OBUF[6]_inst_i_481_n_0
    SLICE_X11Y70         CARRY4 (Prop_carry4_S[0]_CO[3])
                                                      0.532    11.290 r  coin_inst/SEG_OBUF[6]_inst_i_358/CO[3]
                         net (fo=1, routed)           0.000    11.290    coin_inst/SEG_OBUF[6]_inst_i_358_n_0
    SLICE_X11Y71         CARRY4 (Prop_carry4_CI_O[2])
                                                      0.239    11.529 f  coin_inst/SEG_OBUF[6]_inst_i_250/O[2]
                         net (fo=24, routed)          1.325    12.855    coin_inst/SEG_OBUF[6]_inst_i_250_n_5
    SLICE_X12Y74         LUT3 (Prop_lut3_I0_O)        0.328    13.183 r  coin_inst/SEG_OBUF[6]_inst_i_611/O
                         net (fo=2, routed)           0.707    13.890    coin_inst/SEG_OBUF[6]_inst_i_611_n_0
    SLICE_X10Y74         LUT4 (Prop_lut4_I3_O)        0.328    14.218 r  coin_inst/SEG_OBUF[6]_inst_i_614/O
                         net (fo=1, routed)           0.000    14.218    coin_inst/SEG_OBUF[6]_inst_i_614_n_0
    SLICE_X10Y74         CARRY4 (Prop_carry4_S[3]_CO[3])
                                                      0.376    14.594 r  coin_inst/SEG_OBUF[6]_inst_i_482/CO[3]
                         net (fo=1, routed)           0.009    14.603    coin_inst/SEG_OBUF[6]_inst_i_482_n_0
    SLICE_X10Y75         CARRY4 (Prop_carry4_CI_O[0])
                                                      0.219    14.822 r  coin_inst/SEG_OBUF[6]_inst_i_367/O[0]
                         net (fo=3, routed)           0.840    15.661    coin_inst/SEG_OBUF[6]_inst_i_367_n_7
    SLICE_X11Y74         LUT3 (Prop_lut3_I1_O)        0.295    15.956 r  coin_inst/SEG_OBUF[6]_inst_i_497/O
                         net (fo=1, routed)           0.000    15.956    coin_inst/SEG_OBUF[6]_inst_i_497_n_0
    SLICE_X11Y74         CARRY4 (Prop_carry4_S[3]_CO[3])
                                                      0.401    16.357 r  coin_inst/SEG_OBUF[6]_inst_i_369/CO[3]
                         net (fo=1, routed)           0.009    16.366    coin_inst/SEG_OBUF[6]_inst_i_369_n_0
    SLICE_X11Y75         CARRY4 (Prop_carry4_CI_CO[2])
                                                      0.228    16.594 f  coin_inst/SEG_OBUF[6]_inst_i_252/CO[2]
                         net (fo=45, routed)          1.039    17.634    coin_inst/SEG_OBUF[6]_inst_i_252_n_1
    SLICE_X15Y76         LUT6 (Prop_lut6_I2_O)        0.313    17.947 r  coin_inst/SEG_OBUF[6]_inst_i_398/O
                         net (fo=48, routed)          1.805    19.752    coin_inst/SEG_OBUF[6]_inst_i_398_n_0
    SLICE_X14Y84         LUT2 (Prop_lut2_I1_O)        0.150    19.902 r  coin_inst/SEG_OBUF[6]_inst_i_267/O
                         net (fo=13, routed)          1.802    21.703    coin_inst/SEG_OBUF[6]_inst_i_267_n_0
    SLICE_X12Y76         LUT5 (Prop_lut5_I0_O)        0.328    22.031 r  coin_inst/SEG_OBUF[6]_inst_i_901/O
                         net (fo=1, routed)           0.000    22.031    coin_inst/SEG_OBUF[6]_inst_i_901_n_0
    SLICE_X12Y76         CARRY4 (Prop_carry4_S[0]_CO[3])
                                                      0.513    22.544 r  coin_inst/SEG_OBUF[6]_inst_i_845/CO[3]
                         net (fo=1, routed)           0.000    22.544    coin_inst/SEG_OBUF[6]_inst_i_845_n_0
    SLICE_X12Y77         CARRY4 (Prop_carry4_CI_CO[3])
                                                      0.117    22.661 r  coin_inst/SEG_OBUF[6]_inst_i_766/CO[3]
                         net (fo=1, routed)           0.000    22.661    coin_inst/SEG_OBUF[6]_inst_i_766_n_0
    SLICE_X12Y78         CARRY4 (Prop_carry4_CI_CO[1])
                                                      0.157    22.818 f  coin_inst/SEG_OBUF[6]_inst_i_641/CO[1]
                         net (fo=47, routed)          1.461    24.279    coin_inst/SEG_OBUF[6]_inst_i_641_n_2
    SLICE_X15Y83         LUT6 (Prop_lut6_I5_O)        0.332    24.611 r  coin_inst/SEG_OBUF[6]_inst_i_664/O
                         net (fo=2, routed)           0.814    25.425    coin_inst/SEG_OBUF[6]_inst_i_664_n_0
    SLICE_X13Y83         LUT4 (Prop_lut4_I3_O)        0.124    25.549 r  coin_inst/SEG_OBUF[6]_inst_i_667/O
                         net (fo=1, routed)           0.000    25.549    coin_inst/SEG_OBUF[6]_inst_i_667_n_0
    SLICE_X13Y83         CARRY4 (Prop_carry4_S[3]_CO[3])
                                                      0.401    25.950 r  coin_inst/SEG_OBUF[6]_inst_i_519/CO[3]
                         net (fo=1, routed)           0.000    25.950    coin_inst/SEG_OBUF[6]_inst_i_519_n_0
    SLICE_X13Y84         CARRY4 (Prop_carry4_CI_O[1])
                                                      0.334    26.284 r  coin_inst/SEG_OBUF[6]_inst_i_517/O[1]
                         net (fo=4, routed)           1.023    27.307    coin_inst/SEG_OBUF[6]_inst_i_517_n_6
    SLICE_X14Y82         LUT3 (Prop_lut3_I0_O)        0.303    27.610 r  coin_inst/SEG_OBUF[6]_inst_i_522/O
                         net (fo=1, routed)           0.819    28.428    coin_inst/SEG_OBUF[6]_inst_i_522_n_0
    SLICE_X13Y81         LUT6 (Prop_lut6_I2_O)        0.124    28.552 r  coin_inst/SEG_OBUF[6]_inst_i_381/O
                         net (fo=1, routed)           0.000    28.552    coin_inst/SEG_OBUF[6]_inst_i_381_n_0
    SLICE_X13Y81         CARRY4 (Prop_carry4_S[3]_CO[3])
                                                      0.401    28.953 r  coin_inst/SEG_OBUF[6]_inst_i_254/CO[3]
                         net (fo=1, routed)           0.000    28.953    coin_inst/SEG_OBUF[6]_inst_i_254_n_0
    SLICE_X13Y82         CARRY4 (Prop_carry4_CI_O[1])
                                                      0.334    29.287 r  coin_inst/SEG_OBUF[6]_inst_i_373/O[1]
                         net (fo=2, routed)           0.673    29.960    coin_inst/SEG_OBUF[6]_inst_i_373_n_6
    SLICE_X14Y83         LUT2 (Prop_lut2_I0_O)        0.303    30.263 r  coin_inst/SEG_OBUF[6]_inst_i_375/O
                         net (fo=1, routed)           0.000    30.263    coin_inst/SEG_OBUF[6]_inst_i_375_n_0
    SLICE_X14Y83         CARRY4 (Prop_carry4_S[1]_O[2])
                                                      0.578    30.841 r  coin_inst/SEG_OBUF[6]_inst_i_253/O[2]
                         net (fo=1, routed)           0.841    31.682    coin_inst/SEG_OBUF[6]_inst_i_253_n_5
    SLICE_X10Y84         LUT2 (Prop_lut2_I0_O)        0.301    31.983 r  coin_inst/SEG_OBUF[6]_inst_i_184/O
                         net (fo=1, routed)           0.000    31.983    coin_inst/SEG_OBUF[6]_inst_i_184_n_0
    SLICE_X10Y84         CARRY4 (Prop_carry4_S[0]_O[0])
                                                      0.252    32.235 r  coin_inst/SEG_OBUF[6]_inst_i_105/O[0]
                         net (fo=3, routed)           0.874    33.109    coin_inst/SEG_OBUF[6]_inst_i_105_n_7
    SLICE_X10Y82         LUT6 (Prop_lut6_I0_O)        0.295    33.404 r  coin_inst/SEG_OBUF[6]_inst_i_68/O
                         net (fo=1, routed)           0.833    34.237    coin_inst/SEG_OBUF[6]_inst_i_68_n_0
    SLICE_X4Y82          LUT6 (Prop_lut6_I4_O)        0.124    34.361 f  coin_inst/SEG_OBUF[6]_inst_i_24/O
                         net (fo=1, routed)           0.820    35.181    fsm_inst/SEG_OBUF[1]_inst_i_2_2
    SLICE_X3Y82          LUT5 (Prop_lut5_I3_O)        0.124    35.305 r  fsm_inst/SEG_OBUF[6]_inst_i_9/O
                         net (fo=15, routed)          1.026    36.331    fsm_inst/SEG_OBUF[6]_inst_i_9_n_0
    SLICE_X7Y87          LUT6 (Prop_lut6_I5_O)        0.124    36.455 r  fsm_inst/SEG_OBUF[5]_inst_i_3/O
                         net (fo=1, routed)           0.881    37.336    fsm_inst/SEG_OBUF[5]_inst_i_3_n_0
    SLICE_X6Y87          LUT2 (Prop_lut2_I1_O)        0.124    37.460 r  fsm_inst/SEG_OBUF[5]_inst_i_1/O
                         net (fo=1, routed)           3.107    40.567    SEG_OBUF[5]
    R10                  OBUF (Prop_obuf_I_O)         3.555    44.122 r  SEG_OBUF[5]_inst/O
                         net (fo=0)                   0.000    44.122    SEG[5]
    R10                                                               r  SEG[5] (OUT)
  -------------------------------------------------------------------    -------------------

Slack:                    inf
  Source:                 coin_inst/amount_reg[9]/C
                            (rising edge-triggered cell FDRE clocked by sys_clk_pin  {rise@0.000ns fall@10.000ns period=20.000ns})
  Destination:            SEG[1]
                            (output port)
  Path Group:             (none)
  Path Type:              Max at Slow Process Corner
  Data Path Delay:        38.867ns  (logic 13.779ns (35.450%)  route 25.089ns (64.550%))
  Logic Levels:           36  (CARRY4=15 LUT2=3 LUT3=4 LUT4=2 LUT5=4 LUT6=7 OBUF=1)
  Clock Uncertainty:      0.025ns  ((TSJ^2 + TIJ^2)^1/2 + DJ) / 2 + PE
    Total System Jitter     (TSJ):    0.050ns
    Total Input Jitter      (TIJ):    0.000ns
    Discrete Jitter          (DJ):    0.000ns
    Phase Error              (PE):    0.000ns

    Location             Delay type                Incr(ns)  Path(ns)    Netlist Resource(s)
  -------------------------------------------------------------------    -------------------
                         (clock sys_clk_pin rise edge)
                                                      0.000     0.000 r  
    E3                                                0.000     0.000 r  clk (IN)
                         net (fo=0)                   0.000     0.000    clk
    E3                   IBUF (Prop_ibuf_I_O)         1.482     1.482 r  clk_IBUF_inst/O
                         net (fo=1, routed)           2.025     3.506    clk_IBUF
    BUFGCTRL_X0Y16       BUFG (Prop_bufg_I_O)         0.096     3.602 r  clk_IBUF_BUFG_inst/O
                         net (fo=40, routed)          1.629     5.232    coin_inst/CLK
    SLICE_X10Y73         FDRE                                         r  coin_inst/amount_reg[9]/C
  -------------------------------------------------------------------    -------------------
    SLICE_X10Y73         FDRE (Prop_fdre_C_Q)         0.518     5.750 r  coin_inst/amount_reg[9]/Q
                         net (fo=78, routed)          3.044     8.794    coin_inst/inserted_amount_sig[9]
    SLICE_X9Y66          LUT3 (Prop_lut3_I1_O)        0.124     8.918 f  coin_inst/SEG_OBUF[6]_inst_i_609/O
                         net (fo=2, routed)           0.830     9.748    coin_inst/SEG_OBUF[6]_inst_i_609_n_0
    SLICE_X10Y69         LUT5 (Prop_lut5_I4_O)        0.124     9.872 r  coin_inst/SEG_OBUF[6]_inst_i_477/O
                         net (fo=2, routed)           0.762    10.634    coin_inst/SEG_OBUF[6]_inst_i_477_n_0
    SLICE_X11Y70         LUT6 (Prop_lut6_I0_O)        0.124    10.758 r  coin_inst/SEG_OBUF[6]_inst_i_481/O
                         net (fo=1, routed)           0.000    10.758    coin_inst/SEG_OBUF[6]_inst_i_481_n_0
    SLICE_X11Y70         CARRY4 (Prop_carry4_S[0]_CO[3])
                                                      0.532    11.290 r  coin_inst/SEG_OBUF[6]_inst_i_358/CO[3]
                         net (fo=1, routed)           0.000    11.290    coin_inst/SEG_OBUF[6]_inst_i_358_n_0
    SLICE_X11Y71         CARRY4 (Prop_carry4_CI_O[2])
                                                      0.239    11.529 f  coin_inst/SEG_OBUF[6]_inst_i_250/O[2]
                         net (fo=24, routed)          1.325    12.855    coin_inst/SEG_OBUF[6]_inst_i_250_n_5
    SLICE_X12Y74         LUT3 (Prop_lut3_I0_O)        0.328    13.183 r  coin_inst/SEG_OBUF[6]_inst_i_611/O
                         net (fo=2, routed)           0.707    13.890    coin_inst/SEG_OBUF[6]_inst_i_611_n_0
    SLICE_X10Y74         LUT4 (Prop_lut4_I3_O)        0.328    14.218 r  coin_inst/SEG_OBUF[6]_inst_i_614/O
                         net (fo=1, routed)           0.000    14.218    coin_inst/SEG_OBUF[6]_inst_i_614_n_0
    SLICE_X10Y74         CARRY4 (Prop_carry4_S[3]_CO[3])
                                                      0.376    14.594 r  coin_inst/SEG_OBUF[6]_inst_i_482/CO[3]
                         net (fo=1, routed)           0.009    14.603    coin_inst/SEG_OBUF[6]_inst_i_482_n_0
    SLICE_X10Y75         CARRY4 (Prop_carry4_CI_O[0])
                                                      0.219    14.822 r  coin_inst/SEG_OBUF[6]_inst_i_367/O[0]
                         net (fo=3, routed)           0.840    15.661    coin_inst/SEG_OBUF[6]_inst_i_367_n_7
    SLICE_X11Y74         LUT3 (Prop_lut3_I1_O)        0.295    15.956 r  coin_inst/SEG_OBUF[6]_inst_i_497/O
                         net (fo=1, routed)           0.000    15.956    coin_inst/SEG_OBUF[6]_inst_i_497_n_0
    SLICE_X11Y74         CARRY4 (Prop_carry4_S[3]_CO[3])
                                                      0.401    16.357 r  coin_inst/SEG_OBUF[6]_inst_i_369/CO[3]
                         net (fo=1, routed)           0.009    16.366    coin_inst/SEG_OBUF[6]_inst_i_369_n_0
    SLICE_X11Y75         CARRY4 (Prop_carry4_CI_CO[2])
                                                      0.228    16.594 f  coin_inst/SEG_OBUF[6]_inst_i_252/CO[2]
                         net (fo=45, routed)          1.039    17.634    coin_inst/SEG_OBUF[6]_inst_i_252_n_1
    SLICE_X15Y76         LUT6 (Prop_lut6_I2_O)        0.313    17.947 r  coin_inst/SEG_OBUF[6]_inst_i_398/O
                         net (fo=48, routed)          1.805    19.752    coin_inst/SEG_OBUF[6]_inst_i_398_n_0
    SLICE_X14Y84         LUT2 (Prop_lut2_I1_O)        0.150    19.902 r  coin_inst/SEG_OBUF[6]_inst_i_267/O
                         net (fo=13, routed)          1.802    21.703    coin_inst/SEG_OBUF[6]_inst_i_267_n_0
    SLICE_X12Y76         LUT5 (Prop_lut5_I0_O)        0.328    22.031 r  coin_inst/SEG_OBUF[6]_inst_i_901/O
                         net (fo=1, routed)           0.000    22.031    coin_inst/SEG_OBUF[6]_inst_i_901_n_0
    SLICE_X12Y76         CARRY4 (Prop_carry4_S[0]_CO[3])
                                                      0.513    22.544 r  coin_inst/SEG_OBUF[6]_inst_i_845/CO[3]
                         net (fo=1, routed)           0.000    22.544    coin_inst/SEG_OBUF[6]_inst_i_845_n_0
    SLICE_X12Y77         CARRY4 (Prop_carry4_CI_CO[3])
                                                      0.117    22.661 r  coin_inst/SEG_OBUF[6]_inst_i_766/CO[3]
                         net (fo=1, routed)           0.000    22.661    coin_inst/SEG_OBUF[6]_inst_i_766_n_0
    SLICE_X12Y78         CARRY4 (Prop_carry4_CI_CO[1])
                                                      0.157    22.818 f  coin_inst/SEG_OBUF[6]_inst_i_641/CO[1]
                         net (fo=47, routed)          1.461    24.279    coin_inst/SEG_OBUF[6]_inst_i_641_n_2
    SLICE_X15Y83         LUT6 (Prop_lut6_I5_O)        0.332    24.611 r  coin_inst/SEG_OBUF[6]_inst_i_664/O
                         net (fo=2, routed)           0.814    25.425    coin_inst/SEG_OBUF[6]_inst_i_664_n_0
    SLICE_X13Y83         LUT4 (Prop_lut4_I3_O)        0.124    25.549 r  coin_inst/SEG_OBUF[6]_inst_i_667/O
                         net (fo=1, routed)           0.000    25.549    coin_inst/SEG_OBUF[6]_inst_i_667_n_0
    SLICE_X13Y83         CARRY4 (Prop_carry4_S[3]_CO[3])
                                                      0.401    25.950 r  coin_inst/SEG_OBUF[6]_inst_i_519/CO[3]
                         net (fo=1, routed)           0.000    25.950    coin_inst/SEG_OBUF[6]_inst_i_519_n_0
    SLICE_X13Y84         CARRY4 (Prop_carry4_CI_O[1])
                                                      0.334    26.284 r  coin_inst/SEG_OBUF[6]_inst_i_517/O[1]
                         net (fo=4, routed)           1.023    27.307    coin_inst/SEG_OBUF[6]_inst_i_517_n_6
    SLICE_X14Y82         LUT3 (Prop_lut3_I0_O)        0.303    27.610 r  coin_inst/SEG_OBUF[6]_inst_i_522/O
                         net (fo=1, routed)           0.819    28.428    coin_inst/SEG_OBUF[6]_inst_i_522_n_0
    SLICE_X13Y81         LUT6 (Prop_lut6_I2_O)        0.124    28.552 r  coin_inst/SEG_OBUF[6]_inst_i_381/O
                         net (fo=1, routed)           0.000    28.552    coin_inst/SEG_OBUF[6]_inst_i_381_n_0
    SLICE_X13Y81         CARRY4 (Prop_carry4_S[3]_CO[3])
                                                      0.401    28.953 r  coin_inst/SEG_OBUF[6]_inst_i_254/CO[3]
                         net (fo=1, routed)           0.000    28.953    coin_inst/SEG_OBUF[6]_inst_i_254_n_0
    SLICE_X13Y82         CARRY4 (Prop_carry4_CI_O[1])
                                                      0.334    29.287 r  coin_inst/SEG_OBUF[6]_inst_i_373/O[1]
                         net (fo=2, routed)           0.673    29.960    coin_inst/SEG_OBUF[6]_inst_i_373_n_6
    SLICE_X14Y83         LUT2 (Prop_lut2_I0_O)        0.303    30.263 r  coin_inst/SEG_OBUF[6]_inst_i_375/O
                         net (fo=1, routed)           0.000    30.263    coin_inst/SEG_OBUF[6]_inst_i_375_n_0
    SLICE_X14Y83         CARRY4 (Prop_carry4_S[1]_O[2])
                                                      0.578    30.841 r  coin_inst/SEG_OBUF[6]_inst_i_253/O[2]
                         net (fo=1, routed)           0.841    31.682    coin_inst/SEG_OBUF[6]_inst_i_253_n_5
    SLICE_X10Y84         LUT2 (Prop_lut2_I0_O)        0.301    31.983 r  coin_inst/SEG_OBUF[6]_inst_i_184/O
                         net (fo=1, routed)           0.000    31.983    coin_inst/SEG_OBUF[6]_inst_i_184_n_0
    SLICE_X10Y84         CARRY4 (Prop_carry4_S[0]_O[0])
                                                      0.252    32.235 r  coin_inst/SEG_OBUF[6]_inst_i_105/O[0]
                         net (fo=3, routed)           0.671    32.906    coin_inst/SEG_OBUF[6]_inst_i_105_n_7
    SLICE_X10Y82         LUT6 (Prop_lut6_I2_O)        0.295    33.201 r  coin_inst/SEG_OBUF[6]_inst_i_77/O
                         net (fo=1, routed)           1.046    34.247    coin_inst/SEG_OBUF[6]_inst_i_77_n_0
    SLICE_X6Y81          LUT6 (Prop_lut6_I4_O)        0.124    34.371 f  coin_inst/SEG_OBUF[6]_inst_i_29/O
                         net (fo=1, routed)           0.950    35.320    fsm_inst/SEG_OBUF[1]_inst_i_6_1
    SLICE_X6Y81          LUT5 (Prop_lut5_I3_O)        0.124    35.444 r  fsm_inst/SEG_OBUF[6]_inst_i_10/O
                         net (fo=18, routed)          1.349    36.793    fsm_inst/digit_index_reg[1]__0
    SLICE_X8Y87          LUT5 (Prop_lut5_I3_O)        0.146    36.939 r  fsm_inst/SEG_OBUF[1]_inst_i_7/O
                         net (fo=1, routed)           0.469    37.408    fsm_inst/SEG_OBUF[1]_inst_i_7_n_0
    SLICE_X8Y87          LUT6 (Prop_lut6_I5_O)        0.328    37.736 r  fsm_inst/SEG_OBUF[1]_inst_i_1/O
                         net (fo=1, routed)           2.802    40.538    SEG_OBUF[1]
    T11                  OBUF (Prop_obuf_I_O)         3.561    44.099 r  SEG_OBUF[1]_inst/O
                         net (fo=0)                   0.000    44.099    SEG[1]
    T11                                                               r  SEG[1] (OUT)
  -------------------------------------------------------------------    -------------------

Slack:                    inf
  Source:                 coin_inst/amount_reg[9]/C
                            (rising edge-triggered cell FDRE clocked by sys_clk_pin  {rise@0.000ns fall@10.000ns period=20.000ns})
  Destination:            SEG[2]
                            (output port)
  Path Group:             (none)
  Path Type:              Max at Slow Process Corner
  Data Path Delay:        38.570ns  (logic 13.526ns (35.068%)  route 25.044ns (64.932%))
  Logic Levels:           36  (CARRY4=15 LUT2=3 LUT3=5 LUT4=2 LUT5=4 LUT6=6 OBUF=1)
  Clock Uncertainty:      0.025ns  ((TSJ^2 + TIJ^2)^1/2 + DJ) / 2 + PE
    Total System Jitter     (TSJ):    0.050ns
    Total Input Jitter      (TIJ):    0.000ns
    Discrete Jitter          (DJ):    0.000ns
    Phase Error              (PE):    0.000ns

    Location             Delay type                Incr(ns)  Path(ns)    Netlist Resource(s)
  -------------------------------------------------------------------    -------------------
                         (clock sys_clk_pin rise edge)
                                                      0.000     0.000 r  
    E3                                                0.000     0.000 r  clk (IN)
                         net (fo=0)                   0.000     0.000    clk
    E3                   IBUF (Prop_ibuf_I_O)         1.482     1.482 r  clk_IBUF_inst/O
                         net (fo=1, routed)           2.025     3.506    clk_IBUF
    BUFGCTRL_X0Y16       BUFG (Prop_bufg_I_O)         0.096     3.602 r  clk_IBUF_BUFG_inst/O
                         net (fo=40, routed)          1.629     5.232    coin_inst/CLK
    SLICE_X10Y73         FDRE                                         r  coin_inst/amount_reg[9]/C
  -------------------------------------------------------------------    -------------------
    SLICE_X10Y73         FDRE (Prop_fdre_C_Q)         0.518     5.750 r  coin_inst/amount_reg[9]/Q
                         net (fo=78, routed)          3.044     8.794    coin_inst/inserted_amount_sig[9]
    SLICE_X9Y66          LUT3 (Prop_lut3_I1_O)        0.124     8.918 f  coin_inst/SEG_OBUF[6]_inst_i_609/O
                         net (fo=2, routed)           0.830     9.748    coin_inst/SEG_OBUF[6]_inst_i_609_n_0
    SLICE_X10Y69         LUT5 (Prop_lut5_I4_O)        0.124     9.872 r  coin_inst/SEG_OBUF[6]_inst_i_477/O
                         net (fo=2, routed)           0.762    10.634    coin_inst/SEG_OBUF[6]_inst_i_477_n_0
    SLICE_X11Y70         LUT6 (Prop_lut6_I0_O)        0.124    10.758 r  coin_inst/SEG_OBUF[6]_inst_i_481/O
                         net (fo=1, routed)           0.000    10.758    coin_inst/SEG_OBUF[6]_inst_i_481_n_0
    SLICE_X11Y70         CARRY4 (Prop_carry4_S[0]_CO[3])
                                                      0.532    11.290 r  coin_inst/SEG_OBUF[6]_inst_i_358/CO[3]
                         net (fo=1, routed)           0.000    11.290    coin_inst/SEG_OBUF[6]_inst_i_358_n_0
    SLICE_X11Y71         CARRY4 (Prop_carry4_CI_O[2])
                                                      0.239    11.529 f  coin_inst/SEG_OBUF[6]_inst_i_250/O[2]
                         net (fo=24, routed)          1.325    12.855    coin_inst/SEG_OBUF[6]_inst_i_250_n_5
    SLICE_X12Y74         LUT3 (Prop_lut3_I0_O)        0.328    13.183 r  coin_inst/SEG_OBUF[6]_inst_i_611/O
                         net (fo=2, routed)           0.707    13.890    coin_inst/SEG_OBUF[6]_inst_i_611_n_0
    SLICE_X10Y74         LUT4 (Prop_lut4_I3_O)        0.328    14.218 r  coin_inst/SEG_OBUF[6]_inst_i_614/O
                         net (fo=1, routed)           0.000    14.218    coin_inst/SEG_OBUF[6]_inst_i_614_n_0
    SLICE_X10Y74         CARRY4 (Prop_carry4_S[3]_CO[3])
                                                      0.376    14.594 r  coin_inst/SEG_OBUF[6]_inst_i_482/CO[3]
                         net (fo=1, routed)           0.009    14.603    coin_inst/SEG_OBUF[6]_inst_i_482_n_0
    SLICE_X10Y75         CARRY4 (Prop_carry4_CI_O[0])
                                                      0.219    14.822 r  coin_inst/SEG_OBUF[6]_inst_i_367/O[0]
                         net (fo=3, routed)           0.840    15.661    coin_inst/SEG_OBUF[6]_inst_i_367_n_7
    SLICE_X11Y74         LUT3 (Prop_lut3_I1_O)        0.295    15.956 r  coin_inst/SEG_OBUF[6]_inst_i_497/O
                         net (fo=1, routed)           0.000    15.956    coin_inst/SEG_OBUF[6]_inst_i_497_n_0
    SLICE_X11Y74         CARRY4 (Prop_carry4_S[3]_CO[3])
                                                      0.401    16.357 r  coin_inst/SEG_OBUF[6]_inst_i_369/CO[3]
                         net (fo=1, routed)           0.009    16.366    coin_inst/SEG_OBUF[6]_inst_i_369_n_0
    SLICE_X11Y75         CARRY4 (Prop_carry4_CI_CO[2])
                                                      0.228    16.594 f  coin_inst/SEG_OBUF[6]_inst_i_252/CO[2]
                         net (fo=45, routed)          1.039    17.634    coin_inst/SEG_OBUF[6]_inst_i_252_n_1
    SLICE_X15Y76         LUT6 (Prop_lut6_I2_O)        0.313    17.947 r  coin_inst/SEG_OBUF[6]_inst_i_398/O
                         net (fo=48, routed)          1.805    19.752    coin_inst/SEG_OBUF[6]_inst_i_398_n_0
    SLICE_X14Y84         LUT2 (Prop_lut2_I1_O)        0.150    19.902 r  coin_inst/SEG_OBUF[6]_inst_i_267/O
                         net (fo=13, routed)          1.802    21.703    coin_inst/SEG_OBUF[6]_inst_i_267_n_0
    SLICE_X12Y76         LUT5 (Prop_lut5_I0_O)        0.328    22.031 r  coin_inst/SEG_OBUF[6]_inst_i_901/O
                         net (fo=1, routed)           0.000    22.031    coin_inst/SEG_OBUF[6]_inst_i_901_n_0
    SLICE_X12Y76         CARRY4 (Prop_carry4_S[0]_CO[3])
                                                      0.513    22.544 r  coin_inst/SEG_OBUF[6]_inst_i_845/CO[3]
                         net (fo=1, routed)           0.000    22.544    coin_inst/SEG_OBUF[6]_inst_i_845_n_0
    SLICE_X12Y77         CARRY4 (Prop_carry4_CI_CO[3])
                                                      0.117    22.661 r  coin_inst/SEG_OBUF[6]_inst_i_766/CO[3]
                         net (fo=1, routed)           0.000    22.661    coin_inst/SEG_OBUF[6]_inst_i_766_n_0
    SLICE_X12Y78         CARRY4 (Prop_carry4_CI_CO[1])
                                                      0.157    22.818 f  coin_inst/SEG_OBUF[6]_inst_i_641/CO[1]
                         net (fo=47, routed)          1.461    24.279    coin_inst/SEG_OBUF[6]_inst_i_641_n_2
    SLICE_X15Y83         LUT6 (Prop_lut6_I5_O)        0.332    24.611 r  coin_inst/SEG_OBUF[6]_inst_i_664/O
                         net (fo=2, routed)           0.814    25.425    coin_inst/SEG_OBUF[6]_inst_i_664_n_0
    SLICE_X13Y83         LUT4 (Prop_lut4_I3_O)        0.124    25.549 r  coin_inst/SEG_OBUF[6]_inst_i_667/O
                         net (fo=1, routed)           0.000    25.549    coin_inst/SEG_OBUF[6]_inst_i_667_n_0
    SLICE_X13Y83         CARRY4 (Prop_carry4_S[3]_CO[3])
                                                      0.401    25.950 r  coin_inst/SEG_OBUF[6]_inst_i_519/CO[3]
                         net (fo=1, routed)           0.000    25.950    coin_inst/SEG_OBUF[6]_inst_i_519_n_0
    SLICE_X13Y84         CARRY4 (Prop_carry4_CI_O[1])
                                                      0.334    26.284 r  coin_inst/SEG_OBUF[6]_inst_i_517/O[1]
                         net (fo=4, routed)           1.023    27.307    coin_inst/SEG_OBUF[6]_inst_i_517_n_6
    SLICE_X14Y82         LUT3 (Prop_lut3_I0_O)        0.303    27.610 r  coin_inst/SEG_OBUF[6]_inst_i_522/O
                         net (fo=1, routed)           0.819    28.428    coin_inst/SEG_OBUF[6]_inst_i_522_n_0
    SLICE_X13Y81         LUT6 (Prop_lut6_I2_O)        0.124    28.552 r  coin_inst/SEG_OBUF[6]_inst_i_381/O
                         net (fo=1, routed)           0.000    28.552    coin_inst/SEG_OBUF[6]_inst_i_381_n_0
    SLICE_X13Y81         CARRY4 (Prop_carry4_S[3]_CO[3])
                                                      0.401    28.953 r  coin_inst/SEG_OBUF[6]_inst_i_254/CO[3]
                         net (fo=1, routed)           0.000    28.953    coin_inst/SEG_OBUF[6]_inst_i_254_n_0
    SLICE_X13Y82         CARRY4 (Prop_carry4_CI_O[1])
                                                      0.334    29.287 r  coin_inst/SEG_OBUF[6]_inst_i_373/O[1]
                         net (fo=2, routed)           0.673    29.960    coin_inst/SEG_OBUF[6]_inst_i_373_n_6
    SLICE_X14Y83         LUT2 (Prop_lut2_I0_O)        0.303    30.263 r  coin_inst/SEG_OBUF[6]_inst_i_375/O
                         net (fo=1, routed)           0.000    30.263    coin_inst/SEG_OBUF[6]_inst_i_375_n_0
    SLICE_X14Y83         CARRY4 (Prop_carry4_S[1]_O[2])
                                                      0.578    30.841 r  coin_inst/SEG_OBUF[6]_inst_i_253/O[2]
                         net (fo=1, routed)           0.841    31.682    coin_inst/SEG_OBUF[6]_inst_i_253_n_5
    SLICE_X10Y84         LUT2 (Prop_lut2_I0_O)        0.301    31.983 r  coin_inst/SEG_OBUF[6]_inst_i_184/O
                         net (fo=1, routed)           0.000    31.983    coin_inst/SEG_OBUF[6]_inst_i_184_n_0
    SLICE_X10Y84         CARRY4 (Prop_carry4_S[0]_O[0])
                                                      0.252    32.235 r  coin_inst/SEG_OBUF[6]_inst_i_105/O[0]
                         net (fo=3, routed)           0.671    32.906    coin_inst/SEG_OBUF[6]_inst_i_105_n_7
    SLICE_X10Y82         LUT6 (Prop_lut6_I2_O)        0.295    33.201 r  coin_inst/SEG_OBUF[6]_inst_i_77/O
                         net (fo=1, routed)           1.046    34.247    coin_inst/SEG_OBUF[6]_inst_i_77_n_0
    SLICE_X6Y81          LUT6 (Prop_lut6_I4_O)        0.124    34.371 f  coin_inst/SEG_OBUF[6]_inst_i_29/O
                         net (fo=1, routed)           0.950    35.320    fsm_inst/SEG_OBUF[1]_inst_i_6_1
    SLICE_X6Y81          LUT5 (Prop_lut5_I3_O)        0.124    35.444 r  fsm_inst/SEG_OBUF[6]_inst_i_10/O
                         net (fo=18, routed)          1.332    36.776    fsm_inst/digit_index_reg[1]__0
    SLICE_X8Y88          LUT5 (Prop_lut5_I0_O)        0.124    36.900 r  fsm_inst/SEG_OBUF[2]_inst_i_3/O
                         net (fo=1, routed)           0.689    37.589    fsm_inst/SEG_OBUF[2]_inst_i_3_n_0
    SLICE_X8Y88          LUT3 (Prop_lut3_I1_O)        0.124    37.713 r  fsm_inst/SEG_OBUF[2]_inst_i_1/O
                         net (fo=1, routed)           2.555    40.268    SEG_OBUF[2]
    P15                  OBUF (Prop_obuf_I_O)         3.534    43.801 r  SEG_OBUF[2]_inst/O
                         net (fo=0)                   0.000    43.801    SEG[2]
    P15                                                               r  SEG[2] (OUT)
  -------------------------------------------------------------------    -------------------

Slack:                    inf
  Source:                 coin_inst/amount_reg[9]/C
                            (rising edge-triggered cell FDRE clocked by sys_clk_pin  {rise@0.000ns fall@10.000ns period=20.000ns})
  Destination:            SEG[0]
                            (output port)
  Path Group:             (none)
  Path Type:              Max at Slow Process Corner
  Data Path Delay:        38.377ns  (logic 13.759ns (35.853%)  route 24.617ns (64.147%))
  Logic Levels:           36  (CARRY4=15 LUT2=4 LUT3=4 LUT4=2 LUT5=3 LUT6=7 OBUF=1)
  Clock Uncertainty:      0.025ns  ((TSJ^2 + TIJ^2)^1/2 + DJ) / 2 + PE
    Total System Jitter     (TSJ):    0.050ns
    Total Input Jitter      (TIJ):    0.000ns
    Discrete Jitter          (DJ):    0.000ns
    Phase Error              (PE):    0.000ns

    Location             Delay type                Incr(ns)  Path(ns)    Netlist Resource(s)
  -------------------------------------------------------------------    -------------------
                         (clock sys_clk_pin rise edge)
                                                      0.000     0.000 r  
    E3                                                0.000     0.000 r  clk (IN)
                         net (fo=0)                   0.000     0.000    clk
    E3                   IBUF (Prop_ibuf_I_O)         1.482     1.482 r  clk_IBUF_inst/O
                         net (fo=1, routed)           2.025     3.506    clk_IBUF
    BUFGCTRL_X0Y16       BUFG (Prop_bufg_I_O)         0.096     3.602 r  clk_IBUF_BUFG_inst/O
                         net (fo=40, routed)          1.629     5.232    coin_inst/CLK
    SLICE_X10Y73         FDRE                                         r  coin_inst/amount_reg[9]/C
  -------------------------------------------------------------------    -------------------
    SLICE_X10Y73         FDRE (Prop_fdre_C_Q)         0.518     5.750 r  coin_inst/amount_reg[9]/Q
                         net (fo=78, routed)          3.044     8.794    coin_inst/inserted_amount_sig[9]
    SLICE_X9Y66          LUT3 (Prop_lut3_I1_O)        0.124     8.918 f  coin_inst/SEG_OBUF[6]_inst_i_609/O
                         net (fo=2, routed)           0.830     9.748    coin_inst/SEG_OBUF[6]_inst_i_609_n_0
    SLICE_X10Y69         LUT5 (Prop_lut5_I4_O)        0.124     9.872 r  coin_inst/SEG_OBUF[6]_inst_i_477/O
                         net (fo=2, routed)           0.762    10.634    coin_inst/SEG_OBUF[6]_inst_i_477_n_0
    SLICE_X11Y70         LUT6 (Prop_lut6_I0_O)        0.124    10.758 r  coin_inst/SEG_OBUF[6]_inst_i_481/O
                         net (fo=1, routed)           0.000    10.758    coin_inst/SEG_OBUF[6]_inst_i_481_n_0
    SLICE_X11Y70         CARRY4 (Prop_carry4_S[0]_CO[3])
                                                      0.532    11.290 r  coin_inst/SEG_OBUF[6]_inst_i_358/CO[3]
                         net (fo=1, routed)           0.000    11.290    coin_inst/SEG_OBUF[6]_inst_i_358_n_0
    SLICE_X11Y71         CARRY4 (Prop_carry4_CI_O[2])
                                                      0.239    11.529 f  coin_inst/SEG_OBUF[6]_inst_i_250/O[2]
                         net (fo=24, routed)          1.325    12.855    coin_inst/SEG_OBUF[6]_inst_i_250_n_5
    SLICE_X12Y74         LUT3 (Prop_lut3_I0_O)        0.328    13.183 r  coin_inst/SEG_OBUF[6]_inst_i_611/O
                         net (fo=2, routed)           0.707    13.890    coin_inst/SEG_OBUF[6]_inst_i_611_n_0
    SLICE_X10Y74         LUT4 (Prop_lut4_I3_O)        0.328    14.218 r  coin_inst/SEG_OBUF[6]_inst_i_614/O
                         net (fo=1, routed)           0.000    14.218    coin_inst/SEG_OBUF[6]_inst_i_614_n_0
    SLICE_X10Y74         CARRY4 (Prop_carry4_S[3]_CO[3])
                                                      0.376    14.594 r  coin_inst/SEG_OBUF[6]_inst_i_482/CO[3]
                         net (fo=1, routed)           0.009    14.603    coin_inst/SEG_OBUF[6]_inst_i_482_n_0
    SLICE_X10Y75         CARRY4 (Prop_carry4_CI_O[0])
                                                      0.219    14.822 r  coin_inst/SEG_OBUF[6]_inst_i_367/O[0]
                         net (fo=3, routed)           0.840    15.661    coin_inst/SEG_OBUF[6]_inst_i_367_n_7
    SLICE_X11Y74         LUT3 (Prop_lut3_I1_O)        0.295    15.956 r  coin_inst/SEG_OBUF[6]_inst_i_497/O
                         net (fo=1, routed)           0.000    15.956    coin_inst/SEG_OBUF[6]_inst_i_497_n_0
    SLICE_X11Y74         CARRY4 (Prop_carry4_S[3]_CO[3])
                                                      0.401    16.357 r  coin_inst/SEG_OBUF[6]_inst_i_369/CO[3]
                         net (fo=1, routed)           0.009    16.366    coin_inst/SEG_OBUF[6]_inst_i_369_n_0
    SLICE_X11Y75         CARRY4 (Prop_carry4_CI_CO[2])
                                                      0.228    16.594 f  coin_inst/SEG_OBUF[6]_inst_i_252/CO[2]
                         net (fo=45, routed)          1.039    17.634    coin_inst/SEG_OBUF[6]_inst_i_252_n_1
    SLICE_X15Y76         LUT6 (Prop_lut6_I2_O)        0.313    17.947 r  coin_inst/SEG_OBUF[6]_inst_i_398/O
                         net (fo=48, routed)          1.805    19.752    coin_inst/SEG_OBUF[6]_inst_i_398_n_0
    SLICE_X14Y84         LUT2 (Prop_lut2_I1_O)        0.150    19.902 r  coin_inst/SEG_OBUF[6]_inst_i_267/O
                         net (fo=13, routed)          1.802    21.703    coin_inst/SEG_OBUF[6]_inst_i_267_n_0
    SLICE_X12Y76         LUT5 (Prop_lut5_I0_O)        0.328    22.031 r  coin_inst/SEG_OBUF[6]_inst_i_901/O
                         net (fo=1, routed)           0.000    22.031    coin_inst/SEG_OBUF[6]_inst_i_901_n_0
    SLICE_X12Y76         CARRY4 (Prop_carry4_S[0]_CO[3])
                                                      0.513    22.544 r  coin_inst/SEG_OBUF[6]_inst_i_845/CO[3]
                         net (fo=1, routed)           0.000    22.544    coin_inst/SEG_OBUF[6]_inst_i_845_n_0
    SLICE_X12Y77         CARRY4 (Prop_carry4_CI_CO[3])
                                                      0.117    22.661 r  coin_inst/SEG_OBUF[6]_inst_i_766/CO[3]
                         net (fo=1, routed)           0.000    22.661    coin_inst/SEG_OBUF[6]_inst_i_766_n_0
    SLICE_X12Y78         CARRY4 (Prop_carry4_CI_CO[1])
                                                      0.157    22.818 f  coin_inst/SEG_OBUF[6]_inst_i_641/CO[1]
                         net (fo=47, routed)          1.461    24.279    coin_inst/SEG_OBUF[6]_inst_i_641_n_2
    SLICE_X15Y83         LUT6 (Prop_lut6_I5_O)        0.332    24.611 r  coin_inst/SEG_OBUF[6]_inst_i_664/O
                         net (fo=2, routed)           0.814    25.425    coin_inst/SEG_OBUF[6]_inst_i_664_n_0
    SLICE_X13Y83         LUT4 (Prop_lut4_I3_O)        0.124    25.549 r  coin_inst/SEG_OBUF[6]_inst_i_667/O
                         net (fo=1, routed)           0.000    25.549    coin_inst/SEG_OBUF[6]_inst_i_667_n_0
    SLICE_X13Y83         CARRY4 (Prop_carry4_S[3]_CO[3])
                                                      0.401    25.950 r  coin_inst/SEG_OBUF[6]_inst_i_519/CO[3]
                         net (fo=1, routed)           0.000    25.950    coin_inst/SEG_OBUF[6]_inst_i_519_n_0
    SLICE_X13Y84         CARRY4 (Prop_carry4_CI_O[1])
                                                      0.334    26.284 r  coin_inst/SEG_OBUF[6]_inst_i_517/O[1]
                         net (fo=4, routed)           1.023    27.307    coin_inst/SEG_OBUF[6]_inst_i_517_n_6
    SLICE_X14Y82         LUT3 (Prop_lut3_I0_O)        0.303    27.610 r  coin_inst/SEG_OBUF[6]_inst_i_522/O
                         net (fo=1, routed)           0.819    28.428    coin_inst/SEG_OBUF[6]_inst_i_522_n_0
    SLICE_X13Y81         LUT6 (Prop_lut6_I2_O)        0.124    28.552 r  coin_inst/SEG_OBUF[6]_inst_i_381/O
                         net (fo=1, routed)           0.000    28.552    coin_inst/SEG_OBUF[6]_inst_i_381_n_0
    SLICE_X13Y81         CARRY4 (Prop_carry4_S[3]_CO[3])
                                                      0.401    28.953 r  coin_inst/SEG_OBUF[6]_inst_i_254/CO[3]
                         net (fo=1, routed)           0.000    28.953    coin_inst/SEG_OBUF[6]_inst_i_254_n_0
    SLICE_X13Y82         CARRY4 (Prop_carry4_CI_O[1])
                                                      0.334    29.287 r  coin_inst/SEG_OBUF[6]_inst_i_373/O[1]
                         net (fo=2, routed)           0.673    29.960    coin_inst/SEG_OBUF[6]_inst_i_373_n_6
    SLICE_X14Y83         LUT2 (Prop_lut2_I0_O)        0.303    30.263 r  coin_inst/SEG_OBUF[6]_inst_i_375/O
                         net (fo=1, routed)           0.000    30.263    coin_inst/SEG_OBUF[6]_inst_i_375_n_0
    SLICE_X14Y83         CARRY4 (Prop_carry4_S[1]_O[2])
                                                      0.578    30.841 r  coin_inst/SEG_OBUF[6]_inst_i_253/O[2]
                         net (fo=1, routed)           0.841    31.682    coin_inst/SEG_OBUF[6]_inst_i_253_n_5
    SLICE_X10Y84         LUT2 (Prop_lut2_I0_O)        0.301    31.983 r  coin_inst/SEG_OBUF[6]_inst_i_184/O
                         net (fo=1, routed)           0.000    31.983    coin_inst/SEG_OBUF[6]_inst_i_184_n_0
    SLICE_X10Y84         CARRY4 (Prop_carry4_S[0]_O[0])
                                                      0.252    32.235 r  coin_inst/SEG_OBUF[6]_inst_i_105/O[0]
                         net (fo=3, routed)           0.671    32.906    coin_inst/SEG_OBUF[6]_inst_i_105_n_7
    SLICE_X10Y82         LUT6 (Prop_lut6_I2_O)        0.295    33.201 f  coin_inst/SEG_OBUF[6]_inst_i_77/O
                         net (fo=1, routed)           1.046    34.247    coin_inst/SEG_OBUF[6]_inst_i_77_n_0
    SLICE_X6Y81          LUT6 (Prop_lut6_I4_O)        0.124    34.371 r  coin_inst/SEG_OBUF[6]_inst_i_29/O
                         net (fo=1, routed)           0.950    35.320    fsm_inst/SEG_OBUF[1]_inst_i_6_1
    SLICE_X6Y81          LUT5 (Prop_lut5_I3_O)        0.124    35.444 f  fsm_inst/SEG_OBUF[6]_inst_i_10/O
                         net (fo=18, routed)          1.332    36.776    fsm_inst/digit_index_reg[1]__0
    SLICE_X8Y88          LUT2 (Prop_lut2_I0_O)        0.150    36.926 r  fsm_inst/SEG_OBUF[6]_inst_i_6/O
                         net (fo=2, routed)           0.833    37.759    fsm_inst/SEG_OBUF[6]_inst_i_6_n_0
    SLICE_X8Y87          LUT6 (Prop_lut6_I2_O)        0.328    38.087 r  fsm_inst/SEG_OBUF[0]_inst_i_1/O
                         net (fo=1, routed)           1.985    40.071    SEG_OBUF[0]
    L18                  OBUF (Prop_obuf_I_O)         3.537    43.608 r  SEG_OBUF[0]_inst/O
                         net (fo=0)                   0.000    43.608    SEG[0]
    L18                                                               r  SEG[0] (OUT)
  -------------------------------------------------------------------    -------------------

Slack:                    inf
  Source:                 coin_inst/amount_reg[9]/C
                            (rising edge-triggered cell FDRE clocked by sys_clk_pin  {rise@0.000ns fall@10.000ns period=20.000ns})
  Destination:            SEG[4]
                            (output port)
  Path Group:             (none)
  Path Type:              Max at Slow Process Corner
  Data Path Delay:        37.596ns  (logic 13.485ns (35.868%)  route 24.111ns (64.132%))
  Logic Levels:           36  (CARRY4=15 LUT2=4 LUT3=4 LUT4=2 LUT5=3 LUT6=7 OBUF=1)
  Clock Uncertainty:      0.025ns  ((TSJ^2 + TIJ^2)^1/2 + DJ) / 2 + PE
    Total System Jitter     (TSJ):    0.050ns
    Total Input Jitter      (TIJ):    0.000ns
    Discrete Jitter          (DJ):    0.000ns
    Phase Error              (PE):    0.000ns

    Location             Delay type                Incr(ns)  Path(ns)    Netlist Resource(s)
  -------------------------------------------------------------------    -------------------
                         (clock sys_clk_pin rise edge)
                                                      0.000     0.000 r  
    E3                                                0.000     0.000 r  clk (IN)
                         net (fo=0)                   0.000     0.000    clk
    E3                   IBUF (Prop_ibuf_I_O)         1.482     1.482 r  clk_IBUF_inst/O
                         net (fo=1, routed)           2.025     3.506    clk_IBUF
    BUFGCTRL_X0Y16       BUFG (Prop_bufg_I_O)         0.096     3.602 r  clk_IBUF_BUFG_inst/O
                         net (fo=40, routed)          1.629     5.232    coin_inst/CLK
    SLICE_X10Y73         FDRE                                         r  coin_inst/amount_reg[9]/C
  -------------------------------------------------------------------    -------------------
    SLICE_X10Y73         FDRE (Prop_fdre_C_Q)         0.518     5.750 r  coin_inst/amount_reg[9]/Q
                         net (fo=78, routed)          3.044     8.794    coin_inst/inserted_amount_sig[9]
    SLICE_X9Y66          LUT3 (Prop_lut3_I1_O)        0.124     8.918 f  coin_inst/SEG_OBUF[6]_inst_i_609/O
                         net (fo=2, routed)           0.830     9.748    coin_inst/SEG_OBUF[6]_inst_i_609_n_0
    SLICE_X10Y69         LUT5 (Prop_lut5_I4_O)        0.124     9.872 r  coin_inst/SEG_OBUF[6]_inst_i_477/O
                         net (fo=2, routed)           0.762    10.634    coin_inst/SEG_OBUF[6]_inst_i_477_n_0
    SLICE_X11Y70         LUT6 (Prop_lut6_I0_O)        0.124    10.758 r  coin_inst/SEG_OBUF[6]_inst_i_481/O
                         net (fo=1, routed)           0.000    10.758    coin_inst/SEG_OBUF[6]_inst_i_481_n_0
    SLICE_X11Y70         CARRY4 (Prop_carry4_S[0]_CO[3])
                                                      0.532    11.290 r  coin_inst/SEG_OBUF[6]_inst_i_358/CO[3]
                         net (fo=1, routed)           0.000    11.290    coin_inst/SEG_OBUF[6]_inst_i_358_n_0
    SLICE_X11Y71         CARRY4 (Prop_carry4_CI_O[2])
                                                      0.239    11.529 f  coin_inst/SEG_OBUF[6]_inst_i_250/O[2]
                         net (fo=24, routed)          1.325    12.855    coin_inst/SEG_OBUF[6]_inst_i_250_n_5
    SLICE_X12Y74         LUT3 (Prop_lut3_I0_O)        0.328    13.183 r  coin_inst/SEG_OBUF[6]_inst_i_611/O
                         net (fo=2, routed)           0.707    13.890    coin_inst/SEG_OBUF[6]_inst_i_611_n_0
    SLICE_X10Y74         LUT4 (Prop_lut4_I3_O)        0.328    14.218 r  coin_inst/SEG_OBUF[6]_inst_i_614/O
                         net (fo=1, routed)           0.000    14.218    coin_inst/SEG_OBUF[6]_inst_i_614_n_0
    SLICE_X10Y74         CARRY4 (Prop_carry4_S[3]_CO[3])
                                                      0.376    14.594 r  coin_inst/SEG_OBUF[6]_inst_i_482/CO[3]
                         net (fo=1, routed)           0.009    14.603    coin_inst/SEG_OBUF[6]_inst_i_482_n_0
    SLICE_X10Y75         CARRY4 (Prop_carry4_CI_O[0])
                                                      0.219    14.822 r  coin_inst/SEG_OBUF[6]_inst_i_367/O[0]
                         net (fo=3, routed)           0.840    15.661    coin_inst/SEG_OBUF[6]_inst_i_367_n_7
    SLICE_X11Y74         LUT3 (Prop_lut3_I1_O)        0.295    15.956 r  coin_inst/SEG_OBUF[6]_inst_i_497/O
                         net (fo=1, routed)           0.000    15.956    coin_inst/SEG_OBUF[6]_inst_i_497_n_0
    SLICE_X11Y74         CARRY4 (Prop_carry4_S[3]_CO[3])
                                                      0.401    16.357 r  coin_inst/SEG_OBUF[6]_inst_i_369/CO[3]
                         net (fo=1, routed)           0.009    16.366    coin_inst/SEG_OBUF[6]_inst_i_369_n_0
    SLICE_X11Y75         CARRY4 (Prop_carry4_CI_CO[2])
                                                      0.228    16.594 f  coin_inst/SEG_OBUF[6]_inst_i_252/CO[2]
                         net (fo=45, routed)          1.039    17.634    coin_inst/SEG_OBUF[6]_inst_i_252_n_1
    SLICE_X15Y76         LUT6 (Prop_lut6_I2_O)        0.313    17.947 r  coin_inst/SEG_OBUF[6]_inst_i_398/O
                         net (fo=48, routed)          1.805    19.752    coin_inst/SEG_OBUF[6]_inst_i_398_n_0
    SLICE_X14Y84         LUT2 (Prop_lut2_I1_O)        0.150    19.902 r  coin_inst/SEG_OBUF[6]_inst_i_267/O
                         net (fo=13, routed)          1.802    21.703    coin_inst/SEG_OBUF[6]_inst_i_267_n_0
    SLICE_X12Y76         LUT5 (Prop_lut5_I0_O)        0.328    22.031 r  coin_inst/SEG_OBUF[6]_inst_i_901/O
                         net (fo=1, routed)           0.000    22.031    coin_inst/SEG_OBUF[6]_inst_i_901_n_0
    SLICE_X12Y76         CARRY4 (Prop_carry4_S[0]_CO[3])
                                                      0.513    22.544 r  coin_inst/SEG_OBUF[6]_inst_i_845/CO[3]
                         net (fo=1, routed)           0.000    22.544    coin_inst/SEG_OBUF[6]_inst_i_845_n_0
    SLICE_X12Y77         CARRY4 (Prop_carry4_CI_CO[3])
                                                      0.117    22.661 r  coin_inst/SEG_OBUF[6]_inst_i_766/CO[3]
                         net (fo=1, routed)           0.000    22.661    coin_inst/SEG_OBUF[6]_inst_i_766_n_0
    SLICE_X12Y78         CARRY4 (Prop_carry4_CI_CO[1])
                                                      0.157    22.818 f  coin_inst/SEG_OBUF[6]_inst_i_641/CO[1]
                         net (fo=47, routed)          1.461    24.279    coin_inst/SEG_OBUF[6]_inst_i_641_n_2
    SLICE_X15Y83         LUT6 (Prop_lut6_I5_O)        0.332    24.611 r  coin_inst/SEG_OBUF[6]_inst_i_664/O
                         net (fo=2, routed)           0.814    25.425    coin_inst/SEG_OBUF[6]_inst_i_664_n_0
    SLICE_X13Y83         LUT4 (Prop_lut4_I3_O)        0.124    25.549 r  coin_inst/SEG_OBUF[6]_inst_i_667/O
                         net (fo=1, routed)           0.000    25.549    coin_inst/SEG_OBUF[6]_inst_i_667_n_0
    SLICE_X13Y83         CARRY4 (Prop_carry4_S[3]_CO[3])
                                                      0.401    25.950 r  coin_inst/SEG_OBUF[6]_inst_i_519/CO[3]
                         net (fo=1, routed)           0.000    25.950    coin_inst/SEG_OBUF[6]_inst_i_519_n_0
    SLICE_X13Y84         CARRY4 (Prop_carry4_CI_O[1])
                                                      0.334    26.284 r  coin_inst/SEG_OBUF[6]_inst_i_517/O[1]
                         net (fo=4, routed)           1.023    27.307    coin_inst/SEG_OBUF[6]_inst_i_517_n_6
    SLICE_X14Y82         LUT3 (Prop_lut3_I0_O)        0.303    27.610 r  coin_inst/SEG_OBUF[6]_inst_i_522/O
                         net (fo=1, routed)           0.819    28.428    coin_inst/SEG_OBUF[6]_inst_i_522_n_0
    SLICE_X13Y81         LUT6 (Prop_lut6_I2_O)        0.124    28.552 r  coin_inst/SEG_OBUF[6]_inst_i_381/O
                         net (fo=1, routed)           0.000    28.552    coin_inst/SEG_OBUF[6]_inst_i_381_n_0
    SLICE_X13Y81         CARRY4 (Prop_carry4_S[3]_CO[3])
                                                      0.401    28.953 r  coin_inst/SEG_OBUF[6]_inst_i_254/CO[3]
                         net (fo=1, routed)           0.000    28.953    coin_inst/SEG_OBUF[6]_inst_i_254_n_0
    SLICE_X13Y82         CARRY4 (Prop_carry4_CI_O[1])
                                                      0.334    29.287 r  coin_inst/SEG_OBUF[6]_inst_i_373/O[1]
                         net (fo=2, routed)           0.673    29.960    coin_inst/SEG_OBUF[6]_inst_i_373_n_6
    SLICE_X14Y83         LUT2 (Prop_lut2_I0_O)        0.303    30.263 r  coin_inst/SEG_OBUF[6]_inst_i_375/O
                         net (fo=1, routed)           0.000    30.263    coin_inst/SEG_OBUF[6]_inst_i_375_n_0
    SLICE_X14Y83         CARRY4 (Prop_carry4_S[1]_O[2])
                                                      0.578    30.841 r  coin_inst/SEG_OBUF[6]_inst_i_253/O[2]
                         net (fo=1, routed)           0.841    31.682    coin_inst/SEG_OBUF[6]_inst_i_253_n_5
    SLICE_X10Y84         LUT2 (Prop_lut2_I0_O)        0.301    31.983 r  coin_inst/SEG_OBUF[6]_inst_i_184/O
                         net (fo=1, routed)           0.000    31.983    coin_inst/SEG_OBUF[6]_inst_i_184_n_0
    SLICE_X10Y84         CARRY4 (Prop_carry4_S[0]_O[0])
                                                      0.252    32.235 r  coin_inst/SEG_OBUF[6]_inst_i_105/O[0]
                         net (fo=3, routed)           0.874    33.109    coin_inst/SEG_OBUF[6]_inst_i_105_n_7
    SLICE_X10Y82         LUT6 (Prop_lut6_I0_O)        0.295    33.404 r  coin_inst/SEG_OBUF[6]_inst_i_68/O
                         net (fo=1, routed)           0.833    34.237    coin_inst/SEG_OBUF[6]_inst_i_68_n_0
    SLICE_X4Y82          LUT6 (Prop_lut6_I4_O)        0.124    34.361 f  coin_inst/SEG_OBUF[6]_inst_i_24/O
                         net (fo=1, routed)           0.820    35.181    fsm_inst/SEG_OBUF[1]_inst_i_2_2
    SLICE_X3Y82          LUT5 (Prop_lut5_I3_O)        0.124    35.305 r  fsm_inst/SEG_OBUF[6]_inst_i_9/O
                         net (fo=15, routed)          1.040    36.345    fsm_inst/SEG_OBUF[6]_inst_i_9_n_0
    SLICE_X6Y87          LUT6 (Prop_lut6_I4_O)        0.124    36.469 r  fsm_inst/SEG_OBUF[4]_inst_i_3/O
                         net (fo=1, routed)           0.655    37.124    fsm_inst/SEG_OBUF[4]_inst_i_3_n_0
    SLICE_X7Y87          LUT2 (Prop_lut2_I1_O)        0.124    37.248 r  fsm_inst/SEG_OBUF[4]_inst_i_1/O
                         net (fo=1, routed)           2.087    39.334    SEG_OBUF[4]
    K16                  OBUF (Prop_obuf_I_O)         3.493    42.828 r  SEG_OBUF[4]_inst/O
                         net (fo=0)                   0.000    42.828    SEG[4]
    K16                                                               r  SEG[4] (OUT)
  -------------------------------------------------------------------    -------------------

Slack:                    inf
  Source:                 disp_inst/digit_index_reg[2]/C
                            (rising edge-triggered cell FDRE clocked by sys_clk_pin  {rise@0.000ns fall@10.000ns period=20.000ns})
  Destination:            AN[1]
                            (output port)
  Path Group:             (none)
  Path Type:              Max at Slow Process Corner
  Data Path Delay:        9.759ns  (logic 4.160ns (42.621%)  route 5.600ns (57.379%))
  Logic Levels:           2  (LUT3=1 OBUF=1)
  Clock Uncertainty:      0.025ns  ((TSJ^2 + TIJ^2)^1/2 + DJ) / 2 + PE
    Total System Jitter     (TSJ):    0.050ns
    Total Input Jitter      (TIJ):    0.000ns
    Discrete Jitter          (DJ):    0.000ns
    Phase Error              (PE):    0.000ns

    Location             Delay type                Incr(ns)  Path(ns)    Netlist Resource(s)
  -------------------------------------------------------------------    -------------------
                         (clock sys_clk_pin rise edge)
                                                      0.000     0.000 r  
    E3                                                0.000     0.000 r  clk (IN)
                         net (fo=0)                   0.000     0.000    clk
    E3                   IBUF (Prop_ibuf_I_O)         1.482     1.482 r  clk_IBUF_inst/O
                         net (fo=1, routed)           2.025     3.506    clk_IBUF
    BUFGCTRL_X0Y16       BUFG (Prop_bufg_I_O)         0.096     3.602 r  clk_IBUF_BUFG_inst/O
                         net (fo=40, routed)          1.721     5.324    disp_inst/CLK
    SLICE_X2Y87          FDRE                                         r  disp_inst/digit_index_reg[2]/C
  -------------------------------------------------------------------    -------------------
    SLICE_X2Y87          FDRE (Prop_fdre_C_Q)         0.518     5.842 r  disp_inst/digit_index_reg[2]/Q
                         net (fo=10, routed)          0.916     6.757    disp_inst/digit_index_reg_n_0_[2]
    SLICE_X2Y87          LUT3 (Prop_lut3_I0_O)        0.124     6.881 r  disp_inst/AN_OBUF[1]_inst_i_1/O
                         net (fo=1, routed)           4.684    11.565    AN_OBUF[1]
    K2                   OBUF (Prop_obuf_I_O)         3.518    15.083 r  AN_OBUF[1]_inst/O
                         net (fo=0)                   0.000    15.083    AN[1]
    K2                                                                r  AN[1] (OUT)
  -------------------------------------------------------------------    -------------------

Slack:                    inf
  Source:                 fsm_inst/FSM_sequential_current_state_reg[1]/C
                            (rising edge-triggered cell FDCE clocked by sys_clk_pin  {rise@0.000ns fall@10.000ns period=20.000ns})
  Destination:            LED[2]
                            (output port)
  Path Group:             (none)
  Path Type:              Max at Slow Process Corner
  Data Path Delay:        9.555ns  (logic 4.424ns (46.304%)  route 5.130ns (53.696%))
  Logic Levels:           2  (LUT2=1 OBUF=1)
  Clock Uncertainty:      0.025ns  ((TSJ^2 + TIJ^2)^1/2 + DJ) / 2 + PE
    Total System Jitter     (TSJ):    0.050ns
    Total Input Jitter      (TIJ):    0.000ns
    Discrete Jitter          (DJ):    0.000ns
    Phase Error              (PE):    0.000ns

    Location             Delay type                Incr(ns)  Path(ns)    Netlist Resource(s)
  -------------------------------------------------------------------    -------------------
                         (clock sys_clk_pin rise edge)
                                                      0.000     0.000 r  
    E3                                                0.000     0.000 r  clk (IN)
                         net (fo=0)                   0.000     0.000    clk
    E3                   IBUF (Prop_ibuf_I_O)         1.482     1.482 r  clk_IBUF_inst/O
                         net (fo=1, routed)           2.025     3.506    clk_IBUF
    BUFGCTRL_X0Y16       BUFG (Prop_bufg_I_O)         0.096     3.602 r  clk_IBUF_BUFG_inst/O
                         net (fo=40, routed)          1.717     5.320    fsm_inst/CLK
    SLICE_X6Y84          FDCE                                         r  fsm_inst/FSM_sequential_current_state_reg[1]/C
  -------------------------------------------------------------------    -------------------
    SLICE_X6Y84          FDCE (Prop_fdce_C_Q)         0.518     5.838 r  fsm_inst/FSM_sequential_current_state_reg[1]/Q
                         net (fo=45, routed)          2.648     8.485    fsm_inst/FSM_sequential_current_state_reg[1]_0[1]
    SLICE_X2Y74          LUT2 (Prop_lut2_I0_O)        0.148     8.633 r  fsm_inst/LED_OBUF[2]_inst_i_1/O
                         net (fo=6, routed)           2.483    11.116    LED_OBUF[2]
    V14                  OBUF (Prop_obuf_I_O)         3.758    14.874 r  LED_OBUF[2]_inst/O
                         net (fo=0)                   0.000    14.874    LED[2]
    V14                                                               r  LED[2] (OUT)
  -------------------------------------------------------------------    -------------------

Slack:                    inf
  Source:                 fsm_inst/FSM_sequential_current_state_reg[0]/C
                            (rising edge-triggered cell FDCE clocked by sys_clk_pin  {rise@0.000ns fall@10.000ns period=20.000ns})
  Destination:            LED[0]
                            (output port)
  Path Group:             (none)
  Path Type:              Max at Slow Process Corner
  Data Path Delay:        9.265ns  (logic 4.211ns (45.451%)  route 5.054ns (54.549%))
  Logic Levels:           2  (LUT2=1 OBUF=1)
  Clock Uncertainty:      0.025ns  ((TSJ^2 + TIJ^2)^1/2 + DJ) / 2 + PE
    Total System Jitter     (TSJ):    0.050ns
    Total Input Jitter      (TIJ):    0.000ns
    Discrete Jitter          (DJ):    0.000ns
    Phase Error              (PE):    0.000ns

    Location             Delay type                Incr(ns)  Path(ns)    Netlist Resource(s)
  -------------------------------------------------------------------    -------------------
                         (clock sys_clk_pin rise edge)
                                                      0.000     0.000 r  
    E3                                                0.000     0.000 r  clk (IN)
                         net (fo=0)                   0.000     0.000    clk
    E3                   IBUF (Prop_ibuf_I_O)         1.482     1.482 r  clk_IBUF_inst/O
                         net (fo=1, routed)           2.025     3.506    clk_IBUF
    BUFGCTRL_X0Y16       BUFG (Prop_bufg_I_O)         0.096     3.602 r  clk_IBUF_BUFG_inst/O
                         net (fo=40, routed)          1.717     5.320    fsm_inst/CLK
    SLICE_X6Y84          FDCE                                         r  fsm_inst/FSM_sequential_current_state_reg[0]/C
  -------------------------------------------------------------------    -------------------
    SLICE_X6Y84          FDCE (Prop_fdce_C_Q)         0.518     5.838 f  fsm_inst/FSM_sequential_current_state_reg[0]/Q
                         net (fo=51, routed)          2.782     8.620    fsm_inst/FSM_sequential_current_state_reg[1]_0[0]
    SLICE_X4Y74          LUT2 (Prop_lut2_I1_O)        0.124     8.744 r  fsm_inst/LED_OBUF[0]_inst_i_1/O
                         net (fo=1, routed)           2.272    11.016    LED_OBUF[0]
    V11                  OBUF (Prop_obuf_I_O)         3.569    14.585 r  LED_OBUF[0]_inst/O
                         net (fo=0)                   0.000    14.585    LED[0]
    V11                                                               r  LED[0] (OUT)
  -------------------------------------------------------------------    -------------------





Min Delay Paths
--------------------------------------------------------------------------------------
Slack:                    inf
  Source:                 fsm_inst/FSM_sequential_current_state_reg[0]/C
                            (rising edge-triggered cell FDCE clocked by sys_clk_pin  {rise@0.000ns fall@10.000ns period=20.000ns})
  Destination:            fsm_inst/selected_price_reg[7]/D
  Path Group:             (none)
  Path Type:              Min at Fast Process Corner
  Data Path Delay:        0.841ns  (logic 0.215ns (25.569%)  route 0.626ns (74.431%))
  Logic Levels:           1  (LUT4=1)
  Clock Uncertainty:      0.025ns  ((TSJ^2 + TIJ^2)^1/2 + DJ) / 2 + PE
    Total System Jitter     (TSJ):    0.050ns
    Total Input Jitter      (TIJ):    0.000ns
    Discrete Jitter          (DJ):    0.000ns
    Phase Error              (PE):    0.000ns

    Location             Delay type                Incr(ns)  Path(ns)    Netlist Resource(s)
  -------------------------------------------------------------------    -------------------
                         (clock sys_clk_pin rise edge)
                                                      0.000     0.000 r  
    E3                                                0.000     0.000 r  clk (IN)
                         net (fo=0)                   0.000     0.000    clk
    E3                   IBUF (Prop_ibuf_I_O)         0.250     0.250 r  clk_IBUF_inst/O
                         net (fo=1, routed)           0.644     0.894    clk_IBUF
    BUFGCTRL_X0Y16       BUFG (Prop_bufg_I_O)         0.026     0.920 r  clk_IBUF_BUFG_inst/O
                         net (fo=40, routed)          0.599     1.518    fsm_inst/CLK
    SLICE_X6Y84          FDCE                                         r  fsm_inst/FSM_sequential_current_state_reg[0]/C
  -------------------------------------------------------------------    -------------------
    SLICE_X6Y84          FDCE (Prop_fdce_C_Q)         0.164     1.682 r  fsm_inst/FSM_sequential_current_state_reg[0]/Q
                         net (fo=51, routed)          0.510     2.192    fsm_inst/FSM_sequential_current_state_reg[1]_0[0]
    SLICE_X4Y81          LUT4 (Prop_lut4_I2_O)        0.051     2.243 r  fsm_inst/selected_price_reg[7]_i_1/O
                         net (fo=1, routed)           0.116     2.359    fsm_inst/selected_price_reg[7]_i_1_n_0
    SLICE_X4Y81          LDCE                                         r  fsm_inst/selected_price_reg[7]/D
  -------------------------------------------------------------------    -------------------

Slack:                    inf
  Source:                 fsm_inst/FSM_sequential_current_state_reg[0]/C
                            (rising edge-triggered cell FDCE clocked by sys_clk_pin  {rise@0.000ns fall@10.000ns period=20.000ns})
  Destination:            fsm_inst/selected_price_reg[4]/D
  Path Group:             (none)
  Path Type:              Min at Fast Process Corner
  Data Path Delay:        0.890ns  (logic 0.209ns (23.490%)  route 0.681ns (76.510%))
  Logic Levels:           1  (LUT4=1)
  Clock Uncertainty:      0.025ns  ((TSJ^2 + TIJ^2)^1/2 + DJ) / 2 + PE
    Total System Jitter     (TSJ):    0.050ns
    Total Input Jitter      (TIJ):    0.000ns
    Discrete Jitter          (DJ):    0.000ns
    Phase Error              (PE):    0.000ns

    Location             Delay type                Incr(ns)  Path(ns)    Netlist Resource(s)
  -------------------------------------------------------------------    -------------------
                         (clock sys_clk_pin rise edge)
                                                      0.000     0.000 r  
    E3                                                0.000     0.000 r  clk (IN)
                         net (fo=0)                   0.000     0.000    clk
    E3                   IBUF (Prop_ibuf_I_O)         0.250     0.250 r  clk_IBUF_inst/O
                         net (fo=1, routed)           0.644     0.894    clk_IBUF
    BUFGCTRL_X0Y16       BUFG (Prop_bufg_I_O)         0.026     0.920 r  clk_IBUF_BUFG_inst/O
                         net (fo=40, routed)          0.599     1.518    fsm_inst/CLK
    SLICE_X6Y84          FDCE                                         r  fsm_inst/FSM_sequential_current_state_reg[0]/C
  -------------------------------------------------------------------    -------------------
    SLICE_X6Y84          FDCE (Prop_fdce_C_Q)         0.164     1.682 r  fsm_inst/FSM_sequential_current_state_reg[0]/Q
                         net (fo=51, routed)          0.569     2.251    fsm_inst/FSM_sequential_current_state_reg[1]_0[0]
    SLICE_X4Y81          LUT4 (Prop_lut4_I1_O)        0.045     2.296 r  fsm_inst/selected_price_reg[4]_i_1/O
                         net (fo=1, routed)           0.112     2.408    fsm_inst/selected_price_reg[4]_i_1_n_0
    SLICE_X4Y81          LDCE                                         r  fsm_inst/selected_price_reg[4]/D
  -------------------------------------------------------------------    -------------------

Slack:                    inf
  Source:                 fsm_inst/FSM_sequential_current_state_reg[0]/C
                            (rising edge-triggered cell FDCE clocked by sys_clk_pin  {rise@0.000ns fall@10.000ns period=20.000ns})
  Destination:            fsm_inst/selected_price_reg[1]/D
  Path Group:             (none)
  Path Type:              Min at Fast Process Corner
  Data Path Delay:        0.901ns  (logic 0.209ns (23.196%)  route 0.692ns (76.804%))
  Logic Levels:           1  (LUT4=1)
  Clock Uncertainty:      0.025ns  ((TSJ^2 + TIJ^2)^1/2 + DJ) / 2 + PE
    Total System Jitter     (TSJ):    0.050ns
    Total Input Jitter      (TIJ):    0.000ns
    Discrete Jitter          (DJ):    0.000ns
    Phase Error              (PE):    0.000ns

    Location             Delay type                Incr(ns)  Path(ns)    Netlist Resource(s)
  -------------------------------------------------------------------    -------------------
                         (clock sys_clk_pin rise edge)
                                                      0.000     0.000 r  
    E3                                                0.000     0.000 r  clk (IN)
                         net (fo=0)                   0.000     0.000    clk
    E3                   IBUF (Prop_ibuf_I_O)         0.250     0.250 r  clk_IBUF_inst/O
                         net (fo=1, routed)           0.644     0.894    clk_IBUF
    BUFGCTRL_X0Y16       BUFG (Prop_bufg_I_O)         0.026     0.920 r  clk_IBUF_BUFG_inst/O
                         net (fo=40, routed)          0.599     1.518    fsm_inst/CLK
    SLICE_X6Y84          FDCE                                         r  fsm_inst/FSM_sequential_current_state_reg[0]/C
  -------------------------------------------------------------------    -------------------
    SLICE_X6Y84          FDCE (Prop_fdce_C_Q)         0.164     1.682 r  fsm_inst/FSM_sequential_current_state_reg[0]/Q
                         net (fo=51, routed)          0.510     2.192    fsm_inst/FSM_sequential_current_state_reg[1]_0[0]
    SLICE_X4Y81          LUT4 (Prop_lut4_I3_O)        0.045     2.237 r  fsm_inst/selected_price_reg[1]_i_1/O
                         net (fo=1, routed)           0.182     2.419    fsm_inst/selected_price_reg[1]_i_1_n_0
    SLICE_X4Y81          LDCE                                         r  fsm_inst/selected_price_reg[1]/D
  -------------------------------------------------------------------    -------------------

Slack:                    inf
  Source:                 fsm_inst/FSM_sequential_current_state_reg[0]/C
                            (rising edge-triggered cell FDCE clocked by sys_clk_pin  {rise@0.000ns fall@10.000ns period=20.000ns})
  Destination:            fsm_inst/selected_price_reg[6]/D
  Path Group:             (none)
  Path Type:              Min at Fast Process Corner
  Data Path Delay:        0.957ns  (logic 0.206ns (21.526%)  route 0.751ns (78.474%))
  Logic Levels:           1  (LUT4=1)
  Clock Uncertainty:      0.025ns  ((TSJ^2 + TIJ^2)^1/2 + DJ) / 2 + PE
    Total System Jitter     (TSJ):    0.050ns
    Total Input Jitter      (TIJ):    0.000ns
    Discrete Jitter          (DJ):    0.000ns
    Phase Error              (PE):    0.000ns

    Location             Delay type                Incr(ns)  Path(ns)    Netlist Resource(s)
  -------------------------------------------------------------------    -------------------
                         (clock sys_clk_pin rise edge)
                                                      0.000     0.000 r  
    E3                                                0.000     0.000 r  clk (IN)
                         net (fo=0)                   0.000     0.000    clk
    E3                   IBUF (Prop_ibuf_I_O)         0.250     0.250 r  clk_IBUF_inst/O
                         net (fo=1, routed)           0.644     0.894    clk_IBUF
    BUFGCTRL_X0Y16       BUFG (Prop_bufg_I_O)         0.026     0.920 r  clk_IBUF_BUFG_inst/O
                         net (fo=40, routed)          0.599     1.518    fsm_inst/CLK
    SLICE_X6Y84          FDCE                                         r  fsm_inst/FSM_sequential_current_state_reg[0]/C
  -------------------------------------------------------------------    -------------------
    SLICE_X6Y84          FDCE (Prop_fdce_C_Q)         0.164     1.682 r  fsm_inst/FSM_sequential_current_state_reg[0]/Q
                         net (fo=51, routed)          0.569     2.251    fsm_inst/FSM_sequential_current_state_reg[1]_0[0]
    SLICE_X4Y81          LUT4 (Prop_lut4_I2_O)        0.042     2.293 r  fsm_inst/selected_price_reg[6]_i_1/O
                         net (fo=1, routed)           0.182     2.475    fsm_inst/selected_price_reg[6]_i_1_n_0
    SLICE_X4Y81          LDCE                                         r  fsm_inst/selected_price_reg[6]/D
  -------------------------------------------------------------------    -------------------

Slack:                    inf
  Source:                 fsm_inst/FSM_sequential_current_state_reg[0]/C
                            (rising edge-triggered cell FDCE clocked by sys_clk_pin  {rise@0.000ns fall@10.000ns period=20.000ns})
  Destination:            fsm_inst/selected_price_reg[2]/D
  Path Group:             (none)
  Path Type:              Min at Fast Process Corner
  Data Path Delay:        0.963ns  (logic 0.209ns (21.713%)  route 0.754ns (78.287%))
  Logic Levels:           1  (LUT4=1)
  Clock Uncertainty:      0.025ns  ((TSJ^2 + TIJ^2)^1/2 + DJ) / 2 + PE
    Total System Jitter     (TSJ):    0.050ns
    Total Input Jitter      (TIJ):    0.000ns
    Discrete Jitter          (DJ):    0.000ns
    Phase Error              (PE):    0.000ns

    Location             Delay type                Incr(ns)  Path(ns)    Netlist Resource(s)
  -------------------------------------------------------------------    -------------------
                         (clock sys_clk_pin rise edge)
                                                      0.000     0.000 r  
    E3                                                0.000     0.000 r  clk (IN)
                         net (fo=0)                   0.000     0.000    clk
    E3                   IBUF (Prop_ibuf_I_O)         0.250     0.250 r  clk_IBUF_inst/O
                         net (fo=1, routed)           0.644     0.894    clk_IBUF
    BUFGCTRL_X0Y16       BUFG (Prop_bufg_I_O)         0.026     0.920 r  clk_IBUF_BUFG_inst/O
                         net (fo=40, routed)          0.599     1.518    fsm_inst/CLK
    SLICE_X6Y84          FDCE                                         r  fsm_inst/FSM_sequential_current_state_reg[0]/C
  -------------------------------------------------------------------    -------------------
    SLICE_X6Y84          FDCE (Prop_fdce_C_Q)         0.164     1.682 r  fsm_inst/FSM_sequential_current_state_reg[0]/Q
                         net (fo=51, routed)          0.605     2.287    fsm_inst/FSM_sequential_current_state_reg[1]_0[0]
    SLICE_X3Y81          LUT4 (Prop_lut4_I2_O)        0.045     2.332 r  fsm_inst/selected_price_reg[2]_i_1/O
                         net (fo=1, routed)           0.149     2.481    fsm_inst/selected_price_reg[2]_i_1_n_0
    SLICE_X3Y81          LDCE                                         r  fsm_inst/selected_price_reg[2]/D
  -------------------------------------------------------------------    -------------------

Slack:                    inf
  Source:                 disp_inst/digit_index_reg[2]/C
                            (rising edge-triggered cell FDRE clocked by sys_clk_pin  {rise@0.000ns fall@10.000ns period=20.000ns})
  Destination:            AN[3]
                            (output port)
  Path Group:             (none)
  Path Type:              Min at Fast Process Corner
  Data Path Delay:        2.156ns  (logic 1.460ns (67.706%)  route 0.696ns (32.294%))
  Logic Levels:           2  (LUT3=1 OBUF=1)
  Clock Uncertainty:      0.025ns  ((TSJ^2 + TIJ^2)^1/2 + DJ) / 2 + PE
    Total System Jitter     (TSJ):    0.050ns
    Total Input Jitter      (TIJ):    0.000ns
    Discrete Jitter          (DJ):    0.000ns
    Phase Error              (PE):    0.000ns

    Location             Delay type                Incr(ns)  Path(ns)    Netlist Resource(s)
  -------------------------------------------------------------------    -------------------
                         (clock sys_clk_pin rise edge)
                                                      0.000     0.000 r  
    E3                                                0.000     0.000 r  clk (IN)
                         net (fo=0)                   0.000     0.000    clk
    E3                   IBUF (Prop_ibuf_I_O)         0.250     0.250 r  clk_IBUF_inst/O
                         net (fo=1, routed)           0.644     0.894    clk_IBUF
    BUFGCTRL_X0Y16       BUFG (Prop_bufg_I_O)         0.026     0.920 r  clk_IBUF_BUFG_inst/O
                         net (fo=40, routed)          0.601     1.520    disp_inst/CLK
    SLICE_X2Y87          FDRE                                         r  disp_inst/digit_index_reg[2]/C
  -------------------------------------------------------------------    -------------------
    SLICE_X2Y87          FDRE (Prop_fdre_C_Q)         0.164     1.684 r  disp_inst/digit_index_reg[2]/Q
                         net (fo=10, routed)          0.299     1.984    disp_inst/digit_index_reg_n_0_[2]
    SLICE_X2Y88          LUT3 (Prop_lut3_I0_O)        0.045     2.029 r  disp_inst/AN_OBUF[3]_inst_i_1/O
                         net (fo=1, routed)           0.397     2.426    AN_OBUF[3]
    P14                  OBUF (Prop_obuf_I_O)         1.251     3.676 r  AN_OBUF[3]_inst/O
                         net (fo=0)                   0.000     3.676    AN[3]
    P14                                                               r  AN[3] (OUT)
  -------------------------------------------------------------------    -------------------

Slack:                    inf
  Source:                 disp_inst/digit_index_reg[0]/C
                            (rising edge-triggered cell FDRE clocked by sys_clk_pin  {rise@0.000ns fall@10.000ns period=20.000ns})
  Destination:            AN[2]
                            (output port)
  Path Group:             (none)
  Path Type:              Min at Fast Process Corner
  Data Path Delay:        2.237ns  (logic 1.438ns (64.296%)  route 0.799ns (35.704%))
  Logic Levels:           2  (LUT3=1 OBUF=1)
  Clock Uncertainty:      0.025ns  ((TSJ^2 + TIJ^2)^1/2 + DJ) / 2 + PE
    Total System Jitter     (TSJ):    0.050ns
    Total Input Jitter      (TIJ):    0.000ns
    Discrete Jitter          (DJ):    0.000ns
    Phase Error              (PE):    0.000ns

    Location             Delay type                Incr(ns)  Path(ns)    Netlist Resource(s)
  -------------------------------------------------------------------    -------------------
                         (clock sys_clk_pin rise edge)
                                                      0.000     0.000 r  
    E3                                                0.000     0.000 r  clk (IN)
                         net (fo=0)                   0.000     0.000    clk
    E3                   IBUF (Prop_ibuf_I_O)         0.250     0.250 r  clk_IBUF_inst/O
                         net (fo=1, routed)           0.644     0.894    clk_IBUF
    BUFGCTRL_X0Y16       BUFG (Prop_bufg_I_O)         0.026     0.920 r  clk_IBUF_BUFG_inst/O
                         net (fo=40, routed)          0.601     1.520    disp_inst/CLK
    SLICE_X3Y87          FDRE                                         r  disp_inst/digit_index_reg[0]/C
  -------------------------------------------------------------------    -------------------
    SLICE_X3Y87          FDRE (Prop_fdre_C_Q)         0.141     1.661 r  disp_inst/digit_index_reg[0]/Q
                         net (fo=15, routed)          0.222     1.883    disp_inst/digit_index_reg_n_0_[0]
    SLICE_X2Y88          LUT3 (Prop_lut3_I2_O)        0.045     1.928 r  disp_inst/AN_OBUF[2]_inst_i_1/O
                         net (fo=1, routed)           0.577     2.505    AN_OBUF[2]
    T14                  OBUF (Prop_obuf_I_O)         1.252     3.757 r  AN_OBUF[2]_inst/O
                         net (fo=0)                   0.000     3.757    AN[2]
    T14                                                               r  AN[2] (OUT)
  -------------------------------------------------------------------    -------------------

Slack:                    inf
  Source:                 disp_inst/digit_index_reg[0]/C
                            (rising edge-triggered cell FDRE clocked by sys_clk_pin  {rise@0.000ns fall@10.000ns period=20.000ns})
  Destination:            dp
                            (output port)
  Path Group:             (none)
  Path Type:              Min at Fast Process Corner
  Data Path Delay:        2.267ns  (logic 1.426ns (62.890%)  route 0.841ns (37.110%))
  Logic Levels:           2  (LUT2=1 OBUF=1)
  Clock Uncertainty:      0.025ns  ((TSJ^2 + TIJ^2)^1/2 + DJ) / 2 + PE
    Total System Jitter     (TSJ):    0.050ns
    Total Input Jitter      (TIJ):    0.000ns
    Discrete Jitter          (DJ):    0.000ns
    Phase Error              (PE):    0.000ns

    Location             Delay type                Incr(ns)  Path(ns)    Netlist Resource(s)
  -------------------------------------------------------------------    -------------------
                         (clock sys_clk_pin rise edge)
                                                      0.000     0.000 r  
    E3                                                0.000     0.000 r  clk (IN)
                         net (fo=0)                   0.000     0.000    clk
    E3                   IBUF (Prop_ibuf_I_O)         0.250     0.250 r  clk_IBUF_inst/O
                         net (fo=1, routed)           0.644     0.894    clk_IBUF
    BUFGCTRL_X0Y16       BUFG (Prop_bufg_I_O)         0.026     0.920 r  clk_IBUF_BUFG_inst/O
                         net (fo=40, routed)          0.601     1.520    disp_inst/CLK
    SLICE_X3Y87          FDRE                                         r  disp_inst/digit_index_reg[0]/C
  -------------------------------------------------------------------    -------------------
    SLICE_X3Y87          FDRE (Prop_fdre_C_Q)         0.141     1.661 f  disp_inst/digit_index_reg[0]/Q
                         net (fo=15, routed)          0.251     1.912    disp_inst/digit_index_reg_n_0_[0]
    SLICE_X2Y87          LUT2 (Prop_lut2_I0_O)        0.045     1.957 r  disp_inst/disp_inst//O
                         net (fo=1, routed)           0.591     2.548    dp_OBUF
    H15                  OBUF (Prop_obuf_I_O)         1.240     3.787 r  dp_OBUF_inst/O
                         net (fo=0)                   0.000     3.787    dp
    H15                                                               r  dp (OUT)
  -------------------------------------------------------------------    -------------------

Slack:                    inf
  Source:                 disp_inst/digit_index_reg[0]/C
                            (rising edge-triggered cell FDRE clocked by sys_clk_pin  {rise@0.000ns fall@10.000ns period=20.000ns})
  Destination:            AN[6]
                            (output port)
  Path Group:             (none)
  Path Type:              Min at Fast Process Corner
  Data Path Delay:        2.293ns  (logic 1.498ns (65.359%)  route 0.794ns (34.641%))
  Logic Levels:           2  (LUT3=1 OBUF=1)
  Clock Uncertainty:      0.025ns  ((TSJ^2 + TIJ^2)^1/2 + DJ) / 2 + PE
    Total System Jitter     (TSJ):    0.050ns
    Total Input Jitter      (TIJ):    0.000ns
    Discrete Jitter          (DJ):    0.000ns
    Phase Error              (PE):    0.000ns

    Location             Delay type                Incr(ns)  Path(ns)    Netlist Resource(s)
  -------------------------------------------------------------------    -------------------
                         (clock sys_clk_pin rise edge)
                                                      0.000     0.000 r  
    E3                                                0.000     0.000 r  clk (IN)
                         net (fo=0)                   0.000     0.000    clk
    E3                   IBUF (Prop_ibuf_I_O)         0.250     0.250 r  clk_IBUF_inst/O
                         net (fo=1, routed)           0.644     0.894    clk_IBUF
    BUFGCTRL_X0Y16       BUFG (Prop_bufg_I_O)         0.026     0.920 r  clk_IBUF_BUFG_inst/O
                         net (fo=40, routed)          0.601     1.520    disp_inst/CLK
    SLICE_X3Y87          FDRE                                         r  disp_inst/digit_index_reg[0]/C
  -------------------------------------------------------------------    -------------------
    SLICE_X3Y87          FDRE (Prop_fdre_C_Q)         0.141     1.661 r  disp_inst/digit_index_reg[0]/Q
                         net (fo=15, routed)          0.222     1.883    disp_inst/digit_index_reg_n_0_[0]
    SLICE_X2Y88          LUT3 (Prop_lut3_I1_O)        0.048     1.931 r  disp_inst/AN_OBUF[6]_inst_i_1/O
                         net (fo=1, routed)           0.573     2.504    AN_OBUF[6]
    J18                  OBUF (Prop_obuf_I_O)         1.309     3.813 r  AN_OBUF[6]_inst/O
                         net (fo=0)                   0.000     3.813    AN[6]
    J18                                                               r  AN[6] (OUT)
  -------------------------------------------------------------------    -------------------

Slack:                    inf
  Source:                 disp_inst/digit_index_reg[2]/C
                            (rising edge-triggered cell FDRE clocked by sys_clk_pin  {rise@0.000ns fall@10.000ns period=20.000ns})
  Destination:            AN[7]
                            (output port)
  Path Group:             (none)
  Path Type:              Min at Fast Process Corner
  Data Path Delay:        2.332ns  (logic 1.513ns (64.885%)  route 0.819ns (35.115%))
  Logic Levels:           2  (LUT3=1 OBUF=1)
  Clock Uncertainty:      0.025ns  ((TSJ^2 + TIJ^2)^1/2 + DJ) / 2 + PE
    Total System Jitter     (TSJ):    0.050ns
    Total Input Jitter      (TIJ):    0.000ns
    Discrete Jitter          (DJ):    0.000ns
    Phase Error              (PE):    0.000ns

    Location             Delay type                Incr(ns)  Path(ns)    Netlist Resource(s)
  -------------------------------------------------------------------    -------------------
                         (clock sys_clk_pin rise edge)
                                                      0.000     0.000 r  
    E3                                                0.000     0.000 r  clk (IN)
                         net (fo=0)                   0.000     0.000    clk
    E3                   IBUF (Prop_ibuf_I_O)         0.250     0.250 r  clk_IBUF_inst/O
                         net (fo=1, routed)           0.644     0.894    clk_IBUF
    BUFGCTRL_X0Y16       BUFG (Prop_bufg_I_O)         0.026     0.920 r  clk_IBUF_BUFG_inst/O
                         net (fo=40, routed)          0.601     1.520    disp_inst/CLK
    SLICE_X2Y87          FDRE                                         r  disp_inst/digit_index_reg[2]/C
  -------------------------------------------------------------------    -------------------
    SLICE_X2Y87          FDRE (Prop_fdre_C_Q)         0.164     1.684 f  disp_inst/digit_index_reg[2]/Q
                         net (fo=10, routed)          0.299     1.984    disp_inst/digit_index_reg_n_0_[2]
    SLICE_X2Y88          LUT3 (Prop_lut3_I2_O)        0.045     2.029 r  disp_inst/AN_OBUF[7]_inst_i_1/O
                         net (fo=1, routed)           0.520     2.548    AN_OBUF[7]
    J17                  OBUF (Prop_obuf_I_O)         1.304     3.853 r  AN_OBUF[7]_inst/O
                         net (fo=0)                   0.000     3.853    AN[7]
    J17                                                               r  AN[7] (OUT)
  -------------------------------------------------------------------    -------------------





--------------------------------------------------------------------------------------
Path Group:  (none)
From Clock:  
  To Clock:  sys_clk_pin

Max Delay            60 Endpoints
Min Delay            60 Endpoints
--------------------------------------------------------------------------------------


Max Delay Paths
--------------------------------------------------------------------------------------
Slack:                    inf
  Source:                 fsm_inst/selected_price_reg[6]/G
                            (positive level-sensitive latch)
  Destination:            fsm_inst/FSM_sequential_current_state_reg[0]/D
                            (rising edge-triggered cell FDCE clocked by sys_clk_pin  {rise@0.000ns fall@10.000ns period=20.000ns})
  Path Group:             (none)
  Path Type:              Setup (Max at Slow Process Corner)
  Data Path Delay:        5.789ns  (logic 2.079ns (35.916%)  route 3.710ns (64.084%))
  Logic Levels:           5  (CARRY4=2 LDCE=1 LUT4=1 LUT6=1)
  Clock Uncertainty:      0.025ns  ((TSJ^2 + TIJ^2)^1/2 + DJ) / 2 + PE
    Total System Jitter     (TSJ):    0.050ns
    Total Input Jitter      (TIJ):    0.000ns
    Discrete Jitter          (DJ):    0.000ns
    Phase Error              (PE):    0.000ns

    Location             Delay type                Incr(ns)  Path(ns)    Netlist Resource(s)
  -------------------------------------------------------------------    -------------------
    SLICE_X4Y81          LDCE                         0.000     0.000 r  fsm_inst/selected_price_reg[6]/G
    SLICE_X4Y81          LDCE (EnToQ_ldce_G_Q)        0.761     0.761 r  fsm_inst/selected_price_reg[6]/Q
                         net (fo=37, routed)          1.767     2.528    coin_inst/Q[3]
    SLICE_X4Y76          LUT4 (Prop_lut4_I1_O)        0.124     2.652 r  coin_inst/FSM_sequential_current_state[0]_i_14/O
                         net (fo=1, routed)           0.000     2.652    coin_inst/FSM_sequential_current_state[0]_i_14_n_0
    SLICE_X4Y76          CARRY4 (Prop_carry4_S[1]_CO[3])
                                                      0.550     3.202 r  coin_inst/FSM_sequential_current_state_reg[0]_i_5/CO[3]
                         net (fo=1, routed)           0.000     3.202    coin_inst/FSM_sequential_current_state_reg[0]_i_5_n_0
    SLICE_X4Y77          CARRY4 (Prop_carry4_CI_CO[0])
                                                      0.271     3.473 r  coin_inst/FSM_sequential_current_state_reg[0]_i_2/CO[0]
                         net (fo=120, routed)         1.943     5.416    fsm_inst/CO[0]
    SLICE_X6Y84          LUT6 (Prop_lut6_I0_O)        0.373     5.789 r  fsm_inst/FSM_sequential_current_state[0]_i_1/O
                         net (fo=1, routed)           0.000     5.789    fsm_inst/next_state[0]
    SLICE_X6Y84          FDCE                                         r  fsm_inst/FSM_sequential_current_state_reg[0]/D
  -------------------------------------------------------------------    -------------------

                         (clock sys_clk_pin rise edge)
                                                      0.000     0.000 r  
    E3                                                0.000     0.000 r  clk (IN)
                         net (fo=0)                   0.000     0.000    clk
    E3                   IBUF (Prop_ibuf_I_O)         1.411     1.411 r  clk_IBUF_inst/O
                         net (fo=1, routed)           1.920     3.331    clk_IBUF
    BUFGCTRL_X0Y16       BUFG (Prop_bufg_I_O)         0.091     3.422 r  clk_IBUF_BUFG_inst/O
                         net (fo=40, routed)          1.597     5.020    fsm_inst/CLK
    SLICE_X6Y84          FDCE                                         r  fsm_inst/FSM_sequential_current_state_reg[0]/C

Slack:                    inf
  Source:                 BTNU
                            (input port)
  Destination:            coin_inst/amount_reg[9]/D
                            (rising edge-triggered cell FDRE clocked by sys_clk_pin  {rise@0.000ns fall@10.000ns period=20.000ns})
  Path Group:             (none)
  Path Type:              Setup (Max at Slow Process Corner)
  Data Path Delay:        5.509ns  (logic 2.570ns (46.647%)  route 2.939ns (53.353%))
  Logic Levels:           5  (CARRY4=2 IBUF=1 LUT2=1 LUT6=1)
  Clock Path Skew:        4.935ns (DCD - SCD + CPR)
    Destination Clock Delay (DCD):    4.935ns
    Source Clock Delay      (SCD):    0.000ns
    Clock Pessimism Removal (CPR):    0.000ns
  Clock Uncertainty:      0.025ns  ((TSJ^2 + TIJ^2)^1/2 + DJ) / 2 + PE
    Total System Jitter     (TSJ):    0.050ns
    Total Input Jitter      (TIJ):    0.000ns
    Discrete Jitter          (DJ):    0.000ns
    Phase Error              (PE):    0.000ns

    Location             Delay type                Incr(ns)  Path(ns)    Netlist Resource(s)
  -------------------------------------------------------------------    -------------------
    M18                                               0.000     0.000 r  BTNU (IN)
                         net (fo=0)                   0.000     0.000    BTNU
    M18                  IBUF (Prop_ibuf_I_O)         1.486     1.486 r  BTNU_IBUF_inst/O
                         net (fo=5, routed)           2.095     3.580    coin_inst/BTNU_IBUF
    SLICE_X10Y70         LUT2 (Prop_lut2_I0_O)        0.124     3.704 r  coin_inst/plusOp_carry_i_4/O
                         net (fo=4, routed)           0.845     4.549    coin_inst/amount14_out
    SLICE_X10Y72         LUT6 (Prop_lut6_I1_O)        0.124     4.673 r  coin_inst/plusOp_carry__0_i_3/O
                         net (fo=1, routed)           0.000     4.673    coin_inst/plusOp_carry__0_i_3_n_0
    SLICE_X10Y72         CARRY4 (Prop_carry4_S[0]_CO[3])
                                                      0.513     5.186 r  coin_inst/plusOp_carry__0/CO[3]
                         net (fo=1, routed)           0.000     5.186    coin_inst/plusOp_carry__0_n_0
    SLICE_X10Y73         CARRY4 (Prop_carry4_CI_O[1])
                                                      0.323     5.509 r  coin_inst/plusOp_carry__1/O[1]
                         net (fo=1, routed)           0.000     5.509    coin_inst/amount[9]
    SLICE_X10Y73         FDRE                                         r  coin_inst/amount_reg[9]/D
  -------------------------------------------------------------------    -------------------

                         (clock sys_clk_pin rise edge)
                                                      0.000     0.000 r  
    E3                                                0.000     0.000 r  clk (IN)
                         net (fo=0)                   0.000     0.000    clk
    E3                   IBUF (Prop_ibuf_I_O)         1.411     1.411 r  clk_IBUF_inst/O
                         net (fo=1, routed)           1.920     3.331    clk_IBUF
    BUFGCTRL_X0Y16       BUFG (Prop_bufg_I_O)         0.091     3.422 r  clk_IBUF_BUFG_inst/O
                         net (fo=40, routed)          1.512     4.935    coin_inst/CLK
    SLICE_X10Y73         FDRE                                         r  coin_inst/amount_reg[9]/C

Slack:                    inf
  Source:                 BTNU
                            (input port)
  Destination:            coin_inst/amount_reg[8]/D
                            (rising edge-triggered cell FDRE clocked by sys_clk_pin  {rise@0.000ns fall@10.000ns period=20.000ns})
  Path Group:             (none)
  Path Type:              Setup (Max at Slow Process Corner)
  Data Path Delay:        5.405ns  (logic 2.466ns (45.620%)  route 2.939ns (54.380%))
  Logic Levels:           5  (CARRY4=2 IBUF=1 LUT2=1 LUT6=1)
  Clock Path Skew:        4.935ns (DCD - SCD + CPR)
    Destination Clock Delay (DCD):    4.935ns
    Source Clock Delay      (SCD):    0.000ns
    Clock Pessimism Removal (CPR):    0.000ns
  Clock Uncertainty:      0.025ns  ((TSJ^2 + TIJ^2)^1/2 + DJ) / 2 + PE
    Total System Jitter     (TSJ):    0.050ns
    Total Input Jitter      (TIJ):    0.000ns
    Discrete Jitter          (DJ):    0.000ns
    Phase Error              (PE):    0.000ns

    Location             Delay type                Incr(ns)  Path(ns)    Netlist Resource(s)
  -------------------------------------------------------------------    -------------------
    M18                                               0.000     0.000 r  BTNU (IN)
                         net (fo=0)                   0.000     0.000    BTNU
    M18                  IBUF (Prop_ibuf_I_O)         1.486     1.486 r  BTNU_IBUF_inst/O
                         net (fo=5, routed)           2.095     3.580    coin_inst/BTNU_IBUF
    SLICE_X10Y70         LUT2 (Prop_lut2_I0_O)        0.124     3.704 r  coin_inst/plusOp_carry_i_4/O
                         net (fo=4, routed)           0.845     4.549    coin_inst/amount14_out
    SLICE_X10Y72         LUT6 (Prop_lut6_I1_O)        0.124     4.673 r  coin_inst/plusOp_carry__0_i_3/O
                         net (fo=1, routed)           0.000     4.673    coin_inst/plusOp_carry__0_i_3_n_0
    SLICE_X10Y72         CARRY4 (Prop_carry4_S[0]_CO[3])
                                                      0.513     5.186 r  coin_inst/plusOp_carry__0/CO[3]
                         net (fo=1, routed)           0.000     5.186    coin_inst/plusOp_carry__0_n_0
    SLICE_X10Y73         CARRY4 (Prop_carry4_CI_O[0])
                                                      0.219     5.405 r  coin_inst/plusOp_carry__1/O[0]
                         net (fo=1, routed)           0.000     5.405    coin_inst/amount[8]
    SLICE_X10Y73         FDRE                                         r  coin_inst/amount_reg[8]/D
  -------------------------------------------------------------------    -------------------

                         (clock sys_clk_pin rise edge)
                                                      0.000     0.000 r  
    E3                                                0.000     0.000 r  clk (IN)
                         net (fo=0)                   0.000     0.000    clk
    E3                   IBUF (Prop_ibuf_I_O)         1.411     1.411 r  clk_IBUF_inst/O
                         net (fo=1, routed)           1.920     3.331    clk_IBUF
    BUFGCTRL_X0Y16       BUFG (Prop_bufg_I_O)         0.091     3.422 r  clk_IBUF_BUFG_inst/O
                         net (fo=40, routed)          1.512     4.935    coin_inst/CLK
    SLICE_X10Y73         FDRE                                         r  coin_inst/amount_reg[8]/C

Slack:                    inf
  Source:                 reset
                            (input port)
  Destination:            disp_inst/clk_divider_reg[10]/R
                            (rising edge-triggered cell FDRE clocked by sys_clk_pin  {rise@0.000ns fall@10.000ns period=20.000ns})
  Path Group:             (none)
  Path Type:              Setup (Max at Slow Process Corner)
  Data Path Delay:        5.404ns  (logic 1.648ns (30.499%)  route 3.756ns (69.501%))
  Logic Levels:           2  (IBUF=1 LUT2=1)
  Clock Path Skew:        5.024ns (DCD - SCD + CPR)
    Destination Clock Delay (DCD):    5.024ns
    Source Clock Delay      (SCD):    0.000ns
    Clock Pessimism Removal (CPR):    0.000ns
  Clock Uncertainty:      0.025ns  ((TSJ^2 + TIJ^2)^1/2 + DJ) / 2 + PE
    Total System Jitter     (TSJ):    0.050ns
    Total Input Jitter      (TIJ):    0.000ns
    Discrete Jitter          (DJ):    0.000ns
    Phase Error              (PE):    0.000ns

    Location             Delay type                Incr(ns)  Path(ns)    Netlist Resource(s)
  -------------------------------------------------------------------    -------------------
    V10                                               0.000     0.000 r  reset (IN)
                         net (fo=0)                   0.000     0.000    reset
    V10                  IBUF (Prop_ibuf_I_O)         1.524     1.524 r  reset_IBUF_inst/O
                         net (fo=18, routed)          3.154     4.678    disp_inst/AR[0]
    SLICE_X0Y87          LUT2 (Prop_lut2_I0_O)        0.124     4.802 r  disp_inst/clk_divider[0]_i_1/O
                         net (fo=18, routed)          0.602     5.404    disp_inst/clk_divider[0]_i_1_n_0
    SLICE_X1Y87          FDRE                                         r  disp_inst/clk_divider_reg[10]/R
  -------------------------------------------------------------------    -------------------

                         (clock sys_clk_pin rise edge)
                                                      0.000     0.000 r  
    E3                                                0.000     0.000 r  clk (IN)
                         net (fo=0)                   0.000     0.000    clk
    E3                   IBUF (Prop_ibuf_I_O)         1.411     1.411 r  clk_IBUF_inst/O
                         net (fo=1, routed)           1.920     3.331    clk_IBUF
    BUFGCTRL_X0Y16       BUFG (Prop_bufg_I_O)         0.091     3.422 r  clk_IBUF_BUFG_inst/O
                         net (fo=40, routed)          1.601     5.024    disp_inst/CLK
    SLICE_X1Y87          FDRE                                         r  disp_inst/clk_divider_reg[10]/C

Slack:                    inf
  Source:                 reset
                            (input port)
  Destination:            disp_inst/clk_divider_reg[11]/R
                            (rising edge-triggered cell FDRE clocked by sys_clk_pin  {rise@0.000ns fall@10.000ns period=20.000ns})
  Path Group:             (none)
  Path Type:              Setup (Max at Slow Process Corner)
  Data Path Delay:        5.404ns  (logic 1.648ns (30.499%)  route 3.756ns (69.501%))
  Logic Levels:           2  (IBUF=1 LUT2=1)
  Clock Path Skew:        5.024ns (DCD - SCD + CPR)
    Destination Clock Delay (DCD):    5.024ns
    Source Clock Delay      (SCD):    0.000ns
    Clock Pessimism Removal (CPR):    0.000ns
  Clock Uncertainty:      0.025ns  ((TSJ^2 + TIJ^2)^1/2 + DJ) / 2 + PE
    Total System Jitter     (TSJ):    0.050ns
    Total Input Jitter      (TIJ):    0.000ns
    Discrete Jitter          (DJ):    0.000ns
    Phase Error              (PE):    0.000ns

    Location             Delay type                Incr(ns)  Path(ns)    Netlist Resource(s)
  -------------------------------------------------------------------    -------------------
    V10                                               0.000     0.000 r  reset (IN)
                         net (fo=0)                   0.000     0.000    reset
    V10                  IBUF (Prop_ibuf_I_O)         1.524     1.524 r  reset_IBUF_inst/O
                         net (fo=18, routed)          3.154     4.678    disp_inst/AR[0]
    SLICE_X0Y87          LUT2 (Prop_lut2_I0_O)        0.124     4.802 r  disp_inst/clk_divider[0]_i_1/O
                         net (fo=18, routed)          0.602     5.404    disp_inst/clk_divider[0]_i_1_n_0
    SLICE_X1Y87          FDRE                                         r  disp_inst/clk_divider_reg[11]/R
  -------------------------------------------------------------------    -------------------

                         (clock sys_clk_pin rise edge)
                                                      0.000     0.000 r  
    E3                                                0.000     0.000 r  clk (IN)
                         net (fo=0)                   0.000     0.000    clk
    E3                   IBUF (Prop_ibuf_I_O)         1.411     1.411 r  clk_IBUF_inst/O
                         net (fo=1, routed)           1.920     3.331    clk_IBUF
    BUFGCTRL_X0Y16       BUFG (Prop_bufg_I_O)         0.091     3.422 r  clk_IBUF_BUFG_inst/O
                         net (fo=40, routed)          1.601     5.024    disp_inst/CLK
    SLICE_X1Y87          FDRE                                         r  disp_inst/clk_divider_reg[11]/C

Slack:                    inf
  Source:                 reset
                            (input port)
  Destination:            disp_inst/clk_divider_reg[8]/R
                            (rising edge-triggered cell FDRE clocked by sys_clk_pin  {rise@0.000ns fall@10.000ns period=20.000ns})
  Path Group:             (none)
  Path Type:              Setup (Max at Slow Process Corner)
  Data Path Delay:        5.404ns  (logic 1.648ns (30.499%)  route 3.756ns (69.501%))
  Logic Levels:           2  (IBUF=1 LUT2=1)
  Clock Path Skew:        5.024ns (DCD - SCD + CPR)
    Destination Clock Delay (DCD):    5.024ns
    Source Clock Delay      (SCD):    0.000ns
    Clock Pessimism Removal (CPR):    0.000ns
  Clock Uncertainty:      0.025ns  ((TSJ^2 + TIJ^2)^1/2 + DJ) / 2 + PE
    Total System Jitter     (TSJ):    0.050ns
    Total Input Jitter      (TIJ):    0.000ns
    Discrete Jitter          (DJ):    0.000ns
    Phase Error              (PE):    0.000ns

    Location             Delay type                Incr(ns)  Path(ns)    Netlist Resource(s)
  -------------------------------------------------------------------    -------------------
    V10                                               0.000     0.000 r  reset (IN)
                         net (fo=0)                   0.000     0.000    reset
    V10                  IBUF (Prop_ibuf_I_O)         1.524     1.524 r  reset_IBUF_inst/O
                         net (fo=18, routed)          3.154     4.678    disp_inst/AR[0]
    SLICE_X0Y87          LUT2 (Prop_lut2_I0_O)        0.124     4.802 r  disp_inst/clk_divider[0]_i_1/O
                         net (fo=18, routed)          0.602     5.404    disp_inst/clk_divider[0]_i_1_n_0
    SLICE_X1Y87          FDRE                                         r  disp_inst/clk_divider_reg[8]/R
  -------------------------------------------------------------------    -------------------

                         (clock sys_clk_pin rise edge)
                                                      0.000     0.000 r  
    E3                                                0.000     0.000 r  clk (IN)
                         net (fo=0)                   0.000     0.000    clk
    E3                   IBUF (Prop_ibuf_I_O)         1.411     1.411 r  clk_IBUF_inst/O
                         net (fo=1, routed)           1.920     3.331    clk_IBUF
    BUFGCTRL_X0Y16       BUFG (Prop_bufg_I_O)         0.091     3.422 r  clk_IBUF_BUFG_inst/O
                         net (fo=40, routed)          1.601     5.024    disp_inst/CLK
    SLICE_X1Y87          FDRE                                         r  disp_inst/clk_divider_reg[8]/C

Slack:                    inf
  Source:                 reset
                            (input port)
  Destination:            disp_inst/clk_divider_reg[9]/R
                            (rising edge-triggered cell FDRE clocked by sys_clk_pin  {rise@0.000ns fall@10.000ns period=20.000ns})
  Path Group:             (none)
  Path Type:              Setup (Max at Slow Process Corner)
  Data Path Delay:        5.404ns  (logic 1.648ns (30.499%)  route 3.756ns (69.501%))
  Logic Levels:           2  (IBUF=1 LUT2=1)
  Clock Path Skew:        5.024ns (DCD - SCD + CPR)
    Destination Clock Delay (DCD):    5.024ns
    Source Clock Delay      (SCD):    0.000ns
    Clock Pessimism Removal (CPR):    0.000ns
  Clock Uncertainty:      0.025ns  ((TSJ^2 + TIJ^2)^1/2 + DJ) / 2 + PE
    Total System Jitter     (TSJ):    0.050ns
    Total Input Jitter      (TIJ):    0.000ns
    Discrete Jitter          (DJ):    0.000ns
    Phase Error              (PE):    0.000ns

    Location             Delay type                Incr(ns)  Path(ns)    Netlist Resource(s)
  -------------------------------------------------------------------    -------------------
    V10                                               0.000     0.000 r  reset (IN)
                         net (fo=0)                   0.000     0.000    reset
    V10                  IBUF (Prop_ibuf_I_O)         1.524     1.524 r  reset_IBUF_inst/O
                         net (fo=18, routed)          3.154     4.678    disp_inst/AR[0]
    SLICE_X0Y87          LUT2 (Prop_lut2_I0_O)        0.124     4.802 r  disp_inst/clk_divider[0]_i_1/O
                         net (fo=18, routed)          0.602     5.404    disp_inst/clk_divider[0]_i_1_n_0
    SLICE_X1Y87          FDRE                                         r  disp_inst/clk_divider_reg[9]/R
  -------------------------------------------------------------------    -------------------

                         (clock sys_clk_pin rise edge)
                                                      0.000     0.000 r  
    E3                                                0.000     0.000 r  clk (IN)
                         net (fo=0)                   0.000     0.000    clk
    E3                   IBUF (Prop_ibuf_I_O)         1.411     1.411 r  clk_IBUF_inst/O
                         net (fo=1, routed)           1.920     3.331    clk_IBUF
    BUFGCTRL_X0Y16       BUFG (Prop_bufg_I_O)         0.091     3.422 r  clk_IBUF_BUFG_inst/O
                         net (fo=40, routed)          1.601     5.024    disp_inst/CLK
    SLICE_X1Y87          FDRE                                         r  disp_inst/clk_divider_reg[9]/C

Slack:                    inf
  Source:                 reset
                            (input port)
  Destination:            disp_inst/clk_divider_reg[0]/R
                            (rising edge-triggered cell FDRE clocked by sys_clk_pin  {rise@0.000ns fall@10.000ns period=20.000ns})
  Path Group:             (none)
  Path Type:              Setup (Max at Slow Process Corner)
  Data Path Delay:        5.365ns  (logic 1.648ns (30.721%)  route 3.717ns (69.279%))
  Logic Levels:           2  (IBUF=1 LUT2=1)
  Clock Path Skew:        5.023ns (DCD - SCD + CPR)
    Destination Clock Delay (DCD):    5.023ns
    Source Clock Delay      (SCD):    0.000ns
    Clock Pessimism Removal (CPR):    0.000ns
  Clock Uncertainty:      0.025ns  ((TSJ^2 + TIJ^2)^1/2 + DJ) / 2 + PE
    Total System Jitter     (TSJ):    0.050ns
    Total Input Jitter      (TIJ):    0.000ns
    Discrete Jitter          (DJ):    0.000ns
    Phase Error              (PE):    0.000ns

    Location             Delay type                Incr(ns)  Path(ns)    Netlist Resource(s)
  -------------------------------------------------------------------    -------------------
    V10                                               0.000     0.000 r  reset (IN)
                         net (fo=0)                   0.000     0.000    reset
    V10                  IBUF (Prop_ibuf_I_O)         1.524     1.524 r  reset_IBUF_inst/O
                         net (fo=18, routed)          3.154     4.678    disp_inst/AR[0]
    SLICE_X0Y87          LUT2 (Prop_lut2_I0_O)        0.124     4.802 r  disp_inst/clk_divider[0]_i_1/O
                         net (fo=18, routed)          0.562     5.365    disp_inst/clk_divider[0]_i_1_n_0
    SLICE_X1Y85          FDRE                                         r  disp_inst/clk_divider_reg[0]/R
  -------------------------------------------------------------------    -------------------

                         (clock sys_clk_pin rise edge)
                                                      0.000     0.000 r  
    E3                                                0.000     0.000 r  clk (IN)
                         net (fo=0)                   0.000     0.000    clk
    E3                   IBUF (Prop_ibuf_I_O)         1.411     1.411 r  clk_IBUF_inst/O
                         net (fo=1, routed)           1.920     3.331    clk_IBUF
    BUFGCTRL_X0Y16       BUFG (Prop_bufg_I_O)         0.091     3.422 r  clk_IBUF_BUFG_inst/O
                         net (fo=40, routed)          1.600     5.023    disp_inst/CLK
    SLICE_X1Y85          FDRE                                         r  disp_inst/clk_divider_reg[0]/C

Slack:                    inf
  Source:                 reset
                            (input port)
  Destination:            disp_inst/clk_divider_reg[1]/R
                            (rising edge-triggered cell FDRE clocked by sys_clk_pin  {rise@0.000ns fall@10.000ns period=20.000ns})
  Path Group:             (none)
  Path Type:              Setup (Max at Slow Process Corner)
  Data Path Delay:        5.365ns  (logic 1.648ns (30.721%)  route 3.717ns (69.279%))
  Logic Levels:           2  (IBUF=1 LUT2=1)
  Clock Path Skew:        5.023ns (DCD - SCD + CPR)
    Destination Clock Delay (DCD):    5.023ns
    Source Clock Delay      (SCD):    0.000ns
    Clock Pessimism Removal (CPR):    0.000ns
  Clock Uncertainty:      0.025ns  ((TSJ^2 + TIJ^2)^1/2 + DJ) / 2 + PE
    Total System Jitter     (TSJ):    0.050ns
    Total Input Jitter      (TIJ):    0.000ns
    Discrete Jitter          (DJ):    0.000ns
    Phase Error              (PE):    0.000ns

    Location             Delay type                Incr(ns)  Path(ns)    Netlist Resource(s)
  -------------------------------------------------------------------    -------------------
    V10                                               0.000     0.000 r  reset (IN)
                         net (fo=0)                   0.000     0.000    reset
    V10                  IBUF (Prop_ibuf_I_O)         1.524     1.524 r  reset_IBUF_inst/O
                         net (fo=18, routed)          3.154     4.678    disp_inst/AR[0]
    SLICE_X0Y87          LUT2 (Prop_lut2_I0_O)        0.124     4.802 r  disp_inst/clk_divider[0]_i_1/O
                         net (fo=18, routed)          0.562     5.365    disp_inst/clk_divider[0]_i_1_n_0
    SLICE_X1Y85          FDRE                                         r  disp_inst/clk_divider_reg[1]/R
  -------------------------------------------------------------------    -------------------

                         (clock sys_clk_pin rise edge)
                                                      0.000     0.000 r  
    E3                                                0.000     0.000 r  clk (IN)
                         net (fo=0)                   0.000     0.000    clk
    E3                   IBUF (Prop_ibuf_I_O)         1.411     1.411 r  clk_IBUF_inst/O
                         net (fo=1, routed)           1.920     3.331    clk_IBUF
    BUFGCTRL_X0Y16       BUFG (Prop_bufg_I_O)         0.091     3.422 r  clk_IBUF_BUFG_inst/O
                         net (fo=40, routed)          1.600     5.023    disp_inst/CLK
    SLICE_X1Y85          FDRE                                         r  disp_inst/clk_divider_reg[1]/C

Slack:                    inf
  Source:                 reset
                            (input port)
  Destination:            disp_inst/clk_divider_reg[2]/R
                            (rising edge-triggered cell FDRE clocked by sys_clk_pin  {rise@0.000ns fall@10.000ns period=20.000ns})
  Path Group:             (none)
  Path Type:              Setup (Max at Slow Process Corner)
  Data Path Delay:        5.365ns  (logic 1.648ns (30.721%)  route 3.717ns (69.279%))
  Logic Levels:           2  (IBUF=1 LUT2=1)
  Clock Path Skew:        5.023ns (DCD - SCD + CPR)
    Destination Clock Delay (DCD):    5.023ns
    Source Clock Delay      (SCD):    0.000ns
    Clock Pessimism Removal (CPR):    0.000ns
  Clock Uncertainty:      0.025ns  ((TSJ^2 + TIJ^2)^1/2 + DJ) / 2 + PE
    Total System Jitter     (TSJ):    0.050ns
    Total Input Jitter      (TIJ):    0.000ns
    Discrete Jitter          (DJ):    0.000ns
    Phase Error              (PE):    0.000ns

    Location             Delay type                Incr(ns)  Path(ns)    Netlist Resource(s)
  -------------------------------------------------------------------    -------------------
    V10                                               0.000     0.000 r  reset (IN)
                         net (fo=0)                   0.000     0.000    reset
    V10                  IBUF (Prop_ibuf_I_O)         1.524     1.524 r  reset_IBUF_inst/O
                         net (fo=18, routed)          3.154     4.678    disp_inst/AR[0]
    SLICE_X0Y87          LUT2 (Prop_lut2_I0_O)        0.124     4.802 r  disp_inst/clk_divider[0]_i_1/O
                         net (fo=18, routed)          0.562     5.365    disp_inst/clk_divider[0]_i_1_n_0
    SLICE_X1Y85          FDRE                                         r  disp_inst/clk_divider_reg[2]/R
  -------------------------------------------------------------------    -------------------

                         (clock sys_clk_pin rise edge)
                                                      0.000     0.000 r  
    E3                                                0.000     0.000 r  clk (IN)
                         net (fo=0)                   0.000     0.000    clk
    E3                   IBUF (Prop_ibuf_I_O)         1.411     1.411 r  clk_IBUF_inst/O
                         net (fo=1, routed)           1.920     3.331    clk_IBUF
    BUFGCTRL_X0Y16       BUFG (Prop_bufg_I_O)         0.091     3.422 r  clk_IBUF_BUFG_inst/O
                         net (fo=40, routed)          1.600     5.023    disp_inst/CLK
    SLICE_X1Y85          FDRE                                         r  disp_inst/clk_divider_reg[2]/C





Min Delay Paths
--------------------------------------------------------------------------------------
Slack:                    inf
  Source:                 BTNC
                            (input port)
  Destination:            fsm_inst/BTNC_prev_reg/D
                            (rising edge-triggered cell FDRE clocked by sys_clk_pin  {rise@0.000ns fall@10.000ns period=20.000ns})
  Path Group:             (none)
  Path Type:              Hold (Min at Fast Process Corner)
  Data Path Delay:        0.654ns  (logic 0.244ns (37.359%)  route 0.410ns (62.641%))
  Logic Levels:           1  (IBUF=1)
  Clock Path Skew:        2.033ns (DCD - SCD - CPR)
    Destination Clock Delay (DCD):    2.033ns
    Source Clock Delay      (SCD):    0.000ns
    Clock Pessimism Removal (CPR):    -0.000ns

    Location             Delay type                Incr(ns)  Path(ns)    Netlist Resource(s)
  -------------------------------------------------------------------    -------------------
    N17                                               0.000     0.000 r  BTNC (IN)
                         net (fo=0)                   0.000     0.000    BTNC
    N17                  IBUF (Prop_ibuf_I_O)         0.244     0.244 r  BTNC_IBUF_inst/O
                         net (fo=3, routed)           0.410     0.654    fsm_inst/BTNC_IBUF
    SLICE_X7Y84          FDRE                                         r  fsm_inst/BTNC_prev_reg/D
  -------------------------------------------------------------------    -------------------

                         (clock sys_clk_pin rise edge)
                                                      0.000     0.000 r  
    E3                                                0.000     0.000 r  clk (IN)
                         net (fo=0)                   0.000     0.000    clk
    E3                   IBUF (Prop_ibuf_I_O)         0.438     0.438 r  clk_IBUF_inst/O
                         net (fo=1, routed)           0.699     1.136    clk_IBUF
    BUFGCTRL_X0Y16       BUFG (Prop_bufg_I_O)         0.029     1.165 r  clk_IBUF_BUFG_inst/O
                         net (fo=40, routed)          0.868     2.033    fsm_inst/CLK
    SLICE_X7Y84          FDRE                                         r  fsm_inst/BTNC_prev_reg/C

Slack:                    inf
  Source:                 BTNC
                            (input port)
  Destination:            fsm_inst/FSM_sequential_current_state_reg[0]/D
                            (rising edge-triggered cell FDCE clocked by sys_clk_pin  {rise@0.000ns fall@10.000ns period=20.000ns})
  Path Group:             (none)
  Path Type:              Hold (Min at Fast Process Corner)
  Data Path Delay:        0.943ns  (logic 0.334ns (35.468%)  route 0.609ns (64.532%))
  Logic Levels:           3  (IBUF=1 LUT2=1 LUT6=1)
  Clock Path Skew:        2.033ns (DCD - SCD - CPR)
    Destination Clock Delay (DCD):    2.033ns
    Source Clock Delay      (SCD):    0.000ns
    Clock Pessimism Removal (CPR):    -0.000ns

    Location             Delay type                Incr(ns)  Path(ns)    Netlist Resource(s)
  -------------------------------------------------------------------    -------------------
    N17                                               0.000     0.000 r  BTNC (IN)
                         net (fo=0)                   0.000     0.000    BTNC
    N17                  IBUF (Prop_ibuf_I_O)         0.244     0.244 r  BTNC_IBUF_inst/O
                         net (fo=3, routed)           0.436     0.680    fsm_inst/BTNC_IBUF
    SLICE_X7Y84          LUT2 (Prop_lut2_I0_O)        0.045     0.725 r  fsm_inst/FSM_sequential_current_state[1]_i_2/O
                         net (fo=2, routed)           0.173     0.898    fsm_inst/FSM_sequential_current_state[1]_i_2_n_0
    SLICE_X6Y84          LUT6 (Prop_lut6_I4_O)        0.045     0.943 r  fsm_inst/FSM_sequential_current_state[0]_i_1/O
                         net (fo=1, routed)           0.000     0.943    fsm_inst/next_state[0]
    SLICE_X6Y84          FDCE                                         r  fsm_inst/FSM_sequential_current_state_reg[0]/D
  -------------------------------------------------------------------    -------------------

                         (clock sys_clk_pin rise edge)
                                                      0.000     0.000 r  
    E3                                                0.000     0.000 r  clk (IN)
                         net (fo=0)                   0.000     0.000    clk
    E3                   IBUF (Prop_ibuf_I_O)         0.438     0.438 r  clk_IBUF_inst/O
                         net (fo=1, routed)           0.699     1.136    clk_IBUF
    BUFGCTRL_X0Y16       BUFG (Prop_bufg_I_O)         0.029     1.165 r  clk_IBUF_BUFG_inst/O
                         net (fo=40, routed)          0.868     2.033    fsm_inst/CLK
    SLICE_X6Y84          FDCE                                         r  fsm_inst/FSM_sequential_current_state_reg[0]/C

Slack:                    inf
  Source:                 BTNC
                            (input port)
  Destination:            fsm_inst/FSM_sequential_current_state_reg[1]/D
                            (rising edge-triggered cell FDCE clocked by sys_clk_pin  {rise@0.000ns fall@10.000ns period=20.000ns})
  Path Group:             (none)
  Path Type:              Hold (Min at Fast Process Corner)
  Data Path Delay:        0.943ns  (logic 0.334ns (35.468%)  route 0.609ns (64.532%))
  Logic Levels:           3  (IBUF=1 LUT2=1 LUT6=1)
  Clock Path Skew:        2.033ns (DCD - SCD - CPR)
    Destination Clock Delay (DCD):    2.033ns
    Source Clock Delay      (SCD):    0.000ns
    Clock Pessimism Removal (CPR):    -0.000ns

    Location             Delay type                Incr(ns)  Path(ns)    Netlist Resource(s)
  -------------------------------------------------------------------    -------------------
    N17                                               0.000     0.000 r  BTNC (IN)
                         net (fo=0)                   0.000     0.000    BTNC
    N17                  IBUF (Prop_ibuf_I_O)         0.244     0.244 r  BTNC_IBUF_inst/O
                         net (fo=3, routed)           0.436     0.680    fsm_inst/BTNC_IBUF
    SLICE_X7Y84          LUT2 (Prop_lut2_I0_O)        0.045     0.725 r  fsm_inst/FSM_sequential_current_state[1]_i_2/O
                         net (fo=2, routed)           0.173     0.898    fsm_inst/FSM_sequential_current_state[1]_i_2_n_0
    SLICE_X6Y84          LUT6 (Prop_lut6_I2_O)        0.045     0.943 r  fsm_inst/FSM_sequential_current_state[1]_i_1/O
                         net (fo=1, routed)           0.000     0.943    fsm_inst/next_state[1]
    SLICE_X6Y84          FDCE                                         r  fsm_inst/FSM_sequential_current_state_reg[1]/D
  -------------------------------------------------------------------    -------------------

                         (clock sys_clk_pin rise edge)
                                                      0.000     0.000 r  
    E3                                                0.000     0.000 r  clk (IN)
                         net (fo=0)                   0.000     0.000    clk
    E3                   IBUF (Prop_ibuf_I_O)         0.438     0.438 r  clk_IBUF_inst/O
                         net (fo=1, routed)           0.699     1.136    clk_IBUF
    BUFGCTRL_X0Y16       BUFG (Prop_bufg_I_O)         0.029     1.165 r  clk_IBUF_BUFG_inst/O
                         net (fo=40, routed)          0.868     2.033    fsm_inst/CLK
    SLICE_X6Y84          FDCE                                         r  fsm_inst/FSM_sequential_current_state_reg[1]/C

Slack:                    inf
  Source:                 BTND
                            (input port)
  Destination:            coin_inst/prev_BTND_reg/D
                            (rising edge-triggered cell FDRE clocked by sys_clk_pin  {rise@0.000ns fall@10.000ns period=20.000ns})
  Path Group:             (none)
  Path Type:              Hold (Min at Fast Process Corner)
  Data Path Delay:        0.980ns  (logic 0.248ns (25.300%)  route 0.732ns (74.700%))
  Logic Levels:           1  (IBUF=1)
  Clock Path Skew:        2.000ns (DCD - SCD - CPR)
    Destination Clock Delay (DCD):    2.000ns
    Source Clock Delay      (SCD):    0.000ns
    Clock Pessimism Removal (CPR):    -0.000ns

    Location             Delay type                Incr(ns)  Path(ns)    Netlist Resource(s)
  -------------------------------------------------------------------    -------------------
    P18                                               0.000     0.000 r  BTND (IN)
                         net (fo=0)                   0.000     0.000    BTND
    P18                  IBUF (Prop_ibuf_I_O)         0.248     0.248 r  BTND_IBUF_inst/O
                         net (fo=2, routed)           0.732     0.980    coin_inst/BTND_IBUF
    SLICE_X10Y70         FDRE                                         r  coin_inst/prev_BTND_reg/D
  -------------------------------------------------------------------    -------------------

                         (clock sys_clk_pin rise edge)
                                                      0.000     0.000 r  
    E3                                                0.000     0.000 r  clk (IN)
                         net (fo=0)                   0.000     0.000    clk
    E3                   IBUF (Prop_ibuf_I_O)         0.438     0.438 r  clk_IBUF_inst/O
                         net (fo=1, routed)           0.699     1.136    clk_IBUF
    BUFGCTRL_X0Y16       BUFG (Prop_bufg_I_O)         0.029     1.165 r  clk_IBUF_BUFG_inst/O
                         net (fo=40, routed)          0.835     2.000    coin_inst/CLK
    SLICE_X10Y70         FDRE                                         r  coin_inst/prev_BTND_reg/C

Slack:                    inf
  Source:                 BTNL
                            (input port)
  Destination:            coin_inst/prev_BTNL_reg/D
                            (rising edge-triggered cell FDRE clocked by sys_clk_pin  {rise@0.000ns fall@10.000ns period=20.000ns})
  Path Group:             (none)
  Path Type:              Hold (Min at Fast Process Corner)
  Data Path Delay:        0.984ns  (logic 0.256ns (25.988%)  route 0.728ns (74.012%))
  Logic Levels:           1  (IBUF=1)
  Clock Path Skew:        1.998ns (DCD - SCD - CPR)
    Destination Clock Delay (DCD):    1.998ns
    Source Clock Delay      (SCD):    0.000ns
    Clock Pessimism Removal (CPR):    -0.000ns

    Location             Delay type                Incr(ns)  Path(ns)    Netlist Resource(s)
  -------------------------------------------------------------------    -------------------
    P17                                               0.000     0.000 r  BTNL (IN)
                         net (fo=0)                   0.000     0.000    BTNL
    P17                  IBUF (Prop_ibuf_I_O)         0.256     0.256 r  BTNL_IBUF_inst/O
                         net (fo=7, routed)           0.728     0.984    coin_inst/BTNL_IBUF
    SLICE_X11Y72         FDRE                                         r  coin_inst/prev_BTNL_reg/D
  -------------------------------------------------------------------    -------------------

                         (clock sys_clk_pin rise edge)
                                                      0.000     0.000 r  
    E3                                                0.000     0.000 r  clk (IN)
                         net (fo=0)                   0.000     0.000    clk
    E3                   IBUF (Prop_ibuf_I_O)         0.438     0.438 r  clk_IBUF_inst/O
                         net (fo=1, routed)           0.699     1.136    clk_IBUF
    BUFGCTRL_X0Y16       BUFG (Prop_bufg_I_O)         0.029     1.165 r  clk_IBUF_BUFG_inst/O
                         net (fo=40, routed)          0.833     1.998    coin_inst/CLK
    SLICE_X11Y72         FDRE                                         r  coin_inst/prev_BTNL_reg/C

Slack:                    inf
  Source:                 BTNL
                            (input port)
  Destination:            coin_inst/amount_reg[2]/D
                            (rising edge-triggered cell FDRE clocked by sys_clk_pin  {rise@0.000ns fall@10.000ns period=20.000ns})
  Path Group:             (none)
  Path Type:              Hold (Min at Fast Process Corner)
  Data Path Delay:        1.019ns  (logic 0.366ns (35.886%)  route 0.653ns (64.114%))
  Logic Levels:           3  (CARRY4=1 IBUF=1 LUT6=1)
  Clock Path Skew:        1.999ns (DCD - SCD - CPR)
    Destination Clock Delay (DCD):    1.999ns
    Source Clock Delay      (SCD):    0.000ns
    Clock Pessimism Removal (CPR):    -0.000ns

    Location             Delay type                Incr(ns)  Path(ns)    Netlist Resource(s)
  -------------------------------------------------------------------    -------------------
    P17                                               0.000     0.000 r  BTNL (IN)
                         net (fo=0)                   0.000     0.000    BTNL
    P17                  IBUF (Prop_ibuf_I_O)         0.256     0.256 r  BTNL_IBUF_inst/O
                         net (fo=7, routed)           0.653     0.909    coin_inst/BTNL_IBUF
    SLICE_X10Y71         LUT6 (Prop_lut6_I4_O)        0.045     0.954 r  coin_inst/plusOp_carry_i_2/O
                         net (fo=1, routed)           0.000     0.954    coin_inst/plusOp_carry_i_2_n_0
    SLICE_X10Y71         CARRY4 (Prop_carry4_S[2]_O[2])
                                                      0.065     1.019 r  coin_inst/plusOp_carry/O[2]
                         net (fo=1, routed)           0.000     1.019    coin_inst/amount[2]
    SLICE_X10Y71         FDRE                                         r  coin_inst/amount_reg[2]/D
  -------------------------------------------------------------------    -------------------

                         (clock sys_clk_pin rise edge)
                                                      0.000     0.000 r  
    E3                                                0.000     0.000 r  clk (IN)
                         net (fo=0)                   0.000     0.000    clk
    E3                   IBUF (Prop_ibuf_I_O)         0.438     0.438 r  clk_IBUF_inst/O
                         net (fo=1, routed)           0.699     1.136    clk_IBUF
    BUFGCTRL_X0Y16       BUFG (Prop_bufg_I_O)         0.029     1.165 r  clk_IBUF_BUFG_inst/O
                         net (fo=40, routed)          0.834     1.999    coin_inst/CLK
    SLICE_X10Y71         FDRE                                         r  coin_inst/amount_reg[2]/C

Slack:                    inf
  Source:                 BTNR
                            (input port)
  Destination:            coin_inst/prev_BTNR_reg/D
                            (rising edge-triggered cell FDRE clocked by sys_clk_pin  {rise@0.000ns fall@10.000ns period=20.000ns})
  Path Group:             (none)
  Path Type:              Hold (Min at Fast Process Corner)
  Data Path Delay:        1.036ns  (logic 0.235ns (22.728%)  route 0.800ns (77.272%))
  Logic Levels:           1  (IBUF=1)
  Clock Path Skew:        1.998ns (DCD - SCD - CPR)
    Destination Clock Delay (DCD):    1.998ns
    Source Clock Delay      (SCD):    0.000ns
    Clock Pessimism Removal (CPR):    -0.000ns

    Location             Delay type                Incr(ns)  Path(ns)    Netlist Resource(s)
  -------------------------------------------------------------------    -------------------
    M17                                               0.000     0.000 r  BTNR (IN)
                         net (fo=0)                   0.000     0.000    BTNR
    M17                  IBUF (Prop_ibuf_I_O)         0.235     0.235 r  BTNR_IBUF_inst/O
                         net (fo=6, routed)           0.800     1.036    coin_inst/BTNR_IBUF
    SLICE_X11Y72         FDRE                                         r  coin_inst/prev_BTNR_reg/D
  -------------------------------------------------------------------    -------------------

                         (clock sys_clk_pin rise edge)
                                                      0.000     0.000 r  
    E3                                                0.000     0.000 r  clk (IN)
                         net (fo=0)                   0.000     0.000    clk
    E3                   IBUF (Prop_ibuf_I_O)         0.438     0.438 r  clk_IBUF_inst/O
                         net (fo=1, routed)           0.699     1.136    clk_IBUF
    BUFGCTRL_X0Y16       BUFG (Prop_bufg_I_O)         0.029     1.165 r  clk_IBUF_BUFG_inst/O
                         net (fo=40, routed)          0.833     1.998    coin_inst/CLK
    SLICE_X11Y72         FDRE                                         r  coin_inst/prev_BTNR_reg/C

Slack:                    inf
  Source:                 BTNL
                            (input port)
  Destination:            coin_inst/amount_reg[3]/D
                            (rising edge-triggered cell FDRE clocked by sys_clk_pin  {rise@0.000ns fall@10.000ns period=20.000ns})
  Path Group:             (none)
  Path Type:              Hold (Min at Fast Process Corner)
  Data Path Delay:        1.055ns  (logic 0.402ns (38.074%)  route 0.653ns (61.926%))
  Logic Levels:           3  (CARRY4=1 IBUF=1 LUT6=1)
  Clock Path Skew:        1.999ns (DCD - SCD - CPR)
    Destination Clock Delay (DCD):    1.999ns
    Source Clock Delay      (SCD):    0.000ns
    Clock Pessimism Removal (CPR):    -0.000ns

    Location             Delay type                Incr(ns)  Path(ns)    Netlist Resource(s)
  -------------------------------------------------------------------    -------------------
    P17                                               0.000     0.000 r  BTNL (IN)
                         net (fo=0)                   0.000     0.000    BTNL
    P17                  IBUF (Prop_ibuf_I_O)         0.256     0.256 r  BTNL_IBUF_inst/O
                         net (fo=7, routed)           0.653     0.909    coin_inst/BTNL_IBUF
    SLICE_X10Y71         LUT6 (Prop_lut6_I4_O)        0.045     0.954 r  coin_inst/plusOp_carry_i_2/O
                         net (fo=1, routed)           0.000     0.954    coin_inst/plusOp_carry_i_2_n_0
    SLICE_X10Y71         CARRY4 (Prop_carry4_S[2]_O[3])
                                                      0.101     1.055 r  coin_inst/plusOp_carry/O[3]
                         net (fo=1, routed)           0.000     1.055    coin_inst/amount[3]
    SLICE_X10Y71         FDRE                                         r  coin_inst/amount_reg[3]/D
  -------------------------------------------------------------------    -------------------

                         (clock sys_clk_pin rise edge)
                                                      0.000     0.000 r  
    E3                                                0.000     0.000 r  clk (IN)
                         net (fo=0)                   0.000     0.000    clk
    E3                   IBUF (Prop_ibuf_I_O)         0.438     0.438 r  clk_IBUF_inst/O
                         net (fo=1, routed)           0.699     1.136    clk_IBUF
    BUFGCTRL_X0Y16       BUFG (Prop_bufg_I_O)         0.029     1.165 r  clk_IBUF_BUFG_inst/O
                         net (fo=40, routed)          0.834     1.999    coin_inst/CLK
    SLICE_X10Y71         FDRE                                         r  coin_inst/amount_reg[3]/C

Slack:                    inf
  Source:                 reset
                            (input port)
  Destination:            coin_inst/amount_reg[1]/R
                            (rising edge-triggered cell FDRE clocked by sys_clk_pin  {rise@0.000ns fall@10.000ns period=20.000ns})
  Path Group:             (none)
  Path Type:              Hold (Min at Fast Process Corner)
  Data Path Delay:        1.071ns  (logic 0.292ns (27.229%)  route 0.779ns (72.771%))
  Logic Levels:           1  (IBUF=1)
  Clock Path Skew:        1.999ns (DCD - SCD - CPR)
    Destination Clock Delay (DCD):    1.999ns
    Source Clock Delay      (SCD):    0.000ns
    Clock Pessimism Removal (CPR):    -0.000ns

    Location             Delay type                Incr(ns)  Path(ns)    Netlist Resource(s)
  -------------------------------------------------------------------    -------------------
    V10                                               0.000     0.000 r  reset (IN)
                         net (fo=0)                   0.000     0.000    reset
    V10                  IBUF (Prop_ibuf_I_O)         0.292     0.292 r  reset_IBUF_inst/O
                         net (fo=18, routed)          0.779     1.071    coin_inst/AR[0]
    SLICE_X10Y71         FDRE                                         r  coin_inst/amount_reg[1]/R
  -------------------------------------------------------------------    -------------------

                         (clock sys_clk_pin rise edge)
                                                      0.000     0.000 r  
    E3                                                0.000     0.000 r  clk (IN)
                         net (fo=0)                   0.000     0.000    clk
    E3                   IBUF (Prop_ibuf_I_O)         0.438     0.438 r  clk_IBUF_inst/O
                         net (fo=1, routed)           0.699     1.136    clk_IBUF
    BUFGCTRL_X0Y16       BUFG (Prop_bufg_I_O)         0.029     1.165 r  clk_IBUF_BUFG_inst/O
                         net (fo=40, routed)          0.834     1.999    coin_inst/CLK
    SLICE_X10Y71         FDRE                                         r  coin_inst/amount_reg[1]/C

Slack:                    inf
  Source:                 reset
                            (input port)
  Destination:            coin_inst/amount_reg[2]/R
                            (rising edge-triggered cell FDRE clocked by sys_clk_pin  {rise@0.000ns fall@10.000ns period=20.000ns})
  Path Group:             (none)
  Path Type:              Hold (Min at Fast Process Corner)
  Data Path Delay:        1.071ns  (logic 0.292ns (27.229%)  route 0.779ns (72.771%))
  Logic Levels:           1  (IBUF=1)
  Clock Path Skew:        1.999ns (DCD - SCD - CPR)
    Destination Clock Delay (DCD):    1.999ns
    Source Clock Delay      (SCD):    0.000ns
    Clock Pessimism Removal (CPR):    -0.000ns

    Location             Delay type                Incr(ns)  Path(ns)    Netlist Resource(s)
  -------------------------------------------------------------------    -------------------
    V10                                               0.000     0.000 r  reset (IN)
                         net (fo=0)                   0.000     0.000    reset
    V10                  IBUF (Prop_ibuf_I_O)         0.292     0.292 r  reset_IBUF_inst/O
                         net (fo=18, routed)          0.779     1.071    coin_inst/AR[0]
    SLICE_X10Y71         FDRE                                         r  coin_inst/amount_reg[2]/R
  -------------------------------------------------------------------    -------------------

                         (clock sys_clk_pin rise edge)
                                                      0.000     0.000 r  
    E3                                                0.000     0.000 r  clk (IN)
                         net (fo=0)                   0.000     0.000    clk
    E3                   IBUF (Prop_ibuf_I_O)         0.438     0.438 r  clk_IBUF_inst/O
                         net (fo=1, routed)           0.699     1.136    clk_IBUF
    BUFGCTRL_X0Y16       BUFG (Prop_bufg_I_O)         0.029     1.165 r  clk_IBUF_BUFG_inst/O
                         net (fo=40, routed)          0.834     1.999    coin_inst/CLK
    SLICE_X10Y71         FDRE                                         r  coin_inst/amount_reg[2]/C





